customer_id,arm,p_churn,risk_vs_base,cltv,monthly_charges,tenure_months,offer_id,offer_name,cost,delta_prior,ev,min_ev_floor,lever_summary,levers,considered,vetoed,status,catalog_version,actual_churn
4190-MFLUW,treatment,0.3121,above,5925.0,55.2,10,OFF-CONTRACT-2Y,2-year contract at 15% off,99.36,0.18,233.49,20.0,No online security add-on; Rolling month-to-month contract; Under 12 months tenure,NO_ONLINE_SECURITY|MONTH_TO_MONTH|NEW_CUSTOMER,OFF-CONTRACT-2Y:233|OFF-CONTRACT-1Y:156|OFF-SEC-12:32,,recommended,3,1
6047-YHPVI,treatment,0.4054,above,2454.0,69.7,5,OFF-CONTRACT-1Y,1-year contract at 10% off,83.64,0.12,35.74,20.0,No tech support add-on; No online security add-on; No device protection; Rolling month-to-month contract; Manual payment method; Under 12 months tenure; Premium fiber plan,NO_TECH_SUPPORT|NO_ONLINE_SECURITY|NO_DEVICE_PROTECTION|MONTH_TO_MONTH|MANUAL_PAYMENT|NEW_CUSTOMER|FIBER_PREMIUM,OFF-CONTRACT-1Y:36|OFF-TECHSUP-12:19|OFF-BUNDLE-ALL:19|OFF-SEC-12:-10|OFF-AUTOPAY:-20,,recommended,3,1
5380-WJKOV,treatment,0.169,below,2941.0,106.35,34,,,0.0,0.0,0.0,20.0,No tech support add-on; No online security add-on; Rolling month-to-month contract; Manual payment method; Premium fiber plan,NO_TECH_SUPPORT|NO_ONLINE_SECURITY|MONTH_TO_MONTH|MANUAL_PAYMENT|FIBER_PREMIUM,OFF-TECHSUP-12:-21|OFF-SEC-12:-35|OFF-AUTOPAY:-40|OFF-BUNDLE-ALL:-51|OFF-CONTRACT-1Y:-68|OFF-CONTRACT-2Y:-102,OFF-TECHSUP-12:R3_POSITIVE_EV|OFF-SEC-12:R3_POSITIVE_EV|OFF-AUTOPAY:R3_POSITIVE_EV|OFF-BUNDLE-ALL:R3_POSITIVE_EV|OFF-CONTRACT-1Y:R3_POSITIVE_EV|OFF-CONTRACT-2Y:R3_POSITIVE_EV,no_action_needed,3,1
9420-LOJKX,treatment,0.4274,above,2966.0,99.1,15,OFF-CONTRACT-2Y,2-year contract at 15% off,178.38,0.18,49.8,20.0,No tech support add-on; No device protection; Rolling month-to-month contract; Premium fiber plan,NO_TECH_SUPPORT|NO_DEVICE_PROTECTION|MONTH_TO_MONTH|FIBER_PREMIUM,OFF-CONTRACT-2Y:50|OFF-TECHSUP-12:41|OFF-CONTRACT-1Y:33,,recommended,3,1
7495-OOKFY,treatment,0.2802,above,5302.0,80.65,8,OFF-CONTRACT-2Y,2-year contract at 15% off,145.17,0.18,122.24,20.0,"No tech support add-on; No online security add-on; No device protection; Rolling month-to-month contract; High bill, few add-ons; Under 12 months tenure; Premium fiber plan",NO_TECH_SUPPORT|NO_ONLINE_SECURITY|NO_DEVICE_PROTECTION|MONTH_TO_MONTH|HIGH_CHARGE_LOW_BUNDLE|NEW_CUSTOMER|FIBER_PREMIUM,OFF-CONTRACT-2Y:122|OFF-BUNDLE-ALL:87|OFF-CONTRACT-1Y:81|OFF-TECHSUP-12:58|OFF-SEC-12:14,,recommended,3,1
5698-BQJOH,treatment,0.4753,above,5571.0,94.4,9,OFF-CONTRACT-2Y,2-year contract at 15% off,169.92,0.18,306.7,20.0,"No tech support add-on; No online security add-on; No device protection; Rolling month-to-month contract; Manual payment method; High bill, few add-ons; Under 12 months tenure; Premium fiber plan",NO_TECH_SUPPORT|NO_ONLINE_SECURITY|NO_DEVICE_PROTECTION|MONTH_TO_MONTH|MANUAL_PAYMENT|HIGH_CHARGE_LOW_BUNDLE|NEW_CUSTOMER|FIBER_PREMIUM,OFF-CONTRACT-2Y:307|OFF-BUNDLE-ALL:250|OFF-CONTRACT-1Y:204|OFF-TECHSUP-12:151|OFF-SEC-12:72|OFF-AUTOPAY:46,,recommended,3,1
0486-HECZI,treatment,0.0579,below,5154.0,96.75,55,,,0.0,0.0,0.0,20.0,No tech support add-on; No device protection; Rolling month-to-month contract; Manual payment method; Premium fiber plan,NO_TECH_SUPPORT|NO_DEVICE_PROTECTION|MONTH_TO_MONTH|MANUAL_PAYMENT|FIBER_PREMIUM,OFF-TECHSUP-12:-36|OFF-AUTOPAY:-48|OFF-CONTRACT-1Y:-80|OFF-CONTRACT-2Y:-120,OFF-TECHSUP-12:R3_POSITIVE_EV|OFF-AUTOPAY:R3_POSITIVE_EV|OFF-CONTRACT-1Y:R3_POSITIVE_EV|OFF-CONTRACT-2Y:R3_POSITIVE_EV,no_action_needed,3,1
4846-WHAFZ,treatment,0.0872,below,2793.0,76.5,37,,,0.0,0.0,0.0,20.0,No tech support add-on; No online security add-on; No device protection; Rolling month-to-month contract; Manual payment method; Premium fiber plan,NO_TECH_SUPPORT|NO_ONLINE_SECURITY|NO_DEVICE_PROTECTION|MONTH_TO_MONTH|MANUAL_PAYMENT|FIBER_PREMIUM,OFF-TECHSUP-12:-41|OFF-SEC-12:-48|OFF-AUTOPAY:-50|OFF-CONTRACT-1Y:-63|OFF-BUNDLE-ALL:-86|OFF-CONTRACT-2Y:-94,OFF-TECHSUP-12:R3_POSITIVE_EV|OFF-SEC-12:R3_POSITIVE_EV|OFF-AUTOPAY:R3_POSITIVE_EV|OFF-CONTRACT-1Y:R3_POSITIVE_EV|OFF-BUNDLE-ALL:R3_POSITIVE_EV|OFF-CONTRACT-2Y:R3_POSITIVE_EV,no_action_needed,3,1
4412-YLTKF,treatment,0.1704,below,4638.0,78.05,27,,,0.0,0.0,0.0,20.0,No tech support add-on; No online security add-on; Rolling month-to-month contract; Manual payment method; Premium fiber plan,NO_TECH_SUPPORT|NO_ONLINE_SECURITY|MONTH_TO_MONTH|MANUAL_PAYMENT|FIBER_PREMIUM,OFF-TECHSUP-12:3|OFF-CONTRACT-2Y:2|OFF-CONTRACT-1Y:1|OFF-BUNDLE-ALL:-10|OFF-SEC-12:-21|OFF-AUTOPAY:-28,OFF-TECHSUP-12:R3_POSITIVE_EV|OFF-CONTRACT-2Y:R3_POSITIVE_EV|OFF-CONTRACT-1Y:R3_POSITIVE_EV|OFF-BUNDLE-ALL:R3_POSITIVE_EV|OFF-SEC-12:R3_POSITIVE_EV|OFF-AUTOPAY:R3_POSITIVE_EV,no_action_needed,3,1
0390-DCFDQ,treatment,0.5106,above,3964.0,70.45,1,OFF-BUNDLE-ALL,"Tech Support + Online Security bundle, 12 months",120.51,0.14,162.85,20.0,No tech support add-on; No online security add-on; No device protection; Rolling month-to-month contract; Manual payment method; Under 12 months tenure; Premium fiber plan,NO_TECH_SUPPORT|NO_ONLINE_SECURITY|NO_DEVICE_PROTECTION|MONTH_TO_MONTH|MANUAL_PAYMENT|NEW_CUSTOMER|FIBER_PREMIUM,OFF-BUNDLE-ALL:163|OFF-CONTRACT-1Y:158|OFF-TECHSUP-12:102|OFF-SEC-12:41|OFF-AUTOPAY:21,,recommended,3,1
2070-FNEXE,treatment,0.2304,below,4419.0,76.45,7,OFF-CONTRACT-2Y,2-year contract at 15% off,137.61,0.18,45.65,20.0,No tech support add-on; No device protection; Rolling month-to-month contract; Under 12 months tenure; Premium fiber plan,NO_TECH_SUPPORT|NO_DEVICE_PROTECTION|MONTH_TO_MONTH|NEW_CUSTOMER|FIBER_PREMIUM,OFF-CONTRACT-2Y:46|OFF-CONTRACT-1Y:30|OFF-TECHSUP-12:21,,recommended,3,1
6317-YPKDH,treatment,0.3775,above,4534.0,29.95,1,OFF-CONTRACT-1Y,1-year contract at 10% off,35.94,0.12,169.45,20.0,No tech support add-on; No online security add-on; No device protection; Rolling month-to-month contract; Under 12 months tenure,NO_TECH_SUPPORT|NO_ONLINE_SECURITY|NO_DEVICE_PROTECTION|MONTH_TO_MONTH|NEW_CUSTOMER,OFF-CONTRACT-1Y:169|OFF-BUNDLE-ALL:119|OFF-TECHSUP-12:77|OFF-SEC-12:25,,recommended,3,1
1024-GUALD,treatment,0.6834,above,4851.0,24.8,1,OFF-CONTRACT-1Y,1-year contract at 10% off,29.76,0.12,368.06,20.0,No tech support add-on; No online security add-on; No device protection; Rolling month-to-month contract; Manual payment method; Under 12 months tenure,NO_TECH_SUPPORT|NO_ONLINE_SECURITY|NO_DEVICE_PROTECTION|MONTH_TO_MONTH|MANUAL_PAYMENT|NEW_CUSTOMER,OFF-CONTRACT-1Y:368|OFF-BUNDLE-ALL:344|OFF-TECHSUP-12:205|OFF-SEC-12:106|OFF-AUTOPAY:73,,recommended,3,1
0742-MOABM,control,0.3242,above,3394.0,50.05,4,OFF-CONTRACT-1Y,1-year contract at 10% off,60.06,0.12,71.98,20.0,No online security add-on; No device protection; Rolling month-to-month contract; Manual payment method; Under 12 months tenure,NO_ONLINE_SECURITY|NO_DEVICE_PROTECTION|MONTH_TO_MONTH|MANUAL_PAYMENT|NEW_CUSTOMER,OFF-CONTRACT-1Y:72|OFF-SEC-12:-5|OFF-AUTOPAY:-16,,recommended,3,1
7273-TEFQD,treatment,0.744,above,2314.0,41.15,3,OFF-CONTRACT-1Y,1-year contract at 10% off,49.38,0.12,157.21,20.0,No tech support add-on; No online security add-on; Rolling month-to-month contract; Manual payment method; Under 12 months tenure,NO_TECH_SUPPORT|NO_ONLINE_SECURITY|MONTH_TO_MONTH|MANUAL_PAYMENT|NEW_CUSTOMER,OFF-CONTRACT-1Y:157|OFF-BUNDLE-ALL:121|OFF-TECHSUP-12:77|OFF-SEC-12:26|OFF-AUTOPAY:9,,recommended,3,1
9512-UIBFX,treatment,0.3932,above,4643.0,95.15,18,OFF-CONTRACT-2Y,2-year contract at 15% off,171.27,0.18,157.34,20.0,No tech support add-on; No online security add-on; Rolling month-to-month contract; Manual payment method; Premium fiber plan,NO_TECH_SUPPORT|NO_ONLINE_SECURITY|MONTH_TO_MONTH|MANUAL_PAYMENT|FIBER_PREMIUM,OFF-CONTRACT-2Y:157|OFF-BUNDLE-ALL:135|OFF-CONTRACT-1Y:105|OFF-TECHSUP-12:86|OFF-SEC-12:31|OFF-AUTOPAY:13,,recommended,3,1
7534-BFESC,treatment,0.4345,above,2018.0,76.1,24,OFF-CONTRACT-2Y,2-year contract at 15% off,136.98,0.18,20.85,20.0,No tech support add-on; No online security add-on; No device protection; Rolling month-to-month contract; Manual payment method; Premium fiber plan,NO_TECH_SUPPORT|NO_ONLINE_SECURITY|NO_DEVICE_PROTECTION|MONTH_TO_MONTH|MANUAL_PAYMENT|FIBER_PREMIUM,OFF-CONTRACT-2Y:21|OFF-CONTRACT-1Y:14|OFF-TECHSUP-12:10|OFF-BUNDLE-ALL:2|OFF-SEC-12:-16|OFF-AUTOPAY:-25,,recommended,3,1
2034-GDRCN,control,0.7655,above,4157.0,90.4,2,OFF-BUNDLE-ALL,"Tech Support + Online Security bundle, 12 months",120.51,0.14,325.0,20.0,"No tech support add-on; No online security add-on; No device protection; Rolling month-to-month contract; Manual payment method; High bill, few add-ons; Under 12 months tenure; Premium fiber plan",NO_TECH_SUPPORT|NO_ONLINE_SECURITY|NO_DEVICE_PROTECTION|MONTH_TO_MONTH|MANUAL_PAYMENT|HIGH_CHARGE_LOW_BUNDLE|NEW_CUSTOMER|FIBER_PREMIUM,OFF-BUNDLE-ALL:325|OFF-CONTRACT-1Y:273|OFF-TECHSUP-12:194|OFF-SEC-12:99|OFF-AUTOPAY:67,,recommended,3,1
5167-ZFFMM,treatment,0.8862,above,3424.0,90.85,1,OFF-BUNDLE-ALL,"Tech Support + Online Security bundle, 12 months",120.51,0.14,304.3,20.0,"No tech support add-on; No online security add-on; No device protection; Rolling month-to-month contract; High bill, few add-ons; Under 12 months tenure; Premium fiber plan",NO_TECH_SUPPORT|NO_ONLINE_SECURITY|NO_DEVICE_PROTECTION|MONTH_TO_MONTH|HIGH_CHARGE_LOW_BUNDLE|NEW_CUSTOMER|FIBER_PREMIUM,OFF-BUNDLE-ALL:304|OFF-CONTRACT-1Y:255|OFF-TECHSUP-12:182|OFF-SEC-12:92,,recommended,3,1
0979-PHULV,treatment,0.4953,above,4020.0,99.45,69,OFF-CONTRACT-2Y,2-year contract at 15% off,179.01,0.18,179.39,20.0,No tech support add-on; No online security add-on; Rolling month-to-month contract; Premium fiber plan,NO_TECH_SUPPORT|NO_ONLINE_SECURITY|MONTH_TO_MONTH|FIBER_PREMIUM,OFF-CONTRACT-2Y:179|OFF-BUNDLE-ALL:158|OFF-CONTRACT-1Y:120|OFF-TECHSUP-12:99|OFF-SEC-12:39,,recommended,3,1
0256-LTHVJ,treatment,0.443,above,5201.0,81.05,28,OFF-CONTRACT-2Y,2-year contract at 15% off,145.89,0.18,268.84,20.0,"No tech support add-on; No online security add-on; No device protection; Rolling month-to-month contract; Manual payment method; High bill, few add-ons; Premium fiber plan",NO_TECH_SUPPORT|NO_ONLINE_SECURITY|NO_DEVICE_PROTECTION|MONTH_TO_MONTH|MANUAL_PAYMENT|HIGH_CHARGE_LOW_BUNDLE|FIBER_PREMIUM,OFF-CONTRACT-2Y:269|OFF-BUNDLE-ALL:202|OFF-CONTRACT-1Y:179|OFF-TECHSUP-12:124|OFF-SEC-12:55|OFF-AUTOPAY:32,,recommended,3,1
4640-UHDOS,treatment,0.3959,above,4498.0,55.95,13,OFF-CONTRACT-2Y,2-year contract at 15% off,100.71,0.18,219.83,20.0,No tech support add-on; No online security add-on; No device protection; Rolling month-to-month contract; Manual payment method,NO_TECH_SUPPORT|NO_ONLINE_SECURITY|NO_DEVICE_PROTECTION|MONTH_TO_MONTH|MANUAL_PAYMENT,OFF-CONTRACT-2Y:220|OFF-CONTRACT-1Y:147|OFF-BUNDLE-ALL:129|OFF-TECHSUP-12:82|OFF-SEC-12:29|OFF-AUTOPAY:11,,recommended,3,1
6227-HWPWX,control,0.3638,above,5671.0,69.0,15,OFF-CONTRACT-2Y,2-year contract at 15% off,124.2,0.18,247.16,20.0,No tech support add-on; No online security add-on; No device protection; Rolling month-to-month contract; Premium fiber plan,NO_TECH_SUPPORT|NO_ONLINE_SECURITY|NO_DEVICE_PROTECTION|MONTH_TO_MONTH|FIBER_PREMIUM,OFF-CONTRACT-2Y:247|OFF-BUNDLE-ALL:168|OFF-CONTRACT-1Y:165|OFF-TECHSUP-12:105|OFF-SEC-12:43,,recommended,3,1
0447-BEMNG,treatment,0.2028,below,4926.0,45.3,48,OFF-CONTRACT-2Y,2-year contract at 15% off,81.54,0.18,98.28,20.0,No tech support add-on; Rolling month-to-month contract,NO_TECH_SUPPORT|MONTH_TO_MONTH,OFF-CONTRACT-2Y:98|OFF-CONTRACT-1Y:66|OFF-TECHSUP-12:20,,recommended,3,1
0388-EOPEX,treatment,0.5608,above,4263.0,74.4,2,OFF-CONTRACT-1Y,1-year contract at 10% off,89.28,0.12,197.6,20.0,No tech support add-on; No device protection; Rolling month-to-month contract; Manual payment method; Under 12 months tenure; Premium fiber plan,NO_TECH_SUPPORT|NO_DEVICE_PROTECTION|MONTH_TO_MONTH|MANUAL_PAYMENT|NEW_CUSTOMER|FIBER_PREMIUM,OFF-CONTRACT-1Y:198|OFF-TECHSUP-12:131|OFF-AUTOPAY:36,,recommended,3,1
7218-HKQFK,control,0.635,above,3715.0,94.2,2,OFF-CONTRACT-1Y,1-year contract at 10% off,113.04,0.12,170.04,20.0,No online security add-on; No device protection; Rolling month-to-month contract; Manual payment method; Under 12 months tenure; Premium fiber plan,NO_ONLINE_SECURITY|NO_DEVICE_PROTECTION|MONTH_TO_MONTH|MANUAL_PAYMENT|NEW_CUSTOMER|FIBER_PREMIUM,OFF-CONTRACT-1Y:170|OFF-SEC-12:58|OFF-AUTOPAY:34,,recommended,3,1
6825-UYPFK,treatment,0.22,below,2115.0,75.6,23,,,0.0,0.0,0.0,20.0,No tech support add-on; No online security add-on; No device protection; Rolling month-to-month contract; Premium fiber plan,NO_TECH_SUPPORT|NO_ONLINE_SECURITY|NO_DEVICE_PROTECTION|MONTH_TO_MONTH|FIBER_PREMIUM,OFF-TECHSUP-12:-23|OFF-CONTRACT-1Y:-35|OFF-SEC-12:-37|OFF-CONTRACT-2Y:-52|OFF-BUNDLE-ALL:-55,OFF-TECHSUP-12:R3_POSITIVE_EV|OFF-CONTRACT-1Y:R3_POSITIVE_EV|OFF-SEC-12:R3_POSITIVE_EV|OFF-CONTRACT-2Y:R3_POSITIVE_EV|OFF-BUNDLE-ALL:R3_POSITIVE_EV,no_action_needed,3,1
8397-MVTAZ,treatment,0.6409,above,2568.0,100.05,34,OFF-CONTRACT-2Y,2-year contract at 15% off,180.09,0.18,116.16,20.0,No tech support add-on; No online security add-on; Rolling month-to-month contract; Manual payment method; Premium fiber plan,NO_TECH_SUPPORT|NO_ONLINE_SECURITY|MONTH_TO_MONTH|MANUAL_PAYMENT|FIBER_PREMIUM,OFF-CONTRACT-2Y:116|OFF-BUNDLE-ALL:110|OFF-CONTRACT-1Y:77|OFF-TECHSUP-12:71|OFF-SEC-12:22|OFF-AUTOPAY:6,,recommended,3,1
5301-GAUUY,treatment,0.3674,above,5974.0,80.35,32,OFF-CONTRACT-2Y,2-year contract at 15% off,144.63,0.18,250.44,20.0,"No tech support add-on; No online security add-on; No device protection; Rolling month-to-month contract; High bill, few add-ons; Premium fiber plan",NO_TECH_SUPPORT|NO_ONLINE_SECURITY|NO_DEVICE_PROTECTION|MONTH_TO_MONTH|HIGH_CHARGE_LOW_BUNDLE|FIBER_PREMIUM,OFF-CONTRACT-2Y:250|OFF-BUNDLE-ALL:187|OFF-CONTRACT-1Y:167|OFF-TECHSUP-12:115|OFF-SEC-12:50,,recommended,3,1
1218-VKFPE,treatment,0.0579,below,3535.0,19.0,12,,,0.0,0.0,0.0,20.0,Rolling month-to-month contract; Manual payment method; Phone-only account,MONTH_TO_MONTH|MANUAL_PAYMENT|NO_INTERNET,OFF-CONTRACT-2Y:3|OFF-CONTRACT-1Y:2|OFF-AUTOPAY:-52,OFF-CONTRACT-2Y:R3_POSITIVE_EV|OFF-CONTRACT-1Y:R3_POSITIVE_EV|OFF-AUTOPAY:R2_MARGIN_FLOOR,no_action_needed,3,1
3627-FHKBK,treatment,0.5014,above,3244.0,75.3,1,OFF-CONTRACT-1Y,1-year contract at 10% off,90.36,0.12,104.82,20.0,No tech support add-on; No device protection; Rolling month-to-month contract; Manual payment method; Under 12 months tenure; Premium fiber plan,NO_TECH_SUPPORT|NO_DEVICE_PROTECTION|MONTH_TO_MONTH|MANUAL_PAYMENT|NEW_CUSTOMER|FIBER_PREMIUM,OFF-CONTRACT-1Y:105|OFF-TECHSUP-12:70|OFF-AUTOPAY:5,,recommended,3,1
2865-TCHJW,treatment,0.8434,above,5808.0,89.2,4,OFF-BUNDLE-ALL,"Tech Support + Online Security bundle, 12 months",120.51,0.14,565.28,20.0,"No tech support add-on; No online security add-on; Rolling month-to-month contract; Manual payment method; High bill, few add-ons; Under 12 months tenure; Premium fiber plan",NO_TECH_SUPPORT|NO_ONLINE_SECURITY|MONTH_TO_MONTH|MANUAL_PAYMENT|HIGH_CHARGE_LOW_BUNDLE|NEW_CUSTOMER|FIBER_PREMIUM,OFF-BUNDLE-ALL:565|OFF-CONTRACT-1Y:481|OFF-TECHSUP-12:332|OFF-SEC-12:185|OFF-AUTOPAY:136,,recommended,3,1
0719-SYFRB,treatment,0.1955,below,5670.0,61.65,12,OFF-CONTRACT-2Y,2-year contract at 15% off,110.97,0.18,88.56,20.0,Rolling month-to-month contract; Manual payment method,MONTH_TO_MONTH|MANUAL_PAYMENT,OFF-CONTRACT-2Y:89|OFF-CONTRACT-1Y:59|OFF-AUTOPAY:-16,,recommended,3,1
6543-CPZMK,treatment,0.5059,above,2573.0,29.95,9,OFF-CONTRACT-2Y,2-year contract at 15% off,53.91,0.18,180.39,20.0,No tech support add-on; No online security add-on; No device protection; Rolling month-to-month contract; Manual payment method; Under 12 months tenure,NO_TECH_SUPPORT|NO_ONLINE_SECURITY|NO_DEVICE_PROTECTION|MONTH_TO_MONTH|MANUAL_PAYMENT|NEW_CUSTOMER,OFF-CONTRACT-2Y:180|OFF-CONTRACT-1Y:120|OFF-BUNDLE-ALL:62|OFF-TECHSUP-12:44|OFF-SEC-12:5|OFF-AUTOPAY:-8,,recommended,3,1
0970-ETWGE,treatment,0.9068,above,4996.0,89.55,1,OFF-BUNDLE-ALL,"Tech Support + Online Security bundle, 12 months",120.51,0.14,513.74,20.0,"No tech support add-on; No online security add-on; No device protection; Rolling month-to-month contract; Manual payment method; High bill, few add-ons; Under 12 months tenure; Premium fiber plan",NO_TECH_SUPPORT|NO_ONLINE_SECURITY|NO_DEVICE_PROTECTION|MONTH_TO_MONTH|MANUAL_PAYMENT|HIGH_CHARGE_LOW_BUNDLE|NEW_CUSTOMER|FIBER_PREMIUM,OFF-BUNDLE-ALL:514|OFF-CONTRACT-1Y:436|OFF-TECHSUP-12:302|OFF-SEC-12:166|OFF-AUTOPAY:121,,recommended,3,1
9576-ANLXO,treatment,0.5435,above,2876.0,69.55,3,OFF-CONTRACT-1Y,1-year contract at 10% off,83.46,0.12,104.11,20.0,No tech support add-on; No online security add-on; No device protection; Rolling month-to-month contract; Under 12 months tenure; Premium fiber plan,NO_TECH_SUPPORT|NO_ONLINE_SECURITY|NO_DEVICE_PROTECTION|MONTH_TO_MONTH|NEW_CUSTOMER|FIBER_PREMIUM,OFF-CONTRACT-1Y:104|OFF-BUNDLE-ALL:98|OFF-TECHSUP-12:65|OFF-SEC-12:18,,recommended,3,1
4160-AMJTL,treatment,0.1724,below,5432.0,19.65,8,OFF-CONTRACT-2Y,2-year contract at 15% off,35.37,0.18,133.2,20.0,Rolling month-to-month contract; Manual payment method; Under 12 months tenure; Phone-only account,MONTH_TO_MONTH|MANUAL_PAYMENT|NEW_CUSTOMER|NO_INTERNET,OFF-CONTRACT-2Y:133|OFF-CONTRACT-1Y:89|OFF-AUTOPAY:-23,,recommended,3,1
4464-JCOLN,treatment,0.0594,below,2362.0,19.85,2,,,0.0,0.0,0.0,20.0,Manual payment method; Under 12 months tenure; Phone-only account,MANUAL_PAYMENT|NEW_CUSTOMER|NO_INTERNET,OFF-AUTOPAY:-54,OFF-AUTOPAY:R2_MARGIN_FLOOR,no_action_needed,3,1
0823-HSCDJ,treatment,0.3755,above,5597.0,49.15,52,OFF-CONTRACT-2Y,2-year contract at 15% off,88.47,0.18,289.83,20.0,No tech support add-on; No online security add-on; No device protection; Rolling month-to-month contract; Manual payment method,NO_TECH_SUPPORT|NO_ONLINE_SECURITY|NO_DEVICE_PROTECTION|MONTH_TO_MONTH|MANUAL_PAYMENT,OFF-CONTRACT-2Y:290|OFF-CONTRACT-1Y:193|OFF-BUNDLE-ALL:174|OFF-TECHSUP-12:108|OFF-SEC-12:45|OFF-AUTOPAY:24,,recommended,3,1
1448-PWKYE,treatment,0.8862,above,2046.0,80.0,1,OFF-BUNDLE-ALL,"Tech Support + Online Security bundle, 12 months",120.51,0.14,133.33,20.0,No tech support add-on; No online security add-on; No device protection; Rolling month-to-month contract; Manual payment method; Under 12 months tenure; Premium fiber plan,NO_TECH_SUPPORT|NO_ONLINE_SECURITY|NO_DEVICE_PROTECTION|MONTH_TO_MONTH|MANUAL_PAYMENT|NEW_CUSTOMER|FIBER_PREMIUM,OFF-BUNDLE-ALL:133|OFF-CONTRACT-1Y:122|OFF-TECHSUP-12:85|OFF-SEC-12:30|OFF-AUTOPAY:13,,recommended,3,1
1894-IGFSG,treatment,0.4213,above,3161.0,89.25,22,OFF-CONTRACT-2Y,2-year contract at 15% off,160.65,0.18,79.06,20.0,"No tech support add-on; No online security add-on; No device protection; Rolling month-to-month contract; Manual payment method; High bill, few add-ons; Premium fiber plan",NO_TECH_SUPPORT|NO_ONLINE_SECURITY|NO_DEVICE_PROTECTION|MONTH_TO_MONTH|MANUAL_PAYMENT|HIGH_CHARGE_LOW_BUNDLE|FIBER_PREMIUM,OFF-CONTRACT-2Y:79|OFF-BUNDLE-ALL:66|OFF-CONTRACT-1Y:53|OFF-TECHSUP-12:46|OFF-SEC-12:6|OFF-AUTOPAY:-7,,recommended,3,1
0322-CHQRU,treatment,0.5026,above,3478.0,45.35,2,OFF-CONTRACT-1Y,1-year contract at 10% off,54.42,0.12,155.35,20.0,No tech support add-on; No online security add-on; No device protection; Rolling month-to-month contract; Manual payment method; Under 12 months tenure,NO_TECH_SUPPORT|NO_ONLINE_SECURITY|NO_DEVICE_PROTECTION|MONTH_TO_MONTH|MANUAL_PAYMENT|NEW_CUSTOMER,OFF-CONTRACT-1Y:155|OFF-BUNDLE-ALL:124|OFF-TECHSUP-12:79|OFF-SEC-12:27|OFF-AUTOPAY:10,,recommended,3,1
4678-DVQEO,treatment,0.5071,above,4138.0,52.2,1,OFF-CONTRACT-1Y,1-year contract at 10% off,62.64,0.12,189.17,20.0,No online security add-on; No device protection; Rolling month-to-month contract; Manual payment method; Under 12 months tenure,NO_ONLINE_SECURITY|NO_DEVICE_PROTECTION|MONTH_TO_MONTH|MANUAL_PAYMENT|NEW_CUSTOMER,OFF-CONTRACT-1Y:189|OFF-SEC-12:45|OFF-AUTOPAY:24,,recommended,3,1
1820-TQVEV,treatment,0.8864,above,3042.0,69.55,1,OFF-BUNDLE-ALL,"Tech Support + Online Security bundle, 12 months",120.51,0.14,256.99,20.0,No tech support add-on; No online security add-on; No device protection; Rolling month-to-month contract; Manual payment method; Under 12 months tenure; Premium fiber plan,NO_TECH_SUPPORT|NO_ONLINE_SECURITY|NO_DEVICE_PROTECTION|MONTH_TO_MONTH|MANUAL_PAYMENT|NEW_CUSTOMER|FIBER_PREMIUM,OFF-BUNDLE-ALL:257|OFF-CONTRACT-1Y:240|OFF-TECHSUP-12:155|OFF-SEC-12:75|OFF-AUTOPAY:48,,recommended,3,1
3313-QKNKB,treatment,0.2794,above,6304.0,85.55,59,OFF-BUNDLE-ALL,"Tech Support + Online Security bundle, 12 months",120.51,0.14,126.08,20.0,"No tech support add-on; No online security add-on; No device protection; Manual payment method; High bill, few add-ons; Premium fiber plan",NO_TECH_SUPPORT|NO_ONLINE_SECURITY|NO_DEVICE_PROTECTION|MANUAL_PAYMENT|HIGH_CHARGE_LOW_BUNDLE|FIBER_PREMIUM,OFF-BUNDLE-ALL:126|OFF-TECHSUP-12:81|OFF-SEC-12:28|OFF-AUTOPAY:10,,recommended,3,1
9851-KIELU,treatment,0.547,above,5803.0,110.1,10,OFF-CONTRACT-2Y,2-year contract at 15% off,198.18,0.18,373.18,20.0,Rolling month-to-month contract; Manual payment method; Under 12 months tenure; Premium fiber plan,MONTH_TO_MONTH|MANUAL_PAYMENT|NEW_CUSTOMER|FIBER_PREMIUM,OFF-CONTRACT-2Y:373|OFF-CONTRACT-1Y:249|OFF-AUTOPAY:67,,recommended,3,1
3908-BLSYF,treatment,0.582,above,3962.0,83.9,6,OFF-CONTRACT-2Y,2-year contract at 15% off,151.02,0.18,264.04,20.0,"No tech support add-on; No online security add-on; Rolling month-to-month contract; Manual payment method; High bill, few add-ons; Under 12 months tenure; Premium fiber plan",NO_TECH_SUPPORT|NO_ONLINE_SECURITY|MONTH_TO_MONTH|MANUAL_PAYMENT|HIGH_CHARGE_LOW_BUNDLE|NEW_CUSTOMER|FIBER_PREMIUM,OFF-CONTRACT-2Y:264|OFF-BUNDLE-ALL:202|OFF-CONTRACT-1Y:176|OFF-TECHSUP-12:124|OFF-SEC-12:55|OFF-AUTOPAY:32,,recommended,3,1
9227-LUNBG,treatment,0.4746,above,5768.0,24.6,1,OFF-CONTRACT-1Y,1-year contract at 10% off,29.52,0.12,298.98,20.0,No tech support add-on; No online security add-on; No device protection; Rolling month-to-month contract; Manual payment method; Under 12 months tenure,NO_TECH_SUPPORT|NO_ONLINE_SECURITY|NO_DEVICE_PROTECTION|MONTH_TO_MONTH|MANUAL_PAYMENT|NEW_CUSTOMER,OFF-CONTRACT-1Y:299|OFF-BUNDLE-ALL:263|OFF-TECHSUP-12:159|OFF-SEC-12:77|OFF-AUTOPAY:50,,recommended,3,1
4750-ZRXIU,treatment,0.8388,above,2467.0,84.6,4,OFF-BUNDLE-ALL,"Tech Support + Online Security bundle, 12 months",120.51,0.14,169.19,20.0,"No tech support add-on; No online security add-on; No device protection; Rolling month-to-month contract; Manual payment method; High bill, few add-ons; Under 12 months tenure; Premium fiber plan",NO_TECH_SUPPORT|NO_ONLINE_SECURITY|NO_DEVICE_PROTECTION|MONTH_TO_MONTH|MANUAL_PAYMENT|HIGH_CHARGE_LOW_BUNDLE|NEW_CUSTOMER|FIBER_PREMIUM,OFF-BUNDLE-ALL:169|OFF-CONTRACT-1Y:147|OFF-TECHSUP-12:105|OFF-SEC-12:43|OFF-AUTOPAY:23,,recommended,3,1
6680-WKXRZ,treatment,0.5726,above,2054.0,74.4,3,OFF-CONTRACT-1Y,1-year contract at 10% off,89.28,0.12,51.85,20.0,No tech support add-on; No online security add-on; No device protection; Rolling month-to-month contract; Under 12 months tenure; Premium fiber plan,NO_TECH_SUPPORT|NO_ONLINE_SECURITY|NO_DEVICE_PROTECTION|MONTH_TO_MONTH|NEW_CUSTOMER|FIBER_PREMIUM,OFF-CONTRACT-1Y:52|OFF-BUNDLE-ALL:44|OFF-TECHSUP-12:34|OFF-SEC-12:-1,,recommended,3,1
4208-UFFGW,treatment,0.5334,above,5900.0,44.95,2,OFF-CONTRACT-1Y,1-year contract at 10% off,53.94,0.12,323.71,20.0,No tech support add-on; No online security add-on; No device protection; Rolling month-to-month contract; Manual payment method; Under 12 months tenure,NO_TECH_SUPPORT|NO_ONLINE_SECURITY|NO_DEVICE_PROTECTION|MONTH_TO_MONTH|MANUAL_PAYMENT|NEW_CUSTOMER,OFF-CONTRACT-1Y:324|OFF-BUNDLE-ALL:320|OFF-TECHSUP-12:191|OFF-SEC-12:97|OFF-AUTOPAY:66,,recommended,3,1
4541-RMRLG,treatment,0.0835,below,4489.0,19.25,7,OFF-CONTRACT-2Y,2-year contract at 15% off,34.65,0.18,32.82,20.0,Rolling month-to-month contract; Manual payment method; Under 12 months tenure; Phone-only account,MONTH_TO_MONTH|MANUAL_PAYMENT|NEW_CUSTOMER|NO_INTERNET,OFF-CONTRACT-2Y:33|OFF-CONTRACT-1Y:22|OFF-AUTOPAY:-45,,recommended,3,1
6646-QVXLR,treatment,0.3154,above,5052.0,103.75,62,OFF-BUNDLE-ALL,"Tech Support + Online Security bundle, 12 months",120.51,0.14,102.57,20.0,No tech support add-on; No online security add-on; Manual payment method; Premium fiber plan,NO_TECH_SUPPORT|NO_ONLINE_SECURITY|MANUAL_PAYMENT|FIBER_PREMIUM,OFF-BUNDLE-ALL:103|OFF-TECHSUP-12:67|OFF-SEC-12:20|OFF-AUTOPAY:4,,recommended,3,1
9369-XFEHK,treatment,0.4722,above,3601.0,80.6,33,OFF-CONTRACT-2Y,2-year contract at 15% off,145.08,0.18,160.99,20.0,"No tech support add-on; No online security add-on; No device protection; Rolling month-to-month contract; High bill, few add-ons; Premium fiber plan",NO_TECH_SUPPORT|NO_ONLINE_SECURITY|NO_DEVICE_PROTECTION|MONTH_TO_MONTH|HIGH_CHARGE_LOW_BUNDLE|FIBER_PREMIUM,OFF-CONTRACT-2Y:161|OFF-BUNDLE-ALL:118|OFF-CONTRACT-1Y:107|OFF-TECHSUP-12:76|OFF-SEC-12:25,,recommended,3,1
1989-PRJHP,treatment,0.4714,above,2377.0,75.5,27,OFF-CONTRACT-2Y,2-year contract at 15% off,135.9,0.18,65.79,20.0,No tech support add-on; No online security add-on; No device protection; Rolling month-to-month contract; Manual payment method; Premium fiber plan,NO_TECH_SUPPORT|NO_ONLINE_SECURITY|NO_DEVICE_PROTECTION|MONTH_TO_MONTH|MANUAL_PAYMENT|FIBER_PREMIUM,OFF-CONTRACT-2Y:66|OFF-CONTRACT-1Y:44|OFF-BUNDLE-ALL:36|OFF-TECHSUP-12:29|OFF-SEC-12:-4|OFF-AUTOPAY:-15,,recommended,3,1
4695-VADHF,treatment,0.3039,above,2989.0,57.45,18,OFF-CONTRACT-2Y,2-year contract at 15% off,103.41,0.18,60.09,20.0,No tech support add-on; No online security add-on; Rolling month-to-month contract; Manual payment method,NO_TECH_SUPPORT|NO_ONLINE_SECURITY|MONTH_TO_MONTH|MANUAL_PAYMENT,OFF-CONTRACT-2Y:60|OFF-CONTRACT-1Y:40|OFF-TECHSUP-12:12|OFF-BUNDLE-ALL:7|OFF-SEC-12:-15|OFF-AUTOPAY:-24,,recommended,3,1
1236-WFCDV,treatment,0.4507,above,4777.0,90.45,14,OFF-CONTRACT-2Y,2-year contract at 15% off,162.81,0.18,224.73,20.0,"No tech support add-on; No online security add-on; No device protection; Rolling month-to-month contract; High bill, few add-ons; Premium fiber plan",NO_TECH_SUPPORT|NO_ONLINE_SECURITY|NO_DEVICE_PROTECTION|MONTH_TO_MONTH|HIGH_CHARGE_LOW_BUNDLE|FIBER_PREMIUM,OFF-CONTRACT-2Y:225|OFF-BUNDLE-ALL:181|OFF-CONTRACT-1Y:150|OFF-TECHSUP-12:112|OFF-SEC-12:47,,recommended,3,1
0376-YMCJC,treatment,0.4946,above,4359.0,90.6,23,OFF-CONTRACT-2Y,2-year contract at 15% off,163.08,0.18,224.99,20.0,"No online security add-on; No device protection; Rolling month-to-month contract; Manual payment method; High bill, few add-ons; Premium fiber plan",NO_ONLINE_SECURITY|NO_DEVICE_PROTECTION|MONTH_TO_MONTH|MANUAL_PAYMENT|HIGH_CHARGE_LOW_BUNDLE|FIBER_PREMIUM,OFF-CONTRACT-2Y:225|OFF-CONTRACT-1Y:150|OFF-SEC-12:48|OFF-AUTOPAY:26,,recommended,3,1
6166-ILMNY,treatment,0.5131,above,5667.0,69.75,2,OFF-BUNDLE-ALL,"Tech Support + Online Security bundle, 12 months",120.51,0.14,286.57,20.0,No tech support add-on; No online security add-on; No device protection; Rolling month-to-month contract; Under 12 months tenure; Premium fiber plan,NO_TECH_SUPPORT|NO_ONLINE_SECURITY|NO_DEVICE_PROTECTION|MONTH_TO_MONTH|NEW_CUSTOMER|FIBER_PREMIUM,OFF-BUNDLE-ALL:287|OFF-CONTRACT-1Y:265|OFF-TECHSUP-12:172|OFF-SEC-12:85,,recommended,3,1
0655-RBDUG,treatment,0.9541,above,2561.0,98.05,7,OFF-CONTRACT-2Y,2-year contract at 15% off,176.49,0.18,263.33,20.0,No tech support add-on; No online security add-on; Rolling month-to-month contract; Under 12 months tenure; Premium fiber plan,NO_TECH_SUPPORT|NO_ONLINE_SECURITY|MONTH_TO_MONTH|NEW_CUSTOMER|FIBER_PREMIUM,OFF-CONTRACT-2Y:263|OFF-BUNDLE-ALL:222|OFF-CONTRACT-1Y:176|OFF-TECHSUP-12:135|OFF-SEC-12:62,,recommended,3,1
9878-TNQGW,treatment,0.6524,above,3533.0,80.95,2,OFF-BUNDLE-ALL,"Tech Support + Online Security bundle, 12 months",120.51,0.14,202.18,20.0,"No tech support add-on; No online security add-on; No device protection; Rolling month-to-month contract; Manual payment method; High bill, few add-ons; Under 12 months tenure; Premium fiber plan",NO_TECH_SUPPORT|NO_ONLINE_SECURITY|NO_DEVICE_PROTECTION|MONTH_TO_MONTH|MANUAL_PAYMENT|HIGH_CHARGE_LOW_BUNDLE|NEW_CUSTOMER|FIBER_PREMIUM,OFF-BUNDLE-ALL:202|OFF-CONTRACT-1Y:179|OFF-TECHSUP-12:124|OFF-SEC-12:55|OFF-AUTOPAY:32,,recommended,3,1
7029-RPUAV,treatment,0.5568,above,5508.0,100.45,17,OFF-CONTRACT-2Y,2-year contract at 15% off,180.81,0.18,371.22,20.0,No tech support add-on; No online security add-on; Rolling month-to-month contract; Premium fiber plan,NO_TECH_SUPPORT|NO_ONLINE_SECURITY|MONTH_TO_MONTH|FIBER_PREMIUM,OFF-CONTRACT-2Y:371|OFF-BUNDLE-ALL:309|OFF-CONTRACT-1Y:247|OFF-TECHSUP-12:185|OFF-SEC-12:93,,recommended,3,1
0841-NULXI,treatment,0.7769,above,3958.0,35.55,1,OFF-CONTRACT-1Y,1-year contract at 10% off,42.66,0.12,326.34,20.0,No tech support add-on; No online security add-on; No device protection; Rolling month-to-month contract; Manual payment method; Under 12 months tenure,NO_TECH_SUPPORT|NO_ONLINE_SECURITY|NO_DEVICE_PROTECTION|MONTH_TO_MONTH|MANUAL_PAYMENT|NEW_CUSTOMER,OFF-CONTRACT-1Y:326|OFF-BUNDLE-ALL:310|OFF-TECHSUP-12:186|OFF-SEC-12:94|OFF-AUTOPAY:63,,recommended,3,1
6270-OMFIW,treatment,0.2907,above,4990.0,94.4,60,OFF-BUNDLE-ALL,"Tech Support + Online Security bundle, 12 months",120.51,0.14,82.57,20.0,No tech support add-on; No online security add-on; No device protection; Manual payment method; Premium fiber plan,NO_TECH_SUPPORT|NO_ONLINE_SECURITY|NO_DEVICE_PROTECTION|MANUAL_PAYMENT|FIBER_PREMIUM,OFF-BUNDLE-ALL:83|OFF-TECHSUP-12:56|OFF-SEC-12:12|OFF-AUTOPAY:-2,,recommended,3,1
9866-QEVEE,treatment,0.4316,above,4857.0,86.0,19,OFF-CONTRACT-2Y,2-year contract at 15% off,154.8,0.18,222.53,20.0,"No tech support add-on; No online security add-on; No device protection; Rolling month-to-month contract; High bill, few add-ons; Premium fiber plan",NO_TECH_SUPPORT|NO_ONLINE_SECURITY|NO_DEVICE_PROTECTION|MONTH_TO_MONTH|HIGH_CHARGE_LOW_BUNDLE|FIBER_PREMIUM,OFF-CONTRACT-2Y:223|OFF-BUNDLE-ALL:173|OFF-CONTRACT-1Y:148|OFF-TECHSUP-12:107|OFF-SEC-12:45,,recommended,3,1
1768-ZAIFU,treatment,0.8388,above,5688.0,25.2,1,OFF-CONTRACT-1Y,1-year contract at 10% off,30.24,0.12,542.29,20.0,No tech support add-on; No online security add-on; No device protection; Rolling month-to-month contract; Manual payment method; Under 12 months tenure,NO_TECH_SUPPORT|NO_ONLINE_SECURITY|NO_DEVICE_PROTECTION|MONTH_TO_MONTH|MANUAL_PAYMENT|NEW_CUSTOMER,OFF-BUNDLE-ALL:547|OFF-CONTRACT-1Y:542|OFF-TECHSUP-12:321|OFF-SEC-12:178|OFF-AUTOPAY:131,OFF-BUNDLE-ALL:R2_MARGIN_FLOOR,recommended,3,1
2845-HSJCY,treatment,0.6409,above,4786.0,87.25,14,OFF-CONTRACT-2Y,2-year contract at 15% off,157.05,0.18,395.07,20.0,"No tech support add-on; No online security add-on; Rolling month-to-month contract; Manual payment method; High bill, few add-ons; Premium fiber plan",NO_TECH_SUPPORT|NO_ONLINE_SECURITY|MONTH_TO_MONTH|MANUAL_PAYMENT|HIGH_CHARGE_LOW_BUNDLE|FIBER_PREMIUM,OFF-CONTRACT-2Y:395|OFF-BUNDLE-ALL:309|OFF-CONTRACT-1Y:263|OFF-TECHSUP-12:185|OFF-SEC-12:93|OFF-AUTOPAY:63,,recommended,3,1
7249-WBIYX,treatment,0.8107,above,5146.0,85.6,10,OFF-CONTRACT-2Y,2-year contract at 15% off,154.08,0.18,596.86,20.0,"No tech support add-on; No online security add-on; No device protection; Rolling month-to-month contract; Manual payment method; High bill, few add-ons; Under 12 months tenure; Premium fiber plan",NO_TECH_SUPPORT|NO_ONLINE_SECURITY|NO_DEVICE_PROTECTION|MONTH_TO_MONTH|MANUAL_PAYMENT|HIGH_CHARGE_LOW_BUNDLE|NEW_CUSTOMER|FIBER_PREMIUM,OFF-CONTRACT-2Y:597|OFF-BUNDLE-ALL:464|OFF-CONTRACT-1Y:398|OFF-TECHSUP-12:273|OFF-SEC-12:148|OFF-AUTOPAY:107,,recommended,3,1
3334-CTHOL,control,0.4644,above,2041.0,49.95,1,OFF-CONTRACT-1Y,1-year contract at 10% off,59.94,0.12,53.8,20.0,No tech support add-on; No online security add-on; No device protection; Rolling month-to-month contract; Under 12 months tenure,NO_TECH_SUPPORT|NO_ONLINE_SECURITY|NO_DEVICE_PROTECTION|MONTH_TO_MONTH|NEW_CUSTOMER,OFF-CONTRACT-1Y:54|OFF-TECHSUP-12:15|OFF-BUNDLE-ALL:12|OFF-SEC-12:-13,,recommended,3,1
8621-MNIHH,control,0.5373,above,3369.0,94.25,34,OFF-CONTRACT-2Y,2-year contract at 15% off,169.65,0.18,156.18,20.0,No tech support add-on; No online security add-on; Rolling month-to-month contract; Manual payment method; Premium fiber plan,NO_TECH_SUPPORT|NO_ONLINE_SECURITY|MONTH_TO_MONTH|MANUAL_PAYMENT|FIBER_PREMIUM,OFF-CONTRACT-2Y:156|OFF-BUNDLE-ALL:133|OFF-CONTRACT-1Y:104|OFF-TECHSUP-12:84|OFF-SEC-12:30|OFF-AUTOPAY:12,,recommended,3,1
5419-CONWX,treatment,0.8434,above,2268.0,99.8,4,OFF-BUNDLE-ALL,"Tech Support + Online Security bundle, 12 months",120.51,0.14,147.29,20.0,No tech support add-on; No online security add-on; Rolling month-to-month contract; Under 12 months tenure; Premium fiber plan,NO_TECH_SUPPORT|NO_ONLINE_SECURITY|MONTH_TO_MONTH|NEW_CUSTOMER|FIBER_PREMIUM,OFF-BUNDLE-ALL:147|OFF-CONTRACT-1Y:110|OFF-TECHSUP-12:93|OFF-SEC-12:35,,recommended,3,1
7861-UVUFT,treatment,0.5608,above,4003.0,84.3,15,OFF-CONTRACT-2Y,2-year contract at 15% off,151.74,0.18,252.34,20.0,"No tech support add-on; No online security add-on; Rolling month-to-month contract; Manual payment method; High bill, few add-ons; Premium fiber plan",NO_TECH_SUPPORT|NO_ONLINE_SECURITY|MONTH_TO_MONTH|MANUAL_PAYMENT|HIGH_CHARGE_LOW_BUNDLE|FIBER_PREMIUM,OFF-CONTRACT-2Y:252|OFF-BUNDLE-ALL:194|OFF-CONTRACT-1Y:168|OFF-TECHSUP-12:119|OFF-SEC-12:52|OFF-AUTOPAY:30,,recommended,3,1
5357-TZHPP,treatment,0.6901,above,5745.0,84.4,9,OFF-CONTRACT-2Y,2-year contract at 15% off,151.92,0.18,561.71,20.0,"No tech support add-on; No online security add-on; No device protection; Rolling month-to-month contract; High bill, few add-ons; Under 12 months tenure; Premium fiber plan",NO_TECH_SUPPORT|NO_ONLINE_SECURITY|NO_DEVICE_PROTECTION|MONTH_TO_MONTH|HIGH_CHARGE_LOW_BUNDLE|NEW_CUSTOMER|FIBER_PREMIUM,OFF-CONTRACT-2Y:562|OFF-BUNDLE-ALL:435|OFF-CONTRACT-1Y:374|OFF-TECHSUP-12:257|OFF-SEC-12:138,,recommended,3,1
0506-LVNGN,treatment,0.4956,above,4028.0,75.55,5,OFF-BUNDLE-ALL,"Tech Support + Online Security bundle, 12 months",120.51,0.14,158.97,20.0,No tech support add-on; No online security add-on; Rolling month-to-month contract; Under 12 months tenure; Premium fiber plan,NO_TECH_SUPPORT|NO_ONLINE_SECURITY|MONTH_TO_MONTH|NEW_CUSTOMER|FIBER_PREMIUM,OFF-BUNDLE-ALL:159|OFF-CONTRACT-1Y:149|OFF-TECHSUP-12:99|OFF-SEC-12:40,,recommended,3,1
7893-IXHRQ,treatment,0.2746,above,5636.0,20.55,1,OFF-CONTRACT-1Y,1-year contract at 10% off,24.66,0.12,161.06,20.0,Rolling month-to-month contract; Manual payment method; Under 12 months tenure; Phone-only account,MONTH_TO_MONTH|MANUAL_PAYMENT|NEW_CUSTOMER|NO_INTERNET,OFF-CONTRACT-1Y:161|OFF-AUTOPAY:2,,recommended,3,1
9283-LZQOH,treatment,0.582,above,3687.0,74.4,13,OFF-CONTRACT-2Y,2-year contract at 15% off,133.92,0.18,252.33,20.0,No tech support add-on; No online security add-on; No device protection; Rolling month-to-month contract; Premium fiber plan,NO_TECH_SUPPORT|NO_ONLINE_SECURITY|NO_DEVICE_PROTECTION|MONTH_TO_MONTH|FIBER_PREMIUM,OFF-CONTRACT-2Y:252|OFF-BUNDLE-ALL:180|OFF-CONTRACT-1Y:168|OFF-TECHSUP-12:111|OFF-SEC-12:47,,recommended,3,1
5469-CTCWN,treatment,0.2676,above,4334.0,106.0,61,OFF-TECHSUP-12,Tech Support bundled free for 12 months,60.35,0.08,32.43,20.0,No tech support add-on; No device protection; Manual payment method; Premium fiber plan,NO_TECH_SUPPORT|NO_DEVICE_PROTECTION|MANUAL_PAYMENT|FIBER_PREMIUM,OFF-TECHSUP-12:32|OFF-AUTOPAY:-14,,recommended,3,1
1092-GANHU,treatment,0.3378,above,3182.0,76.65,17,OFF-CONTRACT-2Y,2-year contract at 15% off,137.97,0.18,55.51,20.0,No tech support add-on; No online security add-on; Rolling month-to-month contract; Manual payment method; Premium fiber plan,NO_TECH_SUPPORT|NO_ONLINE_SECURITY|MONTH_TO_MONTH|MANUAL_PAYMENT|FIBER_PREMIUM,OFF-CONTRACT-2Y:56|OFF-CONTRACT-1Y:37|OFF-BUNDLE-ALL:30|OFF-TECHSUP-12:26|OFF-SEC-12:-6|OFF-AUTOPAY:-17,,recommended,3,1
7881-EVUAD,treatment,0.5196,above,4648.0,42.6,2,OFF-CONTRACT-1Y,1-year contract at 10% off,51.12,0.12,238.69,20.0,No tech support add-on; No device protection; Rolling month-to-month contract; Manual payment method; Under 12 months tenure,NO_TECH_SUPPORT|NO_DEVICE_PROTECTION|MONTH_TO_MONTH|MANUAL_PAYMENT|NEW_CUSTOMER,OFF-CONTRACT-1Y:239|OFF-TECHSUP-12:133|OFF-AUTOPAY:37,,recommended,3,1
0330-IVZHA,treatment,0.5871,above,2969.0,69.95,5,OFF-CONTRACT-1Y,1-year contract at 10% off,83.94,0.12,125.23,20.0,No tech support add-on; No online security add-on; No device protection; Rolling month-to-month contract; Manual payment method; Under 12 months tenure; Premium fiber plan,NO_TECH_SUPPORT|NO_ONLINE_SECURITY|NO_DEVICE_PROTECTION|MONTH_TO_MONTH|MANUAL_PAYMENT|NEW_CUSTOMER|FIBER_PREMIUM,OFF-CONTRACT-1Y:125|OFF-BUNDLE-ALL:124|OFF-TECHSUP-12:79|OFF-SEC-12:27|OFF-AUTOPAY:10,,recommended,3,1
4237-RLAQD,treatment,0.5608,above,5930.0,45.85,1,OFF-CONTRACT-1Y,1-year contract at 10% off,55.02,0.12,344.05,20.0,No tech support add-on; No online security add-on; No device protection; Rolling month-to-month contract; Manual payment method; Under 12 months tenure,NO_TECH_SUPPORT|NO_ONLINE_SECURITY|NO_DEVICE_PROTECTION|MONTH_TO_MONTH|MANUAL_PAYMENT|NEW_CUSTOMER,OFF-BUNDLE-ALL:345|OFF-CONTRACT-1Y:344|OFF-TECHSUP-12:206|OFF-SEC-12:106|OFF-AUTOPAY:73,OFF-BUNDLE-ALL:R2_MARGIN_FLOOR,recommended,3,1
9254-RBFON,treatment,0.2768,above,5160.0,98.6,17,,,0.0,0.0,0.0,20.0,No online security add-on; Premium fiber plan,NO_ONLINE_SECURITY|FIBER_PREMIUM,OFF-SEC-12:11,OFF-SEC-12:R3_POSITIVE_EV,review_no_profitable_offer,3,1
1205-WNWPJ,treatment,0.2352,below,4661.0,59.5,7,OFF-CONTRACT-2Y,2-year contract at 15% off,107.1,0.18,90.23,20.0,No online security add-on; No device protection; Rolling month-to-month contract; Manual payment method; Under 12 months tenure,NO_ONLINE_SECURITY|NO_DEVICE_PROTECTION|MONTH_TO_MONTH|MANUAL_PAYMENT|NEW_CUSTOMER,OFF-CONTRACT-2Y:90|OFF-CONTRACT-1Y:60|OFF-SEC-12:-5|OFF-AUTOPAY:-16,,recommended,3,1
2761-OCIAX,treatment,0.582,above,2803.0,74.7,2,OFF-BUNDLE-ALL,"Tech Support + Online Security bundle, 12 months",120.51,0.14,107.88,20.0,No tech support add-on; No online security add-on; No device protection; Rolling month-to-month contract; Manual payment method; Under 12 months tenure; Premium fiber plan,NO_TECH_SUPPORT|NO_ONLINE_SECURITY|NO_DEVICE_PROTECTION|MONTH_TO_MONTH|MANUAL_PAYMENT|NEW_CUSTOMER|FIBER_PREMIUM,OFF-BUNDLE-ALL:108|OFF-CONTRACT-1Y:106|OFF-TECHSUP-12:70|OFF-SEC-12:21|OFF-AUTOPAY:5,,recommended,3,1
4154-AQUGT,control,0.5341,above,3861.0,89.05,13,OFF-CONTRACT-2Y,2-year contract at 15% off,160.29,0.18,210.9,20.0,No online security add-on; No device protection; Rolling month-to-month contract; Premium fiber plan,NO_ONLINE_SECURITY|NO_DEVICE_PROTECTION|MONTH_TO_MONTH|FIBER_PREMIUM,OFF-CONTRACT-2Y:211|OFF-CONTRACT-1Y:141|OFF-SEC-12:43,,recommended,3,1
4248-QPAVC,treatment,0.5047,above,3209.0,85.35,17,OFF-CONTRACT-2Y,2-year contract at 15% off,153.63,0.18,137.89,20.0,"No tech support add-on; Rolling month-to-month contract; High bill, few add-ons; Premium fiber plan",NO_TECH_SUPPORT|MONTH_TO_MONTH|HIGH_CHARGE_LOW_BUNDLE|FIBER_PREMIUM,OFF-CONTRACT-2Y:138|OFF-CONTRACT-1Y:92|OFF-TECHSUP-12:69,,recommended,3,1
4690-LLKUA,treatment,0.398,above,3797.0,45.05,17,OFF-CONTRACT-2Y,2-year contract at 15% off,81.09,0.18,190.93,20.0,No tech support add-on; No online security add-on; No device protection; Rolling month-to-month contract; Manual payment method,NO_TECH_SUPPORT|NO_ONLINE_SECURITY|NO_DEVICE_PROTECTION|MONTH_TO_MONTH|MANUAL_PAYMENT,OFF-CONTRACT-2Y:191|OFF-CONTRACT-1Y:127|OFF-BUNDLE-ALL:91|OFF-TECHSUP-12:61|OFF-SEC-12:15|OFF-AUTOPAY:0,,recommended,3,1
3331-HQDTW,treatment,0.2239,below,3410.0,109.8,34,,,0.0,0.0,0.0,20.0,No tech support add-on; Rolling month-to-month contract; Manual payment method; Premium fiber plan,NO_TECH_SUPPORT|MONTH_TO_MONTH|MANUAL_PAYMENT|FIBER_PREMIUM,OFF-TECHSUP-12:1|OFF-AUTOPAY:-29|OFF-CONTRACT-1Y:-40|OFF-CONTRACT-2Y:-60,OFF-TECHSUP-12:R3_POSITIVE_EV|OFF-AUTOPAY:R3_POSITIVE_EV|OFF-CONTRACT-1Y:R3_POSITIVE_EV|OFF-CONTRACT-2Y:R3_POSITIVE_EV,no_action_needed,3,1
4829-AUOAX,treatment,0.4016,above,2712.0,96.05,46,OFF-BUNDLE-ALL,"Tech Support + Online Security bundle, 12 months",120.51,0.14,31.97,20.0,"No tech support add-on; No online security add-on; No device protection; Rolling month-to-month contract; High bill, few add-ons; Premium fiber plan",NO_TECH_SUPPORT|NO_ONLINE_SECURITY|NO_DEVICE_PROTECTION|MONTH_TO_MONTH|HIGH_CHARGE_LOW_BUNDLE|FIBER_PREMIUM,OFF-BUNDLE-ALL:32|OFF-TECHSUP-12:27|OFF-CONTRACT-2Y:23|OFF-CONTRACT-1Y:15|OFF-SEC-12:-6,,recommended,3,1
8593-WHYHV,treatment,0.821,above,4934.0,85.3,3,OFF-BUNDLE-ALL,"Tech Support + Online Security bundle, 12 months",120.51,0.14,446.6,20.0,"No tech support add-on; No online security add-on; No device protection; Rolling month-to-month contract; Manual payment method; High bill, few add-ons; Under 12 months tenure; Premium fiber plan",NO_TECH_SUPPORT|NO_ONLINE_SECURITY|NO_DEVICE_PROTECTION|MONTH_TO_MONTH|MANUAL_PAYMENT|HIGH_CHARGE_LOW_BUNDLE|NEW_CUSTOMER|FIBER_PREMIUM,OFF-BUNDLE-ALL:447|OFF-CONTRACT-1Y:384|OFF-TECHSUP-12:264|OFF-SEC-12:142|OFF-AUTOPAY:102,,recommended,3,1
3877-JRJIP,treatment,0.7549,above,4017.0,59.85,1,OFF-BUNDLE-ALL,"Tech Support + Online Security bundle, 12 months",120.51,0.14,304.03,20.0,No tech support add-on; No online security add-on; No device protection; Rolling month-to-month contract; Manual payment method; Under 12 months tenure,NO_TECH_SUPPORT|NO_ONLINE_SECURITY|NO_DEVICE_PROTECTION|MONTH_TO_MONTH|MANUAL_PAYMENT|NEW_CUSTOMER,OFF-BUNDLE-ALL:304|OFF-CONTRACT-1Y:292|OFF-TECHSUP-12:182|OFF-SEC-12:91|OFF-AUTOPAY:61,,recommended,3,1
8375-DKEBR,treatment,0.9719,above,3438.0,69.6,1,OFF-BUNDLE-ALL,"Tech Support + Online Security bundle, 12 months",120.51,0.14,347.28,20.0,No tech support add-on; No online security add-on; No device protection; Rolling month-to-month contract; Manual payment method; Under 12 months tenure; Premium fiber plan,NO_TECH_SUPPORT|NO_ONLINE_SECURITY|NO_DEVICE_PROTECTION|MONTH_TO_MONTH|MANUAL_PAYMENT|NEW_CUSTOMER|FIBER_PREMIUM,OFF-BUNDLE-ALL:347|OFF-CONTRACT-1Y:317|OFF-TECHSUP-12:207|OFF-SEC-12:107|OFF-AUTOPAY:74,,recommended,3,1
9804-ICWBG,treatment,0.8834,above,3349.0,69.9,1,OFF-BUNDLE-ALL,"Tech Support + Online Security bundle, 12 months",120.51,0.14,293.68,20.0,No tech support add-on; No online security add-on; No device protection; Rolling month-to-month contract; Manual payment method; Under 12 months tenure; Premium fiber plan,NO_TECH_SUPPORT|NO_ONLINE_SECURITY|NO_DEVICE_PROTECTION|MONTH_TO_MONTH|MANUAL_PAYMENT|NEW_CUSTOMER|FIBER_PREMIUM,OFF-BUNDLE-ALL:294|OFF-CONTRACT-1Y:271|OFF-TECHSUP-12:176|OFF-SEC-12:88|OFF-AUTOPAY:58,,recommended,3,1
7279-BUYWN,control,0.4088,above,3380.0,113.2,41,OFF-TECHSUP-12,Tech Support bundled free for 12 months,60.35,0.08,50.19,20.0,No tech support add-on; Rolling month-to-month contract; Manual payment method; Premium fiber plan,NO_TECH_SUPPORT|MONTH_TO_MONTH|MANUAL_PAYMENT|FIBER_PREMIUM,OFF-TECHSUP-12:50|OFF-CONTRACT-2Y:45|OFF-CONTRACT-1Y:30|OFF-AUTOPAY:-5,,recommended,3,1
7198-GLXTC,control,0.6298,above,5239.0,79.0,2,OFF-BUNDLE-ALL,"Tech Support + Online Security bundle, 12 months",120.51,0.14,341.42,20.0,No tech support add-on; No online security add-on; No device protection; Rolling month-to-month contract; Manual payment method; Under 12 months tenure; Premium fiber plan,NO_TECH_SUPPORT|NO_ONLINE_SECURITY|NO_DEVICE_PROTECTION|MONTH_TO_MONTH|MANUAL_PAYMENT|NEW_CUSTOMER|FIBER_PREMIUM,OFF-BUNDLE-ALL:341|OFF-CONTRACT-1Y:301|OFF-TECHSUP-12:204|OFF-SEC-12:105|OFF-AUTOPAY:72,,recommended,3,1
8380-PEFPE,treatment,0.7773,above,2377.0,71.65,1,OFF-BUNDLE-ALL,"Tech Support + Online Security bundle, 12 months",120.51,0.14,138.16,20.0,No tech support add-on; No online security add-on; No device protection; Rolling month-to-month contract; Manual payment method; Under 12 months tenure; Premium fiber plan,NO_TECH_SUPPORT|NO_ONLINE_SECURITY|NO_DEVICE_PROTECTION|MONTH_TO_MONTH|MANUAL_PAYMENT|NEW_CUSTOMER|FIBER_PREMIUM,OFF-BUNDLE-ALL:138|OFF-CONTRACT-1Y:136|OFF-TECHSUP-12:87|OFF-SEC-12:32|OFF-AUTOPAY:14,,recommended,3,1
6910-HADCM,treatment,0.8434,above,5613.0,76.35,1,OFF-BUNDLE-ALL,"Tech Support + Online Security bundle, 12 months",120.51,0.14,542.25,20.0,No tech support add-on; No online security add-on; Rolling month-to-month contract; Manual payment method; Under 12 months tenure; Premium fiber plan,NO_TECH_SUPPORT|NO_ONLINE_SECURITY|MONTH_TO_MONTH|MANUAL_PAYMENT|NEW_CUSTOMER|FIBER_PREMIUM,OFF-BUNDLE-ALL:542|OFF-CONTRACT-1Y:476|OFF-TECHSUP-12:318|OFF-SEC-12:177|OFF-AUTOPAY:129,,recommended,3,1
8080-DDEMJ,treatment,0.6022,above,4499.0,45.1,1,OFF-CONTRACT-1Y,1-year contract at 10% off,54.12,0.12,271.0,20.0,No tech support add-on; No online security add-on; No device protection; Rolling month-to-month contract; Manual payment method; Under 12 months tenure,NO_TECH_SUPPORT|NO_ONLINE_SECURITY|NO_DEVICE_PROTECTION|MONTH_TO_MONTH|MANUAL_PAYMENT|NEW_CUSTOMER,OFF-CONTRACT-1Y:271|OFF-BUNDLE-ALL:259|OFF-TECHSUP-12:156|OFF-SEC-12:75|OFF-AUTOPAY:48,,recommended,3,1
2485-ITVKB,treatment,0.7603,above,2643.0,35.1,2,OFF-CONTRACT-1Y,1-year contract at 10% off,42.12,0.12,199.02,20.0,No tech support add-on; No online security add-on; No device protection; Rolling month-to-month contract; Manual payment method; Under 12 months tenure,NO_TECH_SUPPORT|NO_ONLINE_SECURITY|NO_DEVICE_PROTECTION|MONTH_TO_MONTH|MANUAL_PAYMENT|NEW_CUSTOMER,OFF-CONTRACT-1Y:199|OFF-BUNDLE-ALL:161|OFF-TECHSUP-12:100|OFF-SEC-12:40|OFF-AUTOPAY:20,,recommended,3,1
7054-LGEQW,treatment,0.471,above,4888.0,45.95,1,OFF-CONTRACT-1Y,1-year contract at 10% off,55.14,0.12,221.13,20.0,No tech support add-on; No online security add-on; No device protection; Rolling month-to-month contract; Manual payment method; Under 12 months tenure,NO_TECH_SUPPORT|NO_ONLINE_SECURITY|NO_DEVICE_PROTECTION|MONTH_TO_MONTH|MANUAL_PAYMENT|NEW_CUSTOMER,OFF-CONTRACT-1Y:221|OFF-BUNDLE-ALL:202|OFF-TECHSUP-12:124|OFF-SEC-12:55|OFF-AUTOPAY:32,,recommended,3,1
0923-PNFUB,treatment,0.4913,above,4852.0,83.75,3,OFF-BUNDLE-ALL,"Tech Support + Online Security bundle, 12 months",120.51,0.14,213.22,20.0,"No tech support add-on; No online security add-on; No device protection; Rolling month-to-month contract; Manual payment method; High bill, few add-ons; Under 12 months tenure; Premium fiber plan",NO_TECH_SUPPORT|NO_ONLINE_SECURITY|NO_DEVICE_PROTECTION|MONTH_TO_MONTH|MANUAL_PAYMENT|HIGH_CHARGE_LOW_BUNDLE|NEW_CUSTOMER|FIBER_PREMIUM,OFF-BUNDLE-ALL:213|OFF-CONTRACT-1Y:186|OFF-TECHSUP-12:130|OFF-SEC-12:59|OFF-AUTOPAY:35,,recommended,3,1
8840-DQLGN,treatment,0.282,above,4745.0,100.5,35,OFF-CONTRACT-2Y,2-year contract at 15% off,180.9,0.18,59.96,20.0,No device protection; Rolling month-to-month contract; Premium fiber plan,NO_DEVICE_PROTECTION|MONTH_TO_MONTH|FIBER_PREMIUM,OFF-CONTRACT-2Y:60|OFF-CONTRACT-1Y:40,,recommended,3,1
4547-LYTDD,treatment,0.4309,above,2850.0,72.65,16,OFF-CONTRACT-2Y,2-year contract at 15% off,130.77,0.18,90.28,20.0,No tech support add-on; No online security add-on; No device protection; Rolling month-to-month contract; Manual payment method; Premium fiber plan,NO_TECH_SUPPORT|NO_ONLINE_SECURITY|NO_DEVICE_PROTECTION|MONTH_TO_MONTH|MANUAL_PAYMENT|FIBER_PREMIUM,OFF-CONTRACT-2Y:90|OFF-CONTRACT-1Y:60|OFF-BUNDLE-ALL:51|OFF-TECHSUP-12:38|OFF-SEC-12:1|OFF-AUTOPAY:-11,,recommended,3,1
6770-XUAGN,treatment,0.4256,above,3753.0,21.0,1,OFF-CONTRACT-1Y,1-year contract at 10% off,25.2,0.12,166.47,20.0,Rolling month-to-month contract; Manual payment method; Under 12 months tenure; Phone-only account,MONTH_TO_MONTH|MANUAL_PAYMENT|NEW_CUSTOMER|NO_INTERNET,OFF-CONTRACT-1Y:166|OFF-AUTOPAY:4,,recommended,3,1
6651-AZVTJ,treatment,0.6834,above,6088.0,99.8,49,OFF-CONTRACT-2Y,2-year contract at 15% off,179.64,0.18,569.26,20.0,No tech support add-on; No online security add-on; Rolling month-to-month contract; Manual payment method; Premium fiber plan,NO_TECH_SUPPORT|NO_ONLINE_SECURITY|MONTH_TO_MONTH|MANUAL_PAYMENT|FIBER_PREMIUM,OFF-CONTRACT-2Y:569|OFF-BUNDLE-ALL:462|OFF-CONTRACT-1Y:380|OFF-TECHSUP-12:272|OFF-SEC-12:148|OFF-AUTOPAY:106,,recommended,3,1
5419-KLXBN,treatment,0.4913,above,5853.0,89.15,25,OFF-CONTRACT-2Y,2-year contract at 15% off,160.47,0.18,357.13,20.0,No tech support add-on; No online security add-on; Rolling month-to-month contract; Premium fiber plan,NO_TECH_SUPPORT|NO_ONLINE_SECURITY|MONTH_TO_MONTH|FIBER_PREMIUM,OFF-CONTRACT-2Y:357|OFF-BUNDLE-ALL:282|OFF-CONTRACT-1Y:238|OFF-TECHSUP-12:170|OFF-SEC-12:84,,recommended,3,1
3858-VOBET,treatment,0.4491,above,5897.0,74.95,23,OFF-CONTRACT-2Y,2-year contract at 15% off,134.91,0.18,341.79,20.0,No tech support add-on; No online security add-on; No device protection; Rolling month-to-month contract; Manual payment method; Premium fiber plan,NO_TECH_SUPPORT|NO_ONLINE_SECURITY|NO_DEVICE_PROTECTION|MONTH_TO_MONTH|MANUAL_PAYMENT|FIBER_PREMIUM,OFF-CONTRACT-2Y:342|OFF-BUNDLE-ALL:250|OFF-CONTRACT-1Y:228|OFF-TECHSUP-12:152|OFF-SEC-12:72|OFF-AUTOPAY:46,,recommended,3,1
9139-WQQDY,treatment,0.176,below,4235.0,100.45,49,,,0.0,0.0,0.0,20.0,No tech support add-on; No online security add-on; No device protection; Manual payment method; Premium fiber plan,NO_TECH_SUPPORT|NO_ONLINE_SECURITY|NO_DEVICE_PROTECTION|MANUAL_PAYMENT|FIBER_PREMIUM,OFF-TECHSUP-12:-1|OFF-BUNDLE-ALL:-16|OFF-SEC-12:-23|OFF-AUTOPAY:-30,OFF-TECHSUP-12:R3_POSITIVE_EV|OFF-BUNDLE-ALL:R3_POSITIVE_EV|OFF-SEC-12:R3_POSITIVE_EV|OFF-AUTOPAY:R3_POSITIVE_EV,no_action_needed,3,1
6845-RGTYS,treatment,0.539,above,4622.0,98.75,47,OFF-CONTRACT-2Y,2-year contract at 15% off,177.75,0.18,270.68,20.0,No tech support add-on; Rolling month-to-month contract; Manual payment method; Premium fiber plan,NO_TECH_SUPPORT|MONTH_TO_MONTH|MANUAL_PAYMENT|FIBER_PREMIUM,OFF-CONTRACT-2Y:271|OFF-CONTRACT-1Y:180|OFF-TECHSUP-12:139|OFF-AUTOPAY:40,,recommended,3,1
2955-BJZHG,treatment,0.4892,above,5174.0,80.85,17,OFF-CONTRACT-2Y,2-year contract at 15% off,145.53,0.18,310.07,20.0,"No tech support add-on; No online security add-on; No device protection; Rolling month-to-month contract; Manual payment method; High bill, few add-ons; Premium fiber plan",NO_TECH_SUPPORT|NO_ONLINE_SECURITY|NO_DEVICE_PROTECTION|MONTH_TO_MONTH|MANUAL_PAYMENT|HIGH_CHARGE_LOW_BUNDLE|FIBER_PREMIUM,OFF-CONTRACT-2Y:310|OFF-BUNDLE-ALL:234|OFF-CONTRACT-1Y:207|OFF-TECHSUP-12:142|OFF-SEC-12:66|OFF-AUTOPAY:41,,recommended,3,1
0524-IAVZO,treatment,0.6409,above,3698.0,85.0,30,OFF-CONTRACT-2Y,2-year contract at 15% off,153.0,0.18,273.61,20.0,"No tech support add-on; No online security add-on; No device protection; Rolling month-to-month contract; Manual payment method; High bill, few add-ons; Premium fiber plan",NO_TECH_SUPPORT|NO_ONLINE_SECURITY|NO_DEVICE_PROTECTION|MONTH_TO_MONTH|MANUAL_PAYMENT|HIGH_CHARGE_LOW_BUNDLE|FIBER_PREMIUM,OFF-CONTRACT-2Y:274|OFF-BUNDLE-ALL:211|OFF-CONTRACT-1Y:182|OFF-TECHSUP-12:129|OFF-SEC-12:58|OFF-AUTOPAY:35,,recommended,3,1
2737-YNGYW,treatment,0.582,above,2856.0,80.55,2,OFF-BUNDLE-ALL,"Tech Support + Online Security bundle, 12 months",120.51,0.14,112.2,20.0,"No tech support add-on; No online security add-on; No device protection; Rolling month-to-month contract; Manual payment method; High bill, few add-ons; Under 12 months tenure; Premium fiber plan",NO_TECH_SUPPORT|NO_ONLINE_SECURITY|NO_DEVICE_PROTECTION|MONTH_TO_MONTH|MANUAL_PAYMENT|HIGH_CHARGE_LOW_BUNDLE|NEW_CUSTOMER|FIBER_PREMIUM,OFF-BUNDLE-ALL:112|OFF-CONTRACT-1Y:103|OFF-TECHSUP-12:73|OFF-SEC-12:23|OFF-AUTOPAY:6,,recommended,3,1
5159-YFPKQ,treatment,0.6834,above,5270.0,75.8,2,OFF-BUNDLE-ALL,"Tech Support + Online Security bundle, 12 months",120.51,0.14,383.7,20.0,No tech support add-on; No online security add-on; Rolling month-to-month contract; Manual payment method; Under 12 months tenure; Premium fiber plan,NO_TECH_SUPPORT|NO_ONLINE_SECURITY|MONTH_TO_MONTH|MANUAL_PAYMENT|NEW_CUSTOMER|FIBER_PREMIUM,OFF-BUNDLE-ALL:384|OFF-CONTRACT-1Y:341|OFF-TECHSUP-12:228|OFF-SEC-12:120|OFF-AUTOPAY:84,,recommended,3,1
8699-ASUFO,treatment,0.7659,above,4969.0,74.4,7,OFF-CONTRACT-2Y,2-year contract at 15% off,133.92,0.18,551.12,20.0,No tech support add-on; No online security add-on; No device protection; Rolling month-to-month contract; Manual payment method; Under 12 months tenure; Premium fiber plan,NO_TECH_SUPPORT|NO_ONLINE_SECURITY|NO_DEVICE_PROTECTION|MONTH_TO_MONTH|MANUAL_PAYMENT|NEW_CUSTOMER|FIBER_PREMIUM,OFF-CONTRACT-2Y:551|OFF-BUNDLE-ALL:412|OFF-CONTRACT-1Y:367|OFF-TECHSUP-12:244|OFF-SEC-12:130|OFF-AUTOPAY:92,,recommended,3,1
2514-GINMM,treatment,0.9719,above,4490.0,79.5,1,OFF-BUNDLE-ALL,"Tech Support + Online Security bundle, 12 months",120.51,0.14,490.43,20.0,No tech support add-on; No online security add-on; No device protection; Rolling month-to-month contract; Manual payment method; Under 12 months tenure; Premium fiber plan,NO_TECH_SUPPORT|NO_ONLINE_SECURITY|NO_DEVICE_PROTECTION|MONTH_TO_MONTH|MANUAL_PAYMENT|NEW_CUSTOMER|FIBER_PREMIUM,OFF-BUNDLE-ALL:490|OFF-CONTRACT-1Y:428|OFF-TECHSUP-12:289|OFF-SEC-12:158|OFF-AUTOPAY:115,,recommended,3,1
2659-VXMWZ,treatment,0.3205,above,4146.0,111.3,67,OFF-TECHSUP-12,Tech Support bundled free for 12 months,60.35,0.08,45.95,20.0,No tech support add-on; Manual payment method; Premium fiber plan,NO_TECH_SUPPORT|MANUAL_PAYMENT|FIBER_PREMIUM,OFF-TECHSUP-12:46|OFF-AUTOPAY:-7,,recommended,3,1
3207-OYBWH,treatment,0.3639,above,6259.0,95.25,57,OFF-CONTRACT-2Y,2-year contract at 15% off,171.45,0.18,238.53,20.0,No tech support add-on; No online security add-on; Rolling month-to-month contract; Premium fiber plan,NO_TECH_SUPPORT|NO_ONLINE_SECURITY|MONTH_TO_MONTH|FIBER_PREMIUM,OFF-CONTRACT-2Y:239|OFF-BUNDLE-ALL:198|OFF-CONTRACT-1Y:159|OFF-TECHSUP-12:122|OFF-SEC-12:54,,recommended,3,1
2482-CZGBB,treatment,0.5056,above,3156.0,70.0,10,OFF-CONTRACT-2Y,2-year contract at 15% off,126.0,0.18,161.22,20.0,No tech support add-on; No online security add-on; No device protection; Rolling month-to-month contract; Manual payment method; Under 12 months tenure; Premium fiber plan,NO_TECH_SUPPORT|NO_ONLINE_SECURITY|NO_DEVICE_PROTECTION|MONTH_TO_MONTH|MANUAL_PAYMENT|NEW_CUSTOMER|FIBER_PREMIUM,OFF-CONTRACT-2Y:161|OFF-CONTRACT-1Y:107|OFF-BUNDLE-ALL:103|OFF-TECHSUP-12:67|OFF-SEC-12:20|OFF-AUTOPAY:4,,recommended,3,1
0866-QLSIR,treatment,0.0586,below,5189.0,64.4,34,,,0.0,0.0,0.0,20.0,No device protection; Manual payment method,NO_DEVICE_PROTECTION|MANUAL_PAYMENT,OFF-AUTOPAY:-48,OFF-AUTOPAY:R3_POSITIVE_EV,no_action_needed,3,1
7181-BQYBV,treatment,0.99,above,4811.0,102.45,1,OFF-CONTRACT-1Y,1-year contract at 10% off,122.94,0.12,448.61,20.0,No tech support add-on; Rolling month-to-month contract; Manual payment method; Under 12 months tenure; Premium fiber plan,NO_TECH_SUPPORT|MONTH_TO_MONTH|MANUAL_PAYMENT|NEW_CUSTOMER|FIBER_PREMIUM,OFF-CONTRACT-1Y:449|OFF-TECHSUP-12:321|OFF-AUTOPAY:131,,recommended,3,1
7180-PISOG,treatment,0.931,above,5554.0,74.5,1,OFF-BUNDLE-ALL,"Tech Support + Online Security bundle, 12 months",120.51,0.14,603.4,20.0,No tech support add-on; No online security add-on; No device protection; Rolling month-to-month contract; Manual payment method; Under 12 months tenure; Premium fiber plan,NO_TECH_SUPPORT|NO_ONLINE_SECURITY|NO_DEVICE_PROTECTION|MONTH_TO_MONTH|MANUAL_PAYMENT|NEW_CUSTOMER|FIBER_PREMIUM,OFF-BUNDLE-ALL:603|OFF-CONTRACT-1Y:531|OFF-TECHSUP-12:353|OFF-SEC-12:198|OFF-AUTOPAY:147,,recommended,3,1
1587-FKLZB,treatment,0.4798,above,4479.0,99.5,66,OFF-CONTRACT-2Y,2-year contract at 15% off,179.1,0.18,207.72,20.0,No tech support add-on; No online security add-on; Rolling month-to-month contract; Premium fiber plan,NO_TECH_SUPPORT|NO_ONLINE_SECURITY|MONTH_TO_MONTH|FIBER_PREMIUM,OFF-CONTRACT-2Y:208|OFF-BUNDLE-ALL:180|OFF-CONTRACT-1Y:138|OFF-TECHSUP-12:112|OFF-SEC-12:47,,recommended,3,1
7470-MCQTK,control,0.5193,above,2655.0,48.75,13,OFF-CONTRACT-2Y,2-year contract at 15% off,87.75,0.18,160.42,20.0,No tech support add-on; No online security add-on; Rolling month-to-month contract,NO_TECH_SUPPORT|NO_ONLINE_SECURITY|MONTH_TO_MONTH,OFF-CONTRACT-2Y:160|OFF-CONTRACT-1Y:107|OFF-BUNDLE-ALL:73|OFF-TECHSUP-12:50|OFF-SEC-12:9,,recommended,3,1
2027-FECZV,treatment,0.5272,above,2406.0,106.7,12,OFF-BUNDLE-ALL,"Tech Support + Online Security bundle, 12 months",120.51,0.14,57.07,20.0,No tech support add-on; No online security add-on; Rolling month-to-month contract; Manual payment method; Premium fiber plan,NO_TECH_SUPPORT|NO_ONLINE_SECURITY|MONTH_TO_MONTH|MANUAL_PAYMENT|FIBER_PREMIUM,OFF-BUNDLE-ALL:57|OFF-TECHSUP-12:41|OFF-CONTRACT-2Y:36|OFF-CONTRACT-1Y:24|OFF-SEC-12:3|OFF-AUTOPAY:-9,,recommended,3,1
5103-MHMHY,treatment,0.3732,above,4563.0,45.95,1,OFF-CONTRACT-1Y,1-year contract at 10% off,55.14,0.12,149.21,20.0,No tech support add-on; No online security add-on; No device protection; Rolling month-to-month contract; Manual payment method; Under 12 months tenure,NO_TECH_SUPPORT|NO_ONLINE_SECURITY|NO_DEVICE_PROTECTION|MONTH_TO_MONTH|MANUAL_PAYMENT|NEW_CUSTOMER,OFF-CONTRACT-1Y:149|OFF-BUNDLE-ALL:118|OFF-TECHSUP-12:76|OFF-SEC-12:25|OFF-AUTOPAY:8,,recommended,3,1
0235-KGSLC,treatment,0.7896,above,3967.0,85.55,1,OFF-BUNDLE-ALL,"Tech Support + Online Security bundle, 12 months",120.51,0.14,318.02,20.0,"No tech support add-on; No online security add-on; Rolling month-to-month contract; High bill, few add-ons; Under 12 months tenure; Premium fiber plan",NO_TECH_SUPPORT|NO_ONLINE_SECURITY|MONTH_TO_MONTH|HIGH_CHARGE_LOW_BUNDLE|NEW_CUSTOMER|FIBER_PREMIUM,OFF-BUNDLE-ALL:318|OFF-CONTRACT-1Y:273|OFF-TECHSUP-12:190|OFF-SEC-12:96,,recommended,3,1
3722-WPXTK,treatment,0.9263,above,4254.0,88.35,1,OFF-BUNDLE-ALL,"Tech Support + Online Security bundle, 12 months",120.51,0.14,431.16,20.0,"No tech support add-on; No online security add-on; No device protection; Rolling month-to-month contract; Manual payment method; High bill, few add-ons; Under 12 months tenure; Premium fiber plan",NO_TECH_SUPPORT|NO_ONLINE_SECURITY|NO_DEVICE_PROTECTION|MONTH_TO_MONTH|MANUAL_PAYMENT|HIGH_CHARGE_LOW_BUNDLE|NEW_CUSTOMER|FIBER_PREMIUM,OFF-BUNDLE-ALL:431|OFF-CONTRACT-1Y:367|OFF-TECHSUP-12:255|OFF-SEC-12:137|OFF-AUTOPAY:98,,recommended,3,1
5236-PERKL,treatment,0.0934,below,4738.0,112.95,57,,,0.0,0.0,0.0,20.0,No tech support add-on; Premium fiber plan,NO_TECH_SUPPORT|FIBER_PREMIUM,OFF-TECHSUP-12:-25,OFF-TECHSUP-12:R3_POSITIVE_EV,no_action_needed,3,1
9221-OTIVJ,treatment,0.6876,above,2292.0,104.85,14,OFF-BUNDLE-ALL,"Tech Support + Online Security bundle, 12 months",120.51,0.14,100.13,20.0,No tech support add-on; No online security add-on; Rolling month-to-month contract; Manual payment method; Premium fiber plan,NO_TECH_SUPPORT|NO_ONLINE_SECURITY|MONTH_TO_MONTH|MANUAL_PAYMENT|FIBER_PREMIUM,OFF-BUNDLE-ALL:100|OFF-CONTRACT-2Y:95|OFF-TECHSUP-12:66|OFF-CONTRACT-1Y:63|OFF-SEC-12:19|OFF-AUTOPAY:3,,recommended,3,1
3325-FUYCG,treatment,0.402,above,3770.0,106.1,28,OFF-TECHSUP-12,Tech Support bundled free for 12 months,60.35,0.08,60.89,20.0,No tech support add-on; No device protection; Manual payment method; Premium fiber plan,NO_TECH_SUPPORT|NO_DEVICE_PROTECTION|MANUAL_PAYMENT|FIBER_PREMIUM,OFF-TECHSUP-12:61|OFF-AUTOPAY:1,,recommended,3,1
2609-IAICY,treatment,0.99,above,2756.0,77.15,1,OFF-BUNDLE-ALL,"Tech Support + Online Security bundle, 12 months",120.51,0.14,261.47,20.0,No tech support add-on; No online security add-on; No device protection; Rolling month-to-month contract; Manual payment method; Under 12 months tenure; Premium fiber plan,NO_TECH_SUPPORT|NO_ONLINE_SECURITY|NO_DEVICE_PROTECTION|MONTH_TO_MONTH|MANUAL_PAYMENT|NEW_CUSTOMER|FIBER_PREMIUM,OFF-BUNDLE-ALL:261|OFF-CONTRACT-1Y:235|OFF-TECHSUP-12:158|OFF-SEC-12:76|OFF-AUTOPAY:49,,recommended,3,1
4701-MLJPN,treatment,0.1645,below,2933.0,55.25,31,,,0.0,0.0,0.0,20.0,No online security add-on; Rolling month-to-month contract; Manual payment method,NO_ONLINE_SECURITY|MONTH_TO_MONTH|MANUAL_PAYMENT,OFF-CONTRACT-1Y:-8|OFF-CONTRACT-2Y:-13|OFF-SEC-12:-36|OFF-AUTOPAY:-41,OFF-CONTRACT-1Y:R3_POSITIVE_EV|OFF-CONTRACT-2Y:R3_POSITIVE_EV|OFF-SEC-12:R3_POSITIVE_EV|OFF-AUTOPAY:R3_POSITIVE_EV,no_action_needed,3,1
3707-GNWHM,treatment,0.7951,above,4750.0,74.25,1,OFF-BUNDLE-ALL,"Tech Support + Online Security bundle, 12 months",120.51,0.14,408.23,20.0,No tech support add-on; No online security add-on; No device protection; Rolling month-to-month contract; Manual payment method; Under 12 months tenure; Premium fiber plan,NO_TECH_SUPPORT|NO_ONLINE_SECURITY|NO_DEVICE_PROTECTION|MONTH_TO_MONTH|MANUAL_PAYMENT|NEW_CUSTOMER|FIBER_PREMIUM,OFF-BUNDLE-ALL:408|OFF-CONTRACT-1Y:364|OFF-TECHSUP-12:242|OFF-SEC-12:129|OFF-AUTOPAY:91,,recommended,3,1
8245-UMPYT,treatment,0.6834,above,2688.0,96.4,16,OFF-CONTRACT-2Y,2-year contract at 15% off,173.52,0.18,157.14,20.0,"No tech support add-on; No online security add-on; No device protection; Rolling month-to-month contract; Manual payment method; High bill, few add-ons; Premium fiber plan",NO_TECH_SUPPORT|NO_ONLINE_SECURITY|NO_DEVICE_PROTECTION|MONTH_TO_MONTH|MANUAL_PAYMENT|HIGH_CHARGE_LOW_BUNDLE|FIBER_PREMIUM,OFF-CONTRACT-2Y:157|OFF-BUNDLE-ALL:137|OFF-CONTRACT-1Y:105|OFF-TECHSUP-12:87|OFF-SEC-12:32|OFF-AUTOPAY:13,,recommended,3,1
5186-SAMNZ,treatment,0.8834,above,3273.0,69.5,1,OFF-BUNDLE-ALL,"Tech Support + Online Security bundle, 12 months",120.51,0.14,284.28,20.0,No tech support add-on; No online security add-on; No device protection; Rolling month-to-month contract; Under 12 months tenure; Premium fiber plan,NO_TECH_SUPPORT|NO_ONLINE_SECURITY|NO_DEVICE_PROTECTION|MONTH_TO_MONTH|NEW_CUSTOMER|FIBER_PREMIUM,OFF-BUNDLE-ALL:284|OFF-CONTRACT-1Y:264|OFF-TECHSUP-12:171|OFF-SEC-12:84,,recommended,3,1
5373-SFODM,treatment,0.5501,above,3041.0,85.25,36,OFF-CONTRACT-2Y,2-year contract at 15% off,153.45,0.18,147.66,20.0,"No tech support add-on; No online security add-on; No device protection; Rolling month-to-month contract; High bill, few add-ons; Premium fiber plan",NO_TECH_SUPPORT|NO_ONLINE_SECURITY|NO_DEVICE_PROTECTION|MONTH_TO_MONTH|HIGH_CHARGE_LOW_BUNDLE|FIBER_PREMIUM,OFF-CONTRACT-2Y:148|OFF-BUNDLE-ALL:114|OFF-CONTRACT-1Y:98|OFF-TECHSUP-12:73|OFF-SEC-12:23,,recommended,3,1
5766-ZJYBB,treatment,0.3617,above,4152.0,19.4,1,OFF-CONTRACT-1Y,1-year contract at 10% off,23.28,0.12,156.93,20.0,Rolling month-to-month contract; Manual payment method; Under 12 months tenure; Phone-only account,MONTH_TO_MONTH|MANUAL_PAYMENT|NEW_CUSTOMER|NO_INTERNET,OFF-CONTRACT-1Y:157|OFF-AUTOPAY:0,,recommended,3,1
0952-KMEEH,treatment,0.5528,above,5525.0,98.15,13,OFF-CONTRACT-2Y,2-year contract at 15% off,176.67,0.18,373.09,20.0,No tech support add-on; No device protection; Rolling month-to-month contract; Manual payment method; Premium fiber plan,NO_TECH_SUPPORT|NO_DEVICE_PROTECTION|MONTH_TO_MONTH|MANUAL_PAYMENT|FIBER_PREMIUM,OFF-CONTRACT-2Y:373|OFF-CONTRACT-1Y:249|OFF-TECHSUP-12:184|OFF-AUTOPAY:62,,recommended,3,1
4323-SADQS,treatment,0.2717,above,3520.0,34.5,7,OFF-CONTRACT-2Y,2-year contract at 15% off,62.1,0.18,110.05,20.0,No device protection; Rolling month-to-month contract; Manual payment method; Under 12 months tenure,NO_DEVICE_PROTECTION|MONTH_TO_MONTH|MANUAL_PAYMENT|NEW_CUSTOMER,OFF-CONTRACT-2Y:110|OFF-CONTRACT-1Y:73|OFF-AUTOPAY:-22,,recommended,3,1
6861-XWTWQ,treatment,0.99,above,2487.0,99.25,7,OFF-CONTRACT-2Y,2-year contract at 15% off,178.65,0.18,264.53,20.0,No tech support add-on; No online security add-on; Rolling month-to-month contract; Manual payment method; Under 12 months tenure; Premium fiber plan,NO_TECH_SUPPORT|NO_ONLINE_SECURITY|MONTH_TO_MONTH|MANUAL_PAYMENT|NEW_CUSTOMER|FIBER_PREMIUM,OFF-CONTRACT-2Y:265|OFF-BUNDLE-ALL:224|OFF-CONTRACT-1Y:176|OFF-TECHSUP-12:137|OFF-SEC-12:63|OFF-AUTOPAY:38,,recommended,3,1
4873-ILOLJ,treatment,0.4716,above,5546.0,90.35,24,OFF-CONTRACT-2Y,2-year contract at 15% off,162.63,0.18,308.16,20.0,"No tech support add-on; No online security add-on; No device protection; Rolling month-to-month contract; Manual payment method; High bill, few add-ons; Premium fiber plan",NO_TECH_SUPPORT|NO_ONLINE_SECURITY|NO_DEVICE_PROTECTION|MONTH_TO_MONTH|MANUAL_PAYMENT|HIGH_CHARGE_LOW_BUNDLE|FIBER_PREMIUM,OFF-CONTRACT-2Y:308|OFF-BUNDLE-ALL:246|OFF-CONTRACT-1Y:205|OFF-TECHSUP-12:149|OFF-SEC-12:71|OFF-AUTOPAY:45,,recommended,3,1
4283-FUTGF,treatment,0.5435,above,3715.0,79.85,19,OFF-CONTRACT-2Y,2-year contract at 15% off,143.73,0.18,219.71,20.0,No tech support add-on; No online security add-on; Rolling month-to-month contract; Manual payment method; Premium fiber plan,NO_TECH_SUPPORT|NO_ONLINE_SECURITY|MONTH_TO_MONTH|MANUAL_PAYMENT|FIBER_PREMIUM,OFF-CONTRACT-2Y:220|OFF-BUNDLE-ALL:162|OFF-CONTRACT-1Y:146|OFF-TECHSUP-12:101|OFF-SEC-12:41|OFF-AUTOPAY:21,,recommended,3,1
0431-APWVY,treatment,0.2941,above,5958.0,90.1,28,OFF-BUNDLE-ALL,"Tech Support + Online Security bundle, 12 months",120.51,0.14,124.8,20.0,"No tech support add-on; No online security add-on; No device protection; High bill, few add-ons; Premium fiber plan",NO_TECH_SUPPORT|NO_ONLINE_SECURITY|NO_DEVICE_PROTECTION|HIGH_CHARGE_LOW_BUNDLE|FIBER_PREMIUM,OFF-BUNDLE-ALL:125|OFF-TECHSUP-12:80|OFF-SEC-12:27,,recommended,3,1
1143-NMNQJ,treatment,0.8834,above,2187.0,85.7,2,OFF-BUNDLE-ALL,"Tech Support + Online Security bundle, 12 months",120.51,0.14,149.97,20.0,"No tech support add-on; No online security add-on; No device protection; Rolling month-to-month contract; Manual payment method; High bill, few add-ons; Under 12 months tenure; Premium fiber plan",NO_TECH_SUPPORT|NO_ONLINE_SECURITY|NO_DEVICE_PROTECTION|MONTH_TO_MONTH|MANUAL_PAYMENT|HIGH_CHARGE_LOW_BUNDLE|NEW_CUSTOMER|FIBER_PREMIUM,OFF-BUNDLE-ALL:150|OFF-CONTRACT-1Y:129|OFF-TECHSUP-12:94|OFF-SEC-12:36|OFF-AUTOPAY:17,,recommended,3,1
2495-INZWQ,treatment,0.6236,above,5605.0,44.55,4,OFF-CONTRACT-1Y,1-year contract at 10% off,53.46,0.12,365.97,20.0,No tech support add-on; No online security add-on; No device protection; Rolling month-to-month contract; Manual payment method; Under 12 months tenure,NO_TECH_SUPPORT|NO_ONLINE_SECURITY|NO_DEVICE_PROTECTION|MONTH_TO_MONTH|MANUAL_PAYMENT|NEW_CUSTOMER,OFF-BUNDLE-ALL:369|OFF-CONTRACT-1Y:366|OFF-TECHSUP-12:219|OFF-SEC-12:115|OFF-AUTOPAY:80,OFF-BUNDLE-ALL:R2_MARGIN_FLOOR,recommended,3,1
6857-VWJDT,treatment,0.8727,above,3473.0,95.65,1,OFF-BUNDLE-ALL,"Tech Support + Online Security bundle, 12 months",120.51,0.14,303.81,20.0,"No tech support add-on; No online security add-on; No device protection; Rolling month-to-month contract; Manual payment method; High bill, few add-ons; Under 12 months tenure; Premium fiber plan",NO_TECH_SUPPORT|NO_ONLINE_SECURITY|NO_DEVICE_PROTECTION|MONTH_TO_MONTH|MANUAL_PAYMENT|HIGH_CHARGE_LOW_BUNDLE|NEW_CUSTOMER|FIBER_PREMIUM,OFF-BUNDLE-ALL:304|OFF-CONTRACT-1Y:249|OFF-TECHSUP-12:182|OFF-SEC-12:91|OFF-AUTOPAY:61,,recommended,3,1
7503-QQRVF,treatment,0.534,above,2076.0,74.3,16,OFF-CONTRACT-2Y,2-year contract at 15% off,133.74,0.18,65.81,20.0,No tech support add-on; No online security add-on; No device protection; Rolling month-to-month contract; Premium fiber plan,NO_TECH_SUPPORT|NO_ONLINE_SECURITY|NO_DEVICE_PROTECTION|MONTH_TO_MONTH|FIBER_PREMIUM,OFF-CONTRACT-2Y:66|OFF-CONTRACT-1Y:44|OFF-BUNDLE-ALL:35|OFF-TECHSUP-12:28|OFF-SEC-12:-5,,recommended,3,1
6023-YEBUP,treatment,0.8827,above,5351.0,100.95,3,OFF-BUNDLE-ALL,"Tech Support + Online Security bundle, 12 months",120.51,0.14,540.76,20.0,No tech support add-on; No online security add-on; Rolling month-to-month contract; Manual payment method; Under 12 months tenure; Premium fiber plan,NO_TECH_SUPPORT|NO_ONLINE_SECURITY|MONTH_TO_MONTH|MANUAL_PAYMENT|NEW_CUSTOMER|FIBER_PREMIUM,OFF-BUNDLE-ALL:541|OFF-CONTRACT-1Y:446|OFF-TECHSUP-12:318|OFF-SEC-12:176|OFF-AUTOPAY:129,,recommended,3,1
7209-JCUDS,treatment,0.7019,above,2832.0,94.9,10,OFF-CONTRACT-2Y,2-year contract at 15% off,170.82,0.18,186.98,20.0,No tech support add-on; No online security add-on; Rolling month-to-month contract; Manual payment method; Under 12 months tenure; Premium fiber plan,NO_TECH_SUPPORT|NO_ONLINE_SECURITY|MONTH_TO_MONTH|MANUAL_PAYMENT|NEW_CUSTOMER|FIBER_PREMIUM,OFF-CONTRACT-2Y:187|OFF-BUNDLE-ALL:158|OFF-CONTRACT-1Y:125|OFF-TECHSUP-12:99|OFF-SEC-12:39|OFF-AUTOPAY:20,,recommended,3,1
0310-MVLET,treatment,0.4051,above,5612.0,99.15,61,OFF-CONTRACT-2Y,2-year contract at 15% off,178.47,0.18,230.75,20.0,No tech support add-on; No online security add-on; No device protection; Rolling month-to-month contract; Manual payment method; Premium fiber plan,NO_TECH_SUPPORT|NO_ONLINE_SECURITY|NO_DEVICE_PROTECTION|MONTH_TO_MONTH|MANUAL_PAYMENT|FIBER_PREMIUM,OFF-CONTRACT-2Y:231|OFF-BUNDLE-ALL:198|OFF-CONTRACT-1Y:154|OFF-TECHSUP-12:122|OFF-SEC-12:54|OFF-AUTOPAY:31,,recommended,3,1
7409-KIUTL,treatment,0.794,above,5345.0,71.0,1,OFF-BUNDLE-ALL,"Tech Support + Online Security bundle, 12 months",120.51,0.14,473.64,20.0,No tech support add-on; No online security add-on; No device protection; Rolling month-to-month contract; Manual payment method; Under 12 months tenure; Premium fiber plan,NO_TECH_SUPPORT|NO_ONLINE_SECURITY|NO_DEVICE_PROTECTION|MONTH_TO_MONTH|MANUAL_PAYMENT|NEW_CUSTOMER|FIBER_PREMIUM,OFF-BUNDLE-ALL:474|OFF-CONTRACT-1Y:424|OFF-TECHSUP-12:279|OFF-SEC-12:152|OFF-AUTOPAY:110,,recommended,3,1
8869-TORSS,control,0.0905,below,2681.0,60.35,48,,,0.0,0.0,0.0,20.0,,,,,no_action_needed,3,1
0679-IDSTG,treatment,0.99,above,4568.0,69.25,1,OFF-BUNDLE-ALL,"Tech Support + Online Security bundle, 12 months",120.51,0.14,512.61,20.0,No tech support add-on; No online security add-on; No device protection; Rolling month-to-month contract; Manual payment method; Under 12 months tenure; Premium fiber plan,NO_TECH_SUPPORT|NO_ONLINE_SECURITY|NO_DEVICE_PROTECTION|MONTH_TO_MONTH|MANUAL_PAYMENT|NEW_CUSTOMER|FIBER_PREMIUM,OFF-BUNDLE-ALL:513|OFF-CONTRACT-1Y:460|OFF-TECHSUP-12:301|OFF-SEC-12:166|OFF-AUTOPAY:121,,recommended,3,1
9747-DDZOS,treatment,0.6089,above,4378.0,73.5,1,OFF-BUNDLE-ALL,"Tech Support + Online Security bundle, 12 months",120.51,0.14,252.7,20.0,No tech support add-on; No online security add-on; Rolling month-to-month contract; Under 12 months tenure; Premium fiber plan,NO_TECH_SUPPORT|NO_ONLINE_SECURITY|MONTH_TO_MONTH|NEW_CUSTOMER|FIBER_PREMIUM,OFF-BUNDLE-ALL:253|OFF-CONTRACT-1Y:232|OFF-TECHSUP-12:153|OFF-SEC-12:73,,recommended,3,1
7410-YTJIK,treatment,0.4823,above,2872.0,75.45,7,OFF-CONTRACT-2Y,2-year contract at 15% off,135.81,0.18,113.52,20.0,No tech support add-on; No online security add-on; No device protection; Rolling month-to-month contract; Manual payment method; Under 12 months tenure; Premium fiber plan,NO_TECH_SUPPORT|NO_ONLINE_SECURITY|NO_DEVICE_PROTECTION|MONTH_TO_MONTH|MANUAL_PAYMENT|NEW_CUSTOMER|FIBER_PREMIUM,OFF-CONTRACT-2Y:114|OFF-CONTRACT-1Y:76|OFF-BUNDLE-ALL:73|OFF-TECHSUP-12:50|OFF-SEC-12:9|OFF-AUTOPAY:-5,,recommended,3,1
3237-AJGEH,treatment,0.236,below,5122.0,31.0,3,OFF-CONTRACT-1Y,1-year contract at 10% off,37.2,0.12,107.86,20.0,No online security add-on; No device protection; Rolling month-to-month contract; Manual payment method; Under 12 months tenure,NO_ONLINE_SECURITY|NO_DEVICE_PROTECTION|MONTH_TO_MONTH|MANUAL_PAYMENT|NEW_CUSTOMER,OFF-CONTRACT-1Y:108|OFF-SEC-12:0|OFF-AUTOPAY:-12,,recommended,3,1
2309-OSFEU,treatment,0.4336,above,2529.0,33.9,10,OFF-CONTRACT-2Y,2-year contract at 15% off,61.02,0.18,136.36,20.0,No tech support add-on; No online security add-on; No device protection; Rolling month-to-month contract; Manual payment method; Under 12 months tenure,NO_TECH_SUPPORT|NO_ONLINE_SECURITY|NO_DEVICE_PROTECTION|MONTH_TO_MONTH|MANUAL_PAYMENT|NEW_CUSTOMER,OFF-CONTRACT-2Y:136|OFF-CONTRACT-1Y:91|OFF-BUNDLE-ALL:33|OFF-TECHSUP-12:27|OFF-SEC-12:-5|OFF-AUTOPAY:-16,,recommended,3,1
9685-WKZGT,treatment,0.6304,above,2075.0,74.95,14,OFF-CONTRACT-2Y,2-year contract at 15% off,134.91,0.18,100.54,20.0,No tech support add-on; No online security add-on; No device protection; Rolling month-to-month contract; Manual payment method; Premium fiber plan,NO_TECH_SUPPORT|NO_ONLINE_SECURITY|NO_DEVICE_PROTECTION|MONTH_TO_MONTH|MANUAL_PAYMENT|FIBER_PREMIUM,OFF-CONTRACT-2Y:101|OFF-CONTRACT-1Y:67|OFF-BUNDLE-ALL:63|OFF-TECHSUP-12:44|OFF-SEC-12:5|OFF-AUTOPAY:-8,,recommended,3,1
6022-UGGSO,treatment,0.5261,above,2091.0,74.4,32,OFF-CONTRACT-2Y,2-year contract at 15% off,133.92,0.18,64.09,20.0,No tech support add-on; No online security add-on; No device protection; Rolling month-to-month contract; Manual payment method; Premium fiber plan,NO_TECH_SUPPORT|NO_ONLINE_SECURITY|NO_DEVICE_PROTECTION|MONTH_TO_MONTH|MANUAL_PAYMENT|FIBER_PREMIUM,OFF-CONTRACT-2Y:64|OFF-CONTRACT-1Y:43|OFF-BUNDLE-ALL:34|OFF-TECHSUP-12:28|OFF-SEC-12:-5|OFF-AUTOPAY:-16,,recommended,3,1
3923-CSIHK,treatment,0.3627,above,5746.0,71.05,50,OFF-CONTRACT-2Y,2-year contract at 15% off,127.89,0.18,247.24,20.0,No tech support add-on; No online security add-on; No device protection; Rolling month-to-month contract; Manual payment method; Premium fiber plan,NO_TECH_SUPPORT|NO_ONLINE_SECURITY|NO_DEVICE_PROTECTION|MONTH_TO_MONTH|MANUAL_PAYMENT|FIBER_PREMIUM,OFF-CONTRACT-2Y:247|OFF-BUNDLE-ALL:171|OFF-CONTRACT-1Y:165|OFF-TECHSUP-12:106|OFF-SEC-12:44|OFF-AUTOPAY:23,,recommended,3,1
3677-IYRBF,treatment,0.7737,above,4002.0,30.4,2,OFF-CONTRACT-1Y,1-year contract at 10% off,36.48,0.12,335.08,20.0,No tech support add-on; No online security add-on; Rolling month-to-month contract; Manual payment method; Under 12 months tenure,NO_TECH_SUPPORT|NO_ONLINE_SECURITY|MONTH_TO_MONTH|MANUAL_PAYMENT|NEW_CUSTOMER,OFF-CONTRACT-1Y:335|OFF-BUNDLE-ALL:313|OFF-TECHSUP-12:187|OFF-SEC-12:95|OFF-AUTOPAY:64,,recommended,3,1
5692-FPTAH,treatment,0.5608,above,2168.0,45.4,1,OFF-CONTRACT-1Y,1-year contract at 10% off,54.48,0.12,91.42,20.0,No tech support add-on; No online security add-on; No device protection; Rolling month-to-month contract; Manual payment method; Under 12 months tenure,NO_TECH_SUPPORT|NO_ONLINE_SECURITY|NO_DEVICE_PROTECTION|MONTH_TO_MONTH|MANUAL_PAYMENT|NEW_CUSTOMER,OFF-CONTRACT-1Y:91|OFF-BUNDLE-ALL:50|OFF-TECHSUP-12:37|OFF-SEC-12:1|OFF-AUTOPAY:-11,,recommended,3,1
1550-LOAHA,treatment,0.4721,above,4017.0,84.15,32,OFF-CONTRACT-2Y,2-year contract at 15% off,151.47,0.18,189.89,20.0,"No tech support add-on; No online security add-on; No device protection; Rolling month-to-month contract; High bill, few add-ons; Premium fiber plan",NO_TECH_SUPPORT|NO_ONLINE_SECURITY|NO_DEVICE_PROTECTION|MONTH_TO_MONTH|HIGH_CHARGE_LOW_BUNDLE|FIBER_PREMIUM,OFF-CONTRACT-2Y:190|OFF-BUNDLE-ALL:145|OFF-CONTRACT-1Y:127|OFF-TECHSUP-12:91|OFF-SEC-12:35,,recommended,3,1
0876-WDUUZ,treatment,0.6179,above,3716.0,85.4,5,OFF-CONTRACT-1Y,1-year contract at 10% off,102.48,0.12,173.05,20.0,"No online security add-on; No device protection; Rolling month-to-month contract; High bill, few add-ons; Under 12 months tenure; Premium fiber plan",NO_ONLINE_SECURITY|NO_DEVICE_PROTECTION|MONTH_TO_MONTH|HIGH_CHARGE_LOW_BUNDLE|NEW_CUSTOMER|FIBER_PREMIUM,OFF-CONTRACT-1Y:173|OFF-SEC-12:55,,recommended,3,1
7005-CCBKV,treatment,0.582,above,4539.0,84.4,6,OFF-CONTRACT-2Y,2-year contract at 15% off,151.92,0.18,323.59,20.0,"No tech support add-on; No online security add-on; No device protection; Rolling month-to-month contract; Manual payment method; High bill, few add-ons; Under 12 months tenure; Premium fiber plan",NO_TECH_SUPPORT|NO_ONLINE_SECURITY|NO_DEVICE_PROTECTION|MONTH_TO_MONTH|MANUAL_PAYMENT|HIGH_CHARGE_LOW_BUNDLE|NEW_CUSTOMER|FIBER_PREMIUM,OFF-CONTRACT-2Y:324|OFF-BUNDLE-ALL:249|OFF-CONTRACT-1Y:216|OFF-TECHSUP-12:151|OFF-SEC-12:72|OFF-AUTOPAY:46,,recommended,3,1
6376-GAHQE,treatment,0.582,above,2140.0,77.85,4,OFF-CONTRACT-1Y,1-year contract at 10% off,93.42,0.12,56.04,20.0,No tech support add-on; No online security add-on; No device protection; Rolling month-to-month contract; Manual payment method; Under 12 months tenure; Premium fiber plan,NO_TECH_SUPPORT|NO_ONLINE_SECURITY|NO_DEVICE_PROTECTION|MONTH_TO_MONTH|MANUAL_PAYMENT|NEW_CUSTOMER|FIBER_PREMIUM,OFF-CONTRACT-1Y:56|OFF-BUNDLE-ALL:54|OFF-TECHSUP-12:39|OFF-SEC-12:2|OFF-AUTOPAY:-10,,recommended,3,1
5052-PNLOS,control,0.7773,above,3662.0,105.35,3,OFF-BUNDLE-ALL,"Tech Support + Online Security bundle, 12 months",120.51,0.14,278.0,20.0,No tech support add-on; No online security add-on; Rolling month-to-month contract; Under 12 months tenure; Premium fiber plan,NO_TECH_SUPPORT|NO_ONLINE_SECURITY|MONTH_TO_MONTH|NEW_CUSTOMER|FIBER_PREMIUM,OFF-BUNDLE-ALL:278|OFF-CONTRACT-1Y:215|OFF-TECHSUP-12:167|OFF-SEC-12:82,,recommended,3,1
6979-ZNSFF,treatment,0.7549,above,2545.0,87.05,8,OFF-CONTRACT-2Y,2-year contract at 15% off,156.69,0.18,189.13,20.0,"No tech support add-on; No online security add-on; No device protection; Rolling month-to-month contract; Manual payment method; High bill, few add-ons; Under 12 months tenure; Premium fiber plan",NO_TECH_SUPPORT|NO_ONLINE_SECURITY|NO_DEVICE_PROTECTION|MONTH_TO_MONTH|MANUAL_PAYMENT|HIGH_CHARGE_LOW_BUNDLE|NEW_CUSTOMER|FIBER_PREMIUM,OFF-CONTRACT-2Y:189|OFF-BUNDLE-ALL:148|OFF-CONTRACT-1Y:126|OFF-TECHSUP-12:93|OFF-SEC-12:36|OFF-AUTOPAY:17,,recommended,3,1
2386-LAHRK,treatment,0.6138,above,5094.0,53.5,1,OFF-CONTRACT-1Y,1-year contract at 10% off,64.2,0.12,311.0,20.0,No tech support add-on; No online security add-on; No device protection; Rolling month-to-month contract; Manual payment method; Under 12 months tenure,NO_TECH_SUPPORT|NO_ONLINE_SECURITY|NO_DEVICE_PROTECTION|MONTH_TO_MONTH|MANUAL_PAYMENT|NEW_CUSTOMER,OFF-BUNDLE-ALL:317|OFF-CONTRACT-1Y:311|OFF-TECHSUP-12:190|OFF-SEC-12:96|OFF-AUTOPAY:65,OFF-BUNDLE-ALL:R2_MARGIN_FLOOR,recommended,3,1
4892-VLANZ,treatment,0.3932,above,5600.0,19.8,1,OFF-CONTRACT-1Y,1-year contract at 10% off,23.76,0.12,240.47,20.0,Rolling month-to-month contract; Manual payment method; Under 12 months tenure; Phone-only account,MONTH_TO_MONTH|MANUAL_PAYMENT|NEW_CUSTOMER|NO_INTERNET,OFF-CONTRACT-1Y:240|OFF-AUTOPAY:28,,recommended,3,1
2919-HBCJO,treatment,0.5805,above,4580.0,76.65,4,OFF-BUNDLE-ALL,"Tech Support + Online Security bundle, 12 months",120.51,0.14,251.71,20.0,No tech support add-on; No online security add-on; No device protection; Rolling month-to-month contract; Under 12 months tenure; Premium fiber plan,NO_TECH_SUPPORT|NO_ONLINE_SECURITY|NO_DEVICE_PROTECTION|MONTH_TO_MONTH|NEW_CUSTOMER|FIBER_PREMIUM,OFF-BUNDLE-ALL:252|OFF-CONTRACT-1Y:227|OFF-TECHSUP-12:152|OFF-SEC-12:73,,recommended,3,1
7410-KTVFV,treatment,0.3005,above,2815.0,49.55,18,OFF-CONTRACT-2Y,2-year contract at 15% off,89.19,0.18,63.07,20.0,No tech support add-on; No online security add-on; Rolling month-to-month contract; Manual payment method,NO_TECH_SUPPORT|NO_ONLINE_SECURITY|MONTH_TO_MONTH|MANUAL_PAYMENT,OFF-CONTRACT-2Y:63|OFF-CONTRACT-1Y:42|OFF-TECHSUP-12:7|OFF-BUNDLE-ALL:-2|OFF-SEC-12:-18|OFF-AUTOPAY:-26,,recommended,3,1
8393-DLHGA,treatment,0.5993,above,2241.0,95.9,25,OFF-CONTRACT-2Y,2-year contract at 15% off,172.62,0.18,69.13,20.0,No tech support add-on; No online security add-on; No device protection; Rolling month-to-month contract; Manual payment method; Premium fiber plan,NO_TECH_SUPPORT|NO_ONLINE_SECURITY|NO_DEVICE_PROTECTION|MONTH_TO_MONTH|MANUAL_PAYMENT|FIBER_PREMIUM,OFF-CONTRACT-2Y:69|OFF-BUNDLE-ALL:68|OFF-TECHSUP-12:47|OFF-CONTRACT-1Y:46|OFF-SEC-12:7|OFF-AUTOPAY:-6,,recommended,3,1
9907-SWKKF,treatment,0.6352,above,4842.0,25.05,1,OFF-CONTRACT-1Y,1-year contract at 10% off,30.06,0.12,339.02,20.0,No tech support add-on; No online security add-on; No device protection; Rolling month-to-month contract; Manual payment method; Under 12 months tenure,NO_TECH_SUPPORT|NO_ONLINE_SECURITY|NO_DEVICE_PROTECTION|MONTH_TO_MONTH|MANUAL_PAYMENT|NEW_CUSTOMER,OFF-CONTRACT-1Y:339|OFF-BUNDLE-ALL:310|OFF-TECHSUP-12:186|OFF-SEC-12:94|OFF-AUTOPAY:63,,recommended,3,1
3523-QRQLL,treatment,0.2627,below,5922.0,69.5,22,OFF-BUNDLE-ALL,"Tech Support + Online Security bundle, 12 months",120.51,0.14,97.29,20.0,No tech support add-on; No online security add-on; No device protection,NO_TECH_SUPPORT|NO_ONLINE_SECURITY|NO_DEVICE_PROTECTION,OFF-BUNDLE-ALL:97|OFF-TECHSUP-12:64|OFF-SEC-12:18,,recommended,3,1
7250-EQKIY,treatment,0.4918,above,2426.0,50.45,1,OFF-CONTRACT-1Y,1-year contract at 10% off,60.54,0.12,82.63,20.0,No tech support add-on; No online security add-on; Rolling month-to-month contract; Manual payment method; Under 12 months tenure,NO_TECH_SUPPORT|NO_ONLINE_SECURITY|MONTH_TO_MONTH|MANUAL_PAYMENT|NEW_CUSTOMER,OFF-CONTRACT-1Y:83|OFF-BUNDLE-ALL:47|OFF-TECHSUP-12:35|OFF-SEC-12:-0|OFF-AUTOPAY:-12,,recommended,3,1
8849-GYOKR,treatment,0.3221,above,4893.0,106.55,54,OFF-TECHSUP-12,Tech Support bundled free for 12 months,60.35,0.08,65.73,20.0,No tech support add-on; No device protection; Premium fiber plan,NO_TECH_SUPPORT|NO_DEVICE_PROTECTION|FIBER_PREMIUM,OFF-TECHSUP-12:66,,recommended,3,1
9710-ZUSHQ,treatment,0.2694,above,5849.0,106.75,37,OFF-CONTRACT-2Y,2-year contract at 15% off,192.15,0.18,91.48,20.0,No tech support add-on; No device protection; Rolling month-to-month contract; Premium fiber plan,NO_TECH_SUPPORT|NO_DEVICE_PROTECTION|MONTH_TO_MONTH|FIBER_PREMIUM,OFF-CONTRACT-2Y:91|OFF-TECHSUP-12:66|OFF-CONTRACT-1Y:61,,recommended,3,1
5828-AVIPD,treatment,0.4998,above,4072.0,100.95,19,OFF-SEC-12,Online Security bundled free for 12 months,60.16,0.05,41.6,20.0,No online security add-on; No device protection; Manual payment method; Premium fiber plan,NO_ONLINE_SECURITY|NO_DEVICE_PROTECTION|MANUAL_PAYMENT|FIBER_PREMIUM,OFF-SEC-12:42|OFF-AUTOPAY:21,,recommended,3,1
7663-RGWBC,treatment,0.4876,above,4773.0,44.15,1,OFF-CONTRACT-1Y,1-year contract at 10% off,52.98,0.12,226.3,20.0,No tech support add-on; No online security add-on; No device protection; Rolling month-to-month contract; Manual payment method; Under 12 months tenure,NO_TECH_SUPPORT|NO_ONLINE_SECURITY|NO_DEVICE_PROTECTION|MONTH_TO_MONTH|MANUAL_PAYMENT|NEW_CUSTOMER,OFF-CONTRACT-1Y:226|OFF-BUNDLE-ALL:205|OFF-TECHSUP-12:126|OFF-SEC-12:56|OFF-AUTOPAY:33,,recommended,3,1
3891-PUQOD,treatment,0.5362,above,5020.0,59.2,1,OFF-BUNDLE-ALL,"Tech Support + Online Security bundle, 12 months",120.51,0.14,256.33,20.0,No tech support add-on; No online security add-on; Rolling month-to-month contract; Manual payment method; Under 12 months tenure,NO_TECH_SUPPORT|NO_ONLINE_SECURITY|MONTH_TO_MONTH|MANUAL_PAYMENT|NEW_CUSTOMER,OFF-BUNDLE-ALL:256|OFF-CONTRACT-1Y:252|OFF-TECHSUP-12:155|OFF-SEC-12:74|OFF-AUTOPAY:48,,recommended,3,1
3658-KIBGF,control,0.4924,above,2833.0,54.9,1,OFF-CONTRACT-1Y,1-year contract at 10% off,65.88,0.12,101.52,20.0,No tech support add-on; No device protection; Rolling month-to-month contract; Manual payment method; Under 12 months tenure,NO_TECH_SUPPORT|NO_DEVICE_PROTECTION|MONTH_TO_MONTH|MANUAL_PAYMENT|NEW_CUSTOMER,OFF-CONTRACT-1Y:102|OFF-TECHSUP-12:51|OFF-AUTOPAY:-4,,recommended,3,1
4946-EDSEW,treatment,0.0397,below,5638.0,19.25,11,,,0.0,0.0,0.0,20.0,Rolling month-to-month contract; Manual payment method; Under 12 months tenure; Phone-only account,MONTH_TO_MONTH|MANUAL_PAYMENT|NEW_CUSTOMER|NO_INTERNET,OFF-CONTRACT-2Y:6|OFF-CONTRACT-1Y:4|OFF-AUTOPAY:-51,OFF-CONTRACT-2Y:R3_POSITIVE_EV|OFF-CONTRACT-1Y:R3_POSITIVE_EV|OFF-AUTOPAY:R2_MARGIN_FLOOR,no_action_needed,3,1
5178-LMXOP,treatment,0.9541,above,5795.0,95.1,1,OFF-BUNDLE-ALL,"Tech Support + Online Security bundle, 12 months",120.51,0.14,653.55,20.0,"No tech support add-on; No online security add-on; No device protection; Rolling month-to-month contract; Manual payment method; High bill, few add-ons; Under 12 months tenure; Premium fiber plan",NO_TECH_SUPPORT|NO_ONLINE_SECURITY|NO_DEVICE_PROTECTION|MONTH_TO_MONTH|MANUAL_PAYMENT|HIGH_CHARGE_LOW_BUNDLE|NEW_CUSTOMER|FIBER_PREMIUM,OFF-BUNDLE-ALL:654|OFF-CONTRACT-1Y:549|OFF-TECHSUP-12:382|OFF-SEC-12:216|OFF-AUTOPAY:161,,recommended,3,1
2108-YKQTY,treatment,0.3442,above,4930.0,50.7,4,OFF-CONTRACT-1Y,1-year contract at 10% off,60.84,0.12,142.79,20.0,No tech support add-on; No online security add-on; No device protection; Rolling month-to-month contract; Under 12 months tenure,NO_TECH_SUPPORT|NO_ONLINE_SECURITY|NO_DEVICE_PROTECTION|MONTH_TO_MONTH|NEW_CUSTOMER,OFF-CONTRACT-1Y:143|OFF-BUNDLE-ALL:117|OFF-TECHSUP-12:75|OFF-SEC-12:25,,recommended,3,1
7056-IMHCC,treatment,0.6514,above,5884.0,101.9,53,OFF-CONTRACT-2Y,2-year contract at 15% off,183.42,0.18,506.49,20.0,No tech support add-on; No online security add-on; No device protection; Rolling month-to-month contract; Manual payment method; Premium fiber plan,NO_TECH_SUPPORT|NO_ONLINE_SECURITY|NO_DEVICE_PROTECTION|MONTH_TO_MONTH|MANUAL_PAYMENT|FIBER_PREMIUM,OFF-CONTRACT-2Y:506|OFF-BUNDLE-ALL:416|OFF-CONTRACT-1Y:338|OFF-TECHSUP-12:246|OFF-SEC-12:131|OFF-AUTOPAY:93,,recommended,3,1
5949-EBSQK,treatment,0.1321,below,2131.0,61.45,4,,,0.0,0.0,0.0,20.0,No online security add-on; No device protection; Rolling month-to-month contract; Under 12 months tenure,NO_ONLINE_SECURITY|NO_DEVICE_PROTECTION|MONTH_TO_MONTH|NEW_CUSTOMER,OFF-CONTRACT-1Y:-40|OFF-SEC-12:-46,OFF-CONTRACT-1Y:R3_POSITIVE_EV|OFF-SEC-12:R3_POSITIVE_EV,no_action_needed,3,1
7587-RZNME,treatment,0.543,above,4849.0,43.3,3,OFF-CONTRACT-1Y,1-year contract at 10% off,51.96,0.12,264.0,20.0,No tech support add-on; No online security add-on; No device protection; Rolling month-to-month contract; Manual payment method; Under 12 months tenure,NO_TECH_SUPPORT|NO_ONLINE_SECURITY|NO_DEVICE_PROTECTION|MONTH_TO_MONTH|MANUAL_PAYMENT|NEW_CUSTOMER,OFF-CONTRACT-1Y:264|OFF-BUNDLE-ALL:248|OFF-TECHSUP-12:150|OFF-SEC-12:71|OFF-AUTOPAY:45,,recommended,3,1
4706-AXVKM,treatment,0.6719,above,5118.0,84.8,11,OFF-CONTRACT-2Y,2-year contract at 15% off,152.64,0.18,466.34,20.0,"No tech support add-on; No online security add-on; No device protection; Rolling month-to-month contract; High bill, few add-ons; Under 12 months tenure; Premium fiber plan",NO_TECH_SUPPORT|NO_ONLINE_SECURITY|NO_DEVICE_PROTECTION|MONTH_TO_MONTH|HIGH_CHARGE_LOW_BUNDLE|NEW_CUSTOMER|FIBER_PREMIUM,OFF-CONTRACT-2Y:466|OFF-BUNDLE-ALL:361|OFF-CONTRACT-1Y:311|OFF-TECHSUP-12:215|OFF-SEC-12:112,,recommended,3,1
5889-JTMUL,treatment,0.5193,above,5863.0,95.05,50,OFF-CONTRACT-2Y,2-year contract at 15% off,171.09,0.18,376.95,20.0,No tech support add-on; No online security add-on; Rolling month-to-month contract; Manual payment method; Premium fiber plan,NO_TECH_SUPPORT|NO_ONLINE_SECURITY|MONTH_TO_MONTH|MANUAL_PAYMENT|FIBER_PREMIUM,OFF-CONTRACT-2Y:377|OFF-BUNDLE-ALL:306|OFF-CONTRACT-1Y:251|OFF-TECHSUP-12:183|OFF-SEC-12:92|OFF-AUTOPAY:62,,recommended,3,1
2165-VOEGB,treatment,0.2805,above,3322.0,105.2,46,,,0.0,0.0,0.0,20.0,No device protection; Premium fiber plan,NO_DEVICE_PROTECTION|FIBER_PREMIUM,,,review_no_applicable_offer,3,1
8914-RBTSB,treatment,0.534,above,4115.0,93.8,31,OFF-CONTRACT-2Y,2-year contract at 15% off,168.84,0.18,226.69,20.0,No tech support add-on; No online security add-on; Rolling month-to-month contract; Manual payment method; Premium fiber plan,NO_TECH_SUPPORT|NO_ONLINE_SECURITY|MONTH_TO_MONTH|MANUAL_PAYMENT|FIBER_PREMIUM,OFF-CONTRACT-2Y:227|OFF-BUNDLE-ALL:187|OFF-CONTRACT-1Y:151|OFF-TECHSUP-12:115|OFF-SEC-12:50|OFF-AUTOPAY:28,,recommended,3,1
0963-ZBDRN,treatment,0.4037,above,3606.0,96.2,32,OFF-CONTRACT-2Y,2-year contract at 15% off,173.16,0.18,88.87,20.0,No online security add-on; No device protection; Rolling month-to-month contract; Manual payment method; Premium fiber plan,NO_ONLINE_SECURITY|NO_DEVICE_PROTECTION|MONTH_TO_MONTH|MANUAL_PAYMENT|FIBER_PREMIUM,OFF-CONTRACT-2Y:89|OFF-CONTRACT-1Y:59|OFF-SEC-12:13|OFF-AUTOPAY:-2,,recommended,3,1
4317-VTEOA,treatment,0.574,above,5355.0,50.75,1,OFF-CONTRACT-1Y,1-year contract at 10% off,60.9,0.12,307.95,20.0,No tech support add-on; No online security add-on; No device protection; Rolling month-to-month contract; Manual payment method; Under 12 months tenure,NO_TECH_SUPPORT|NO_ONLINE_SECURITY|NO_DEVICE_PROTECTION|MONTH_TO_MONTH|MANUAL_PAYMENT|NEW_CUSTOMER,OFF-BUNDLE-ALL:310|OFF-CONTRACT-1Y:308|OFF-TECHSUP-12:186|OFF-SEC-12:94|OFF-AUTOPAY:63,OFF-BUNDLE-ALL:R2_MARGIN_FLOOR,recommended,3,1
9986-BONCE,treatment,0.176,below,5822.0,20.95,4,OFF-CONTRACT-1Y,1-year contract at 10% off,25.14,0.12,97.82,20.0,Rolling month-to-month contract; Under 12 months tenure; Phone-only account,MONTH_TO_MONTH|NEW_CUSTOMER|NO_INTERNET,OFF-CONTRACT-1Y:98,,recommended,3,1
7579-OOPEC,treatment,0.4285,above,5461.0,50.15,2,OFF-CONTRACT-1Y,1-year contract at 10% off,60.18,0.12,220.62,20.0,No tech support add-on; No online security add-on; No device protection; Rolling month-to-month contract; Under 12 months tenure,NO_TECH_SUPPORT|NO_ONLINE_SECURITY|NO_DEVICE_PROTECTION|MONTH_TO_MONTH|NEW_CUSTOMER,OFF-CONTRACT-1Y:221|OFF-BUNDLE-ALL:207|OFF-TECHSUP-12:127|OFF-SEC-12:57,,recommended,3,1
9378-FXTIZ,treatment,0.1849,below,4596.0,70.15,54,,,0.0,0.0,0.0,20.0,No tech support add-on; No online security add-on; No device protection,NO_TECH_SUPPORT|NO_ONLINE_SECURITY|NO_DEVICE_PROTECTION,OFF-TECHSUP-12:8|OFF-BUNDLE-ALL:-2|OFF-SEC-12:-18,OFF-TECHSUP-12:R3_POSITIVE_EV|OFF-BUNDLE-ALL:R3_POSITIVE_EV|OFF-SEC-12:R3_POSITIVE_EV,no_action_needed,3,1
1240-KNSEZ,treatment,0.574,above,4933.0,20.1,1,OFF-CONTRACT-1Y,1-year contract at 10% off,24.12,0.12,315.67,20.0,Rolling month-to-month contract; Manual payment method; Under 12 months tenure; Phone-only account,MONTH_TO_MONTH|MANUAL_PAYMENT|NEW_CUSTOMER|NO_INTERNET,OFF-CONTRACT-1Y:316|OFF-AUTOPAY:53,,recommended,3,1
3716-BDVDB,treatment,0.8862,above,5795.0,69.1,1,OFF-BUNDLE-ALL,"Tech Support + Online Security bundle, 12 months",120.51,0.14,598.46,20.0,No tech support add-on; No online security add-on; No device protection; Rolling month-to-month contract; Manual payment method; Under 12 months tenure; Premium fiber plan,NO_TECH_SUPPORT|NO_ONLINE_SECURITY|NO_DEVICE_PROTECTION|MONTH_TO_MONTH|MANUAL_PAYMENT|NEW_CUSTOMER|FIBER_PREMIUM,OFF-BUNDLE-ALL:598|OFF-CONTRACT-1Y:533|OFF-TECHSUP-12:350|OFF-SEC-12:197|OFF-AUTOPAY:145,,recommended,3,1
1150-WFARN,treatment,0.2465,below,5516.0,108.75,67,,,0.0,0.0,0.0,20.0,Premium fiber plan,FIBER_PREMIUM,,,no_action_needed,3,1
4818-QIUFN,treatment,0.5014,above,4997.0,79.15,20,OFF-CONTRACT-2Y,2-year contract at 15% off,142.47,0.18,308.52,20.0,No tech support add-on; No device protection; Rolling month-to-month contract; Manual payment method; Premium fiber plan,NO_TECH_SUPPORT|NO_DEVICE_PROTECTION|MONTH_TO_MONTH|MANUAL_PAYMENT|FIBER_PREMIUM,OFF-CONTRACT-2Y:309|OFF-CONTRACT-1Y:206|OFF-TECHSUP-12:140|OFF-AUTOPAY:40,,recommended,3,1
2839-RFSQE,treatment,0.1372,below,3845.0,20.65,2,OFF-CONTRACT-1Y,1-year contract at 10% off,24.78,0.12,38.52,20.0,Rolling month-to-month contract; Manual payment method; Under 12 months tenure; Phone-only account,MONTH_TO_MONTH|MANUAL_PAYMENT|NEW_CUSTOMER|NO_INTERNET,OFF-CONTRACT-1Y:39|OFF-AUTOPAY:-39,,recommended,3,1
1965-DDBWU,control,0.3918,above,5953.0,89.05,16,OFF-CONTRACT-2Y,2-year contract at 15% off,160.29,0.18,259.54,20.0,"No online security add-on; No device protection; Rolling month-to-month contract; High bill, few add-ons; Premium fiber plan",NO_ONLINE_SECURITY|NO_DEVICE_PROTECTION|MONTH_TO_MONTH|HIGH_CHARGE_LOW_BUNDLE|FIBER_PREMIUM,OFF-CONTRACT-2Y:260|OFF-CONTRACT-1Y:173|OFF-SEC-12:56,,recommended,3,1
9057-SIHCH,treatment,0.889,above,3260.0,96.6,3,OFF-BUNDLE-ALL,"Tech Support + Online Security bundle, 12 months",120.51,0.14,285.23,20.0,"No tech support add-on; No online security add-on; No device protection; Rolling month-to-month contract; Manual payment method; High bill, few add-ons; Under 12 months tenure; Premium fiber plan",NO_TECH_SUPPORT|NO_ONLINE_SECURITY|NO_DEVICE_PROTECTION|MONTH_TO_MONTH|MANUAL_PAYMENT|HIGH_CHARGE_LOW_BUNDLE|NEW_CUSTOMER|FIBER_PREMIUM,OFF-BUNDLE-ALL:285|OFF-CONTRACT-1Y:232|OFF-TECHSUP-12:172|OFF-SEC-12:85|OFF-AUTOPAY:56,,recommended,3,1
8601-QACRS,treatment,0.4849,above,2353.0,50.6,5,OFF-CONTRACT-1Y,1-year contract at 10% off,60.72,0.12,76.2,20.0,No tech support add-on; No online security add-on; No device protection; Rolling month-to-month contract; Manual payment method; Under 12 months tenure,NO_TECH_SUPPORT|NO_ONLINE_SECURITY|NO_DEVICE_PROTECTION|MONTH_TO_MONTH|MANUAL_PAYMENT|NEW_CUSTOMER,OFF-CONTRACT-1Y:76|OFF-BUNDLE-ALL:39|OFF-TECHSUP-12:31|OFF-SEC-12:-3|OFF-AUTOPAY:-14,,recommended,3,1
2391-SOORI,treatment,0.3382,above,5858.0,49.35,4,OFF-CONTRACT-1Y,1-year contract at 10% off,59.22,0.12,178.52,20.0,No tech support add-on; No device protection; Rolling month-to-month contract; Manual payment method; Under 12 months tenure,NO_TECH_SUPPORT|NO_DEVICE_PROTECTION|MONTH_TO_MONTH|MANUAL_PAYMENT|NEW_CUSTOMER,OFF-CONTRACT-1Y:179|OFF-TECHSUP-12:98|OFF-AUTOPAY:19,,recommended,3,1
8443-ZRDBZ,treatment,0.6773,above,3685.0,76.05,4,OFF-BUNDLE-ALL,"Tech Support + Online Security bundle, 12 months",120.51,0.14,228.91,20.0,No tech support add-on; No online security add-on; No device protection; Rolling month-to-month contract; Manual payment method; Under 12 months tenure; Premium fiber plan,NO_TECH_SUPPORT|NO_ONLINE_SECURITY|NO_DEVICE_PROTECTION|MONTH_TO_MONTH|MANUAL_PAYMENT|NEW_CUSTOMER|FIBER_PREMIUM,OFF-BUNDLE-ALL:229|OFF-CONTRACT-1Y:208|OFF-TECHSUP-12:139|OFF-SEC-12:65|OFF-AUTOPAY:40,,recommended,3,1
2959-MJHIC,treatment,0.6834,above,4167.0,80.35,4,OFF-BUNDLE-ALL,"Tech Support + Online Security bundle, 12 months",120.51,0.14,278.17,20.0,"No tech support add-on; No online security add-on; No device protection; Rolling month-to-month contract; Manual payment method; High bill, few add-ons; Under 12 months tenure; Premium fiber plan",NO_TECH_SUPPORT|NO_ONLINE_SECURITY|NO_DEVICE_PROTECTION|MONTH_TO_MONTH|MANUAL_PAYMENT|HIGH_CHARGE_LOW_BUNDLE|NEW_CUSTOMER|FIBER_PREMIUM,OFF-BUNDLE-ALL:278|OFF-CONTRACT-1Y:245|OFF-TECHSUP-12:167|OFF-SEC-12:82|OFF-AUTOPAY:54,,recommended,3,1
6598-RFFVI,treatment,0.0201,below,2279.0,19.3,2,,,0.0,0.0,0.0,20.0,Under 12 months tenure; Phone-only account,NEW_CUSTOMER|NO_INTERNET,,,no_action_needed,3,1
6712-OAWRH,treatment,0.5528,above,5154.0,91.25,26,OFF-CONTRACT-2Y,2-year contract at 15% off,164.25,0.18,348.59,20.0,"No tech support add-on; No online security add-on; No device protection; Rolling month-to-month contract; Manual payment method; High bill, few add-ons; Premium fiber plan",NO_TECH_SUPPORT|NO_ONLINE_SECURITY|NO_DEVICE_PROTECTION|MONTH_TO_MONTH|MANUAL_PAYMENT|HIGH_CHARGE_LOW_BUNDLE|FIBER_PREMIUM,OFF-CONTRACT-2Y:349|OFF-BUNDLE-ALL:278|OFF-CONTRACT-1Y:232|OFF-TECHSUP-12:168|OFF-SEC-12:82|OFF-AUTOPAY:54,,recommended,3,1
2930-UOTMB,control,0.081,below,4403.0,65.25,31,,,0.0,0.0,0.0,20.0,Rolling month-to-month contract,MONTH_TO_MONTH,OFF-CONTRACT-1Y:-36|OFF-CONTRACT-2Y:-53,OFF-CONTRACT-1Y:R3_POSITIVE_EV|OFF-CONTRACT-2Y:R3_POSITIVE_EV,no_action_needed,3,1
2533-QVMSK,treatment,0.1207,below,6295.0,94.1,61,,,0.0,0.0,0.0,20.0,No online security add-on; No device protection; Manual payment method; Premium fiber plan,NO_ONLINE_SECURITY|NO_DEVICE_PROTECTION|MANUAL_PAYMENT|FIBER_PREMIUM,OFF-SEC-12:-22|OFF-AUTOPAY:-30,OFF-SEC-12:R3_POSITIVE_EV|OFF-AUTOPAY:R3_POSITIVE_EV,no_action_needed,3,1
6946-LMSQS,treatment,0.2941,above,2673.0,89.05,25,,,0.0,0.0,0.0,20.0,"No tech support add-on; No device protection; Manual payment method; High bill, few add-ons; Premium fiber plan",NO_TECH_SUPPORT|NO_DEVICE_PROTECTION|MANUAL_PAYMENT|HIGH_CHARGE_LOW_BUNDLE|FIBER_PREMIUM,OFF-TECHSUP-12:3|OFF-AUTOPAY:-29,OFF-TECHSUP-12:R3_POSITIVE_EV|OFF-AUTOPAY:R3_POSITIVE_EV,review_no_profitable_offer,3,1
2325-ZUSFD,treatment,0.1078,below,4669.0,70.1,57,,,0.0,0.0,0.0,20.0,No tech support add-on; No device protection,NO_TECH_SUPPORT|NO_DEVICE_PROTECTION,OFF-TECHSUP-12:-20,OFF-TECHSUP-12:R3_POSITIVE_EV,no_action_needed,3,1
3932-CMDTD,treatment,0.4725,above,4663.0,105.65,4,OFF-SEC-12,Online Security bundled free for 12 months,60.16,0.05,50.0,20.0,No online security add-on; Manual payment method; Under 12 months tenure; Premium fiber plan,NO_ONLINE_SECURITY|MANUAL_PAYMENT|NEW_CUSTOMER|FIBER_PREMIUM,OFF-SEC-12:50|OFF-AUTOPAY:28,,recommended,3,1
3594-UVONA,treatment,0.1208,below,3833.0,85.95,35,,,0.0,0.0,0.0,20.0,,,,,no_action_needed,3,1
0004-TLHLJ,treatment,0.5846,above,4479.0,73.9,4,OFF-BUNDLE-ALL,"Tech Support + Online Security bundle, 12 months",120.51,0.14,246.07,20.0,No tech support add-on; No online security add-on; Rolling month-to-month contract; Manual payment method; Under 12 months tenure; Premium fiber plan,NO_TECH_SUPPORT|NO_ONLINE_SECURITY|MONTH_TO_MONTH|MANUAL_PAYMENT|NEW_CUSTOMER|FIBER_PREMIUM,OFF-BUNDLE-ALL:246|OFF-CONTRACT-1Y:226|OFF-TECHSUP-12:149|OFF-SEC-12:71|OFF-AUTOPAY:45,,recommended,3,1
4817-VYYWS,treatment,0.5667,above,3598.0,100.2,30,OFF-CONTRACT-2Y,2-year contract at 15% off,180.36,0.18,186.66,20.0,No tech support add-on; No online security add-on; No device protection; Rolling month-to-month contract; Manual payment method; Premium fiber plan,NO_TECH_SUPPORT|NO_ONLINE_SECURITY|NO_DEVICE_PROTECTION|MONTH_TO_MONTH|MANUAL_PAYMENT|FIBER_PREMIUM,OFF-CONTRACT-2Y:187|OFF-BUNDLE-ALL:165|OFF-CONTRACT-1Y:124|OFF-TECHSUP-12:103|OFF-SEC-12:42|OFF-AUTOPAY:22,,recommended,3,1
5759-RCVCB,treatment,0.4398,above,5450.0,35.2,3,OFF-CONTRACT-1Y,1-year contract at 10% off,42.24,0.12,245.39,20.0,No tech support add-on; No online security add-on; No device protection; Rolling month-to-month contract; Under 12 months tenure,NO_TECH_SUPPORT|NO_ONLINE_SECURITY|NO_DEVICE_PROTECTION|MONTH_TO_MONTH|NEW_CUSTOMER,OFF-CONTRACT-1Y:245|OFF-BUNDLE-ALL:215|OFF-TECHSUP-12:131|OFF-SEC-12:60,,recommended,3,1
6372-RFVNS,treatment,0.9319,above,5075.0,78.8,1,OFF-BUNDLE-ALL,"Tech Support + Online Security bundle, 12 months",120.51,0.14,541.6,20.0,No tech support add-on; No online security add-on; No device protection; Rolling month-to-month contract; Manual payment method; Under 12 months tenure; Premium fiber plan,NO_TECH_SUPPORT|NO_ONLINE_SECURITY|NO_DEVICE_PROTECTION|MONTH_TO_MONTH|MANUAL_PAYMENT|NEW_CUSTOMER|FIBER_PREMIUM,OFF-BUNDLE-ALL:542|OFF-CONTRACT-1Y:473|OFF-TECHSUP-12:318|OFF-SEC-12:176|OFF-AUTOPAY:129,,recommended,3,1
8938-UMKPI,treatment,0.5478,above,4804.0,106.4,47,OFF-CONTRACT-2Y,2-year contract at 15% off,191.52,0.18,282.17,20.0,No tech support add-on; No online security add-on; Rolling month-to-month contract; Manual payment method; Premium fiber plan,NO_TECH_SUPPORT|NO_ONLINE_SECURITY|MONTH_TO_MONTH|MANUAL_PAYMENT|FIBER_PREMIUM,OFF-CONTRACT-2Y:282|OFF-BUNDLE-ALL:248|OFF-CONTRACT-1Y:188|OFF-TECHSUP-12:150|OFF-SEC-12:71|OFF-AUTOPAY:45,,recommended,3,1
6319-IEJWJ,treatment,0.582,above,2058.0,90.2,20,OFF-CONTRACT-2Y,2-year contract at 15% off,162.36,0.18,53.24,20.0,"No tech support add-on; No online security add-on; No device protection; Rolling month-to-month contract; Manual payment method; High bill, few add-ons; Premium fiber plan",NO_TECH_SUPPORT|NO_ONLINE_SECURITY|NO_DEVICE_PROTECTION|MONTH_TO_MONTH|MANUAL_PAYMENT|HIGH_CHARGE_LOW_BUNDLE|FIBER_PREMIUM,OFF-CONTRACT-2Y:53|OFF-BUNDLE-ALL:47|OFF-CONTRACT-1Y:35|OFF-TECHSUP-12:35|OFF-SEC-12:-0|OFF-AUTOPAY:-12,,recommended,3,1
4587-VVTOX,treatment,0.9541,above,4163.0,105.3,6,OFF-CONTRACT-2Y,2-year contract at 15% off,189.54,0.18,525.41,20.0,No tech support add-on; No online security add-on; Rolling month-to-month contract; Manual payment method; Under 12 months tenure; Premium fiber plan,NO_TECH_SUPPORT|NO_ONLINE_SECURITY|MONTH_TO_MONTH|MANUAL_PAYMENT|NEW_CUSTOMER|FIBER_PREMIUM,OFF-CONTRACT-2Y:525|OFF-BUNDLE-ALL:436|OFF-CONTRACT-1Y:350|OFF-TECHSUP-12:257|OFF-SEC-12:138|OFF-AUTOPAY:99,,recommended,3,1
2860-RANUS,treatment,0.4448,above,3336.0,85.8,20,OFF-CONTRACT-2Y,2-year contract at 15% off,154.44,0.18,112.65,20.0,"No tech support add-on; No online security add-on; No device protection; Rolling month-to-month contract; High bill, few add-ons; Premium fiber plan",NO_TECH_SUPPORT|NO_ONLINE_SECURITY|NO_DEVICE_PROTECTION|MONTH_TO_MONTH|HIGH_CHARGE_LOW_BUNDLE|FIBER_PREMIUM,OFF-CONTRACT-2Y:113|OFF-BUNDLE-ALL:87|OFF-CONTRACT-1Y:75|OFF-TECHSUP-12:58|OFF-SEC-12:14,,recommended,3,1
1731-TVIUK,treatment,0.821,above,4554.0,93.5,4,OFF-CONTRACT-1Y,1-year contract at 10% off,112.2,0.12,336.46,20.0,No online security add-on; No device protection; Rolling month-to-month contract; Manual payment method; Under 12 months tenure; Premium fiber plan,NO_ONLINE_SECURITY|NO_DEVICE_PROTECTION|MONTH_TO_MONTH|MANUAL_PAYMENT|NEW_CUSTOMER|FIBER_PREMIUM,OFF-CONTRACT-1Y:336|OFF-SEC-12:127|OFF-AUTOPAY:90,,recommended,3,1
7239-HZZCX,control,0.3822,above,4851.0,19.75,1,OFF-CONTRACT-1Y,1-year contract at 10% off,23.7,0.12,198.79,20.0,Rolling month-to-month contract; Manual payment method; Under 12 months tenure; Phone-only account,MONTH_TO_MONTH|MANUAL_PAYMENT|NEW_CUSTOMER|NO_INTERNET,OFF-CONTRACT-1Y:199|OFF-AUTOPAY:14,,recommended,3,1
0628-CNQRM,treatment,0.0728,below,3378.0,67.5,22,,,0.0,0.0,0.0,20.0,,,,,no_action_needed,3,1
0576-WNXXC,treatment,0.5464,above,2999.0,95.55,27,OFF-CONTRACT-2Y,2-year contract at 15% off,171.99,0.18,122.97,20.0,No tech support add-on; No online security add-on; Rolling month-to-month contract; Manual payment method; Premium fiber plan,NO_TECH_SUPPORT|NO_ONLINE_SECURITY|MONTH_TO_MONTH|MANUAL_PAYMENT|FIBER_PREMIUM,OFF-CONTRACT-2Y:123|OFF-BUNDLE-ALL:109|OFF-CONTRACT-1Y:82|OFF-TECHSUP-12:71|OFF-SEC-12:22|OFF-AUTOPAY:6,,recommended,3,1
6834-NXDCA,treatment,0.4985,above,2967.0,23.9,13,OFF-CONTRACT-2Y,2-year contract at 15% off,43.02,0.18,223.21,20.0,No tech support add-on; No online security add-on; No device protection; Rolling month-to-month contract; Manual payment method,NO_TECH_SUPPORT|NO_ONLINE_SECURITY|NO_DEVICE_PROTECTION|MONTH_TO_MONTH|MANUAL_PAYMENT,OFF-CONTRACT-2Y:223|OFF-CONTRACT-1Y:149|OFF-BUNDLE-ALL:87|OFF-TECHSUP-12:58|OFF-SEC-12:14|OFF-AUTOPAY:-1,,recommended,3,1
2748-MYRVK,treatment,0.1211,below,4776.0,99.9,63,,,0.0,0.0,0.0,20.0,No tech support add-on; No online security add-on; No device protection; Premium fiber plan,NO_TECH_SUPPORT|NO_ONLINE_SECURITY|NO_DEVICE_PROTECTION|FIBER_PREMIUM,OFF-TECHSUP-12:-14|OFF-SEC-12:-31|OFF-BUNDLE-ALL:-40,OFF-TECHSUP-12:R3_POSITIVE_EV|OFF-SEC-12:R3_POSITIVE_EV|OFF-BUNDLE-ALL:R3_POSITIVE_EV,no_action_needed,3,1
4229-CZMLL,treatment,0.6923,above,4160.0,74.9,6,OFF-CONTRACT-2Y,2-year contract at 15% off,134.82,0.18,383.57,20.0,No tech support add-on; No online security add-on; No device protection; Rolling month-to-month contract; Manual payment method; Under 12 months tenure; Premium fiber plan,NO_TECH_SUPPORT|NO_ONLINE_SECURITY|NO_DEVICE_PROTECTION|MONTH_TO_MONTH|MANUAL_PAYMENT|NEW_CUSTOMER|FIBER_PREMIUM,OFF-CONTRACT-2Y:384|OFF-BUNDLE-ALL:283|OFF-CONTRACT-1Y:256|OFF-TECHSUP-12:170|OFF-SEC-12:84|OFF-AUTOPAY:55,,recommended,3,1
9025-ZRPVR,treatment,0.0543,below,5403.0,18.95,9,,,0.0,0.0,0.0,20.0,Rolling month-to-month contract; Manual payment method; Under 12 months tenure; Phone-only account,MONTH_TO_MONTH|MANUAL_PAYMENT|NEW_CUSTOMER|NO_INTERNET,OFF-CONTRACT-2Y:19|OFF-CONTRACT-1Y:12|OFF-AUTOPAY:-48,OFF-CONTRACT-2Y:R3_POSITIVE_EV|OFF-CONTRACT-1Y:R3_POSITIVE_EV|OFF-AUTOPAY:R2_MARGIN_FLOOR,no_action_needed,3,1
3519-ZKXGG,treatment,0.821,above,4062.0,75.85,3,OFF-BUNDLE-ALL,"Tech Support + Online Security bundle, 12 months",120.51,0.14,346.38,20.0,No tech support add-on; No online security add-on; No device protection; Rolling month-to-month contract; Manual payment method; Under 12 months tenure; Premium fiber plan,NO_TECH_SUPPORT|NO_ONLINE_SECURITY|NO_DEVICE_PROTECTION|MONTH_TO_MONTH|MANUAL_PAYMENT|NEW_CUSTOMER|FIBER_PREMIUM,OFF-BUNDLE-ALL:346|OFF-CONTRACT-1Y:309|OFF-TECHSUP-12:206|OFF-SEC-12:107|OFF-AUTOPAY:73,,recommended,3,1
1087-UDSIH,treatment,0.2072,below,5000.0,19.6,3,OFF-CONTRACT-1Y,1-year contract at 10% off,23.52,0.12,100.8,20.0,Rolling month-to-month contract; Manual payment method; Under 12 months tenure; Phone-only account,MONTH_TO_MONTH|MANUAL_PAYMENT|NEW_CUSTOMER|NO_INTERNET,OFF-CONTRACT-1Y:101|OFF-AUTOPAY:-19,,recommended,3,1
5445-PZWGX,treatment,0.0653,below,5090.0,102.0,62,,,0.0,0.0,0.0,20.0,No device protection; Manual payment method; Premium fiber plan,NO_DEVICE_PROTECTION|MANUAL_PAYMENT|FIBER_PREMIUM,OFF-AUTOPAY:-47,OFF-AUTOPAY:R3_POSITIVE_EV,no_action_needed,3,1
4489-SNOJF,treatment,0.0666,below,5898.0,72.25,35,,,0.0,0.0,0.0,20.0,Rolling month-to-month contract; Manual payment method,MONTH_TO_MONTH|MANUAL_PAYMENT,OFF-CONTRACT-1Y:-40|OFF-AUTOPAY:-44|OFF-CONTRACT-2Y:-59,OFF-CONTRACT-1Y:R3_POSITIVE_EV|OFF-AUTOPAY:R3_POSITIVE_EV|OFF-CONTRACT-2Y:R3_POSITIVE_EV,no_action_needed,3,1
6899-PPEEA,treatment,0.5781,above,4448.0,96.55,37,OFF-CONTRACT-2Y,2-year contract at 15% off,173.79,0.18,289.06,20.0,"No tech support add-on; No online security add-on; No device protection; Rolling month-to-month contract; Manual payment method; High bill, few add-ons; Premium fiber plan",NO_TECH_SUPPORT|NO_ONLINE_SECURITY|NO_DEVICE_PROTECTION|MONTH_TO_MONTH|MANUAL_PAYMENT|HIGH_CHARGE_LOW_BUNDLE|FIBER_PREMIUM,OFF-CONTRACT-2Y:289|OFF-BUNDLE-ALL:239|OFF-CONTRACT-1Y:193|OFF-TECHSUP-12:145|OFF-SEC-12:68|OFF-AUTOPAY:43,,recommended,3,1
7130-VTEWQ,treatment,0.6179,above,4174.0,75.75,8,OFF-CONTRACT-2Y,2-year contract at 15% off,136.35,0.18,327.89,20.0,No tech support add-on; No online security add-on; No device protection; Rolling month-to-month contract; Manual payment method; Under 12 months tenure; Premium fiber plan,NO_TECH_SUPPORT|NO_ONLINE_SECURITY|NO_DEVICE_PROTECTION|MONTH_TO_MONTH|MANUAL_PAYMENT|NEW_CUSTOMER|FIBER_PREMIUM,OFF-CONTRACT-2Y:328|OFF-BUNDLE-ALL:241|OFF-CONTRACT-1Y:219|OFF-TECHSUP-12:146|OFF-SEC-12:69|OFF-AUTOPAY:43,,recommended,3,1
3400-ESFUW,treatment,0.0379,below,5463.0,57.55,55,,,0.0,0.0,0.0,20.0,No device protection,NO_DEVICE_PROTECTION,,,no_action_needed,3,1
2057-ZBLPD,treatment,0.582,above,2036.0,86.5,21,OFF-CONTRACT-2Y,2-year contract at 15% off,155.7,0.18,57.59,20.0,"No tech support add-on; No online security add-on; No device protection; Rolling month-to-month contract; Manual payment method; High bill, few add-ons; Premium fiber plan",NO_TECH_SUPPORT|NO_ONLINE_SECURITY|NO_DEVICE_PROTECTION|MONTH_TO_MONTH|MANUAL_PAYMENT|HIGH_CHARGE_LOW_BUNDLE|FIBER_PREMIUM,OFF-CONTRACT-2Y:58|OFF-BUNDLE-ALL:45|OFF-CONTRACT-1Y:38|OFF-TECHSUP-12:34|OFF-SEC-12:-1|OFF-AUTOPAY:-13,,recommended,3,1
9039-RBEEE,treatment,0.1351,below,3080.0,48.95,39,,,0.0,0.0,0.0,20.0,No device protection; Rolling month-to-month contract,NO_DEVICE_PROTECTION|MONTH_TO_MONTH,OFF-CONTRACT-1Y:-9|OFF-CONTRACT-2Y:-13,OFF-CONTRACT-1Y:R3_POSITIVE_EV|OFF-CONTRACT-2Y:R3_POSITIVE_EV,no_action_needed,3,1
6543-XRMYR,treatment,0.5682,above,3548.0,99.7,30,OFF-CONTRACT-2Y,2-year contract at 15% off,179.46,0.18,183.42,20.0,No tech support add-on; No online security add-on; No device protection; Rolling month-to-month contract; Manual payment method; Premium fiber plan,NO_TECH_SUPPORT|NO_ONLINE_SECURITY|NO_DEVICE_PROTECTION|MONTH_TO_MONTH|MANUAL_PAYMENT|FIBER_PREMIUM,OFF-CONTRACT-2Y:183|OFF-BUNDLE-ALL:162|OFF-CONTRACT-1Y:122|OFF-TECHSUP-12:101|OFF-SEC-12:41|OFF-AUTOPAY:21,,recommended,3,1
8280-MQRQN,treatment,0.582,above,2806.0,50.45,1,OFF-CONTRACT-1Y,1-year contract at 10% off,60.54,0.12,135.43,20.0,No tech support add-on; No online security add-on; Rolling month-to-month contract; Manual payment method; Under 12 months tenure,NO_TECH_SUPPORT|NO_ONLINE_SECURITY|MONTH_TO_MONTH|MANUAL_PAYMENT|NEW_CUSTOMER,OFF-CONTRACT-1Y:135|OFF-BUNDLE-ALL:108|OFF-TECHSUP-12:70|OFF-SEC-12:21|OFF-AUTOPAY:5,,recommended,3,1
3018-TFTSU,treatment,0.2844,above,2850.0,81.7,12,,,0.0,0.0,0.0,20.0,"No tech support add-on; Rolling month-to-month contract; High bill, few add-ons; Premium fiber plan",NO_TECH_SUPPORT|MONTH_TO_MONTH|HIGH_CHARGE_LOW_BUNDLE|FIBER_PREMIUM,OFF-TECHSUP-12:4|OFF-CONTRACT-1Y:-1|OFF-CONTRACT-2Y:-1,OFF-TECHSUP-12:R3_POSITIVE_EV|OFF-CONTRACT-1Y:R3_POSITIVE_EV|OFF-CONTRACT-2Y:R3_POSITIVE_EV,review_no_profitable_offer,3,1
4806-KEXQR,treatment,0.6242,above,4669.0,79.9,4,OFF-BUNDLE-ALL,"Tech Support + Online Security bundle, 12 months",120.51,0.14,287.5,20.0,No tech support add-on; No online security add-on; No device protection; Rolling month-to-month contract; Manual payment method; Under 12 months tenure; Premium fiber plan,NO_TECH_SUPPORT|NO_ONLINE_SECURITY|NO_DEVICE_PROTECTION|MONTH_TO_MONTH|MANUAL_PAYMENT|NEW_CUSTOMER|FIBER_PREMIUM,OFF-BUNDLE-ALL:288|OFF-CONTRACT-1Y:254|OFF-TECHSUP-12:173|OFF-SEC-12:86|OFF-AUTOPAY:57,,recommended,3,1
8580-QVLOC,treatment,0.01,below,5697.0,92.45,72,,,0.0,0.0,0.0,20.0,,,,,no_action_needed,3,1
7666-WKRON,treatment,0.151,below,2224.0,80.45,39,,,0.0,0.0,0.0,20.0,"No online security add-on; Manual payment method; High bill, few add-ons; Premium fiber plan",NO_ONLINE_SECURITY|MANUAL_PAYMENT|HIGH_CHARGE_LOW_BUNDLE|FIBER_PREMIUM,OFF-SEC-12:-43|OFF-AUTOPAY:-47,OFF-SEC-12:R3_POSITIVE_EV|OFF-AUTOPAY:R3_POSITIVE_EV,no_action_needed,3,1
3750-CKVKH,treatment,0.5805,above,2299.0,67.75,2,OFF-CONTRACT-1Y,1-year contract at 10% off,81.3,0.12,78.85,20.0,No tech support add-on; No online security add-on; No device protection; Rolling month-to-month contract; Manual payment method; Under 12 months tenure; Premium fiber plan,NO_TECH_SUPPORT|NO_ONLINE_SECURITY|NO_DEVICE_PROTECTION|MONTH_TO_MONTH|MANUAL_PAYMENT|NEW_CUSTOMER|FIBER_PREMIUM,OFF-CONTRACT-1Y:79|OFF-BUNDLE-ALL:66|OFF-TECHSUP-12:46|OFF-SEC-12:7|OFF-AUTOPAY:-7,,recommended,3,1
1069-XAIEM,treatment,0.96,above,2975.0,85.05,1,OFF-BUNDLE-ALL,"Tech Support + Online Security bundle, 12 months",120.51,0.14,279.33,20.0,"No tech support add-on; No online security add-on; No device protection; Rolling month-to-month contract; Manual payment method; High bill, few add-ons; Under 12 months tenure; Premium fiber plan",NO_TECH_SUPPORT|NO_ONLINE_SECURITY|NO_DEVICE_PROTECTION|MONTH_TO_MONTH|MANUAL_PAYMENT|HIGH_CHARGE_LOW_BUNDLE|NEW_CUSTOMER|FIBER_PREMIUM,OFF-BUNDLE-ALL:279|OFF-CONTRACT-1Y:241|OFF-TECHSUP-12:168|OFF-SEC-12:83|OFF-AUTOPAY:54,,recommended,3,1
4658-HCOHW,treatment,0.5672,above,3123.0,102.8,21,OFF-CONTRACT-2Y,2-year contract at 15% off,185.04,0.18,133.81,20.0,No online security add-on; Rolling month-to-month contract; Manual payment method; Premium fiber plan,NO_ONLINE_SECURITY|MONTH_TO_MONTH|MANUAL_PAYMENT|FIBER_PREMIUM,OFF-CONTRACT-2Y:134|OFF-CONTRACT-1Y:89|OFF-SEC-12:28|OFF-AUTOPAY:11,,recommended,3,1
7817-BOQPW,treatment,0.7431,above,4320.0,75.55,2,OFF-BUNDLE-ALL,"Tech Support + Online Security bundle, 12 months",120.51,0.14,328.92,20.0,No tech support add-on; No online security add-on; No device protection; Rolling month-to-month contract; Manual payment method; Under 12 months tenure; Premium fiber plan,NO_TECH_SUPPORT|NO_ONLINE_SECURITY|NO_DEVICE_PROTECTION|MONTH_TO_MONTH|MANUAL_PAYMENT|NEW_CUSTOMER|FIBER_PREMIUM,OFF-BUNDLE-ALL:329|OFF-CONTRACT-1Y:295|OFF-TECHSUP-12:196|OFF-SEC-12:100|OFF-AUTOPAY:68,,recommended,3,1
1853-UDXBW,treatment,0.8612,above,2485.0,70.0,1,OFF-BUNDLE-ALL,"Tech Support + Online Security bundle, 12 months",120.51,0.14,179.1,20.0,No tech support add-on; No online security add-on; No device protection; Rolling month-to-month contract; Manual payment method; Under 12 months tenure; Premium fiber plan,NO_TECH_SUPPORT|NO_ONLINE_SECURITY|NO_DEVICE_PROTECTION|MONTH_TO_MONTH|MANUAL_PAYMENT|NEW_CUSTOMER|FIBER_PREMIUM,OFF-BUNDLE-ALL:179|OFF-CONTRACT-1Y:173|OFF-TECHSUP-12:111|OFF-SEC-12:47|OFF-AUTOPAY:26,,recommended,3,1
3540-RZJYU,treatment,0.3706,above,5829.0,86.2,15,OFF-CONTRACT-2Y,2-year contract at 15% off,155.16,0.18,233.68,20.0,"No tech support add-on; No device protection; Rolling month-to-month contract; Manual payment method; High bill, few add-ons; Premium fiber plan",NO_TECH_SUPPORT|NO_DEVICE_PROTECTION|MONTH_TO_MONTH|MANUAL_PAYMENT|HIGH_CHARGE_LOW_BUNDLE|FIBER_PREMIUM,OFF-CONTRACT-2Y:234|OFF-CONTRACT-1Y:156|OFF-TECHSUP-12:112|OFF-AUTOPAY:26,,recommended,3,1
2091-MJTFX,treatment,0.0586,below,4568.0,51.2,30,,,0.0,0.0,0.0,20.0,No online security add-on; No device protection; Rolling month-to-month contract,NO_ONLINE_SECURITY|NO_DEVICE_PROTECTION|MONTH_TO_MONTH,OFF-CONTRACT-1Y:-29|OFF-CONTRACT-2Y:-44|OFF-SEC-12:-47,OFF-CONTRACT-1Y:R3_POSITIVE_EV|OFF-CONTRACT-2Y:R3_POSITIVE_EV|OFF-SEC-12:R3_POSITIVE_EV,no_action_needed,3,1
7571-YXDAD,control,0.5432,above,2078.0,74.9,2,OFF-CONTRACT-1Y,1-year contract at 10% off,89.88,0.12,45.57,20.0,No tech support add-on; No online security add-on; No device protection; Rolling month-to-month contract; Under 12 months tenure; Premium fiber plan,NO_TECH_SUPPORT|NO_ONLINE_SECURITY|NO_DEVICE_PROTECTION|MONTH_TO_MONTH|NEW_CUSTOMER|FIBER_PREMIUM,OFF-CONTRACT-1Y:46|OFF-BUNDLE-ALL:38|OFF-TECHSUP-12:30|OFF-SEC-12:-4,,recommended,3,1
3006-XIMLN,treatment,0.8834,above,5299.0,94.2,2,OFF-BUNDLE-ALL,"Tech Support + Online Security bundle, 12 months",120.51,0.14,534.85,20.0,"No tech support add-on; No online security add-on; No device protection; Rolling month-to-month contract; High bill, few add-ons; Under 12 months tenure; Premium fiber plan",NO_TECH_SUPPORT|NO_ONLINE_SECURITY|NO_DEVICE_PROTECTION|MONTH_TO_MONTH|HIGH_CHARGE_LOW_BUNDLE|NEW_CUSTOMER|FIBER_PREMIUM,OFF-BUNDLE-ALL:535|OFF-CONTRACT-1Y:449|OFF-TECHSUP-12:314|OFF-SEC-12:174,,recommended,3,1
4211-MMAZN,treatment,0.2597,below,2959.0,20.25,1,OFF-CONTRACT-1Y,1-year contract at 10% off,24.3,0.12,67.91,20.0,Rolling month-to-month contract; Manual payment method; Under 12 months tenure; Phone-only account,MONTH_TO_MONTH|MANUAL_PAYMENT|NEW_CUSTOMER|NO_INTERNET,OFF-CONTRACT-1Y:68|OFF-AUTOPAY:-29,,recommended,3,1
1541-ETJZO,treatment,0.3625,above,2937.0,62.05,1,OFF-CONTRACT-1Y,1-year contract at 10% off,74.46,0.12,53.3,20.0,No online security add-on; Rolling month-to-month contract; Manual payment method; Under 12 months tenure,NO_ONLINE_SECURITY|MONTH_TO_MONTH|MANUAL_PAYMENT|NEW_CUSTOMER,OFF-CONTRACT-1Y:53|OFF-SEC-12:-7|OFF-AUTOPAY:-17,,recommended,3,1
2778-OCLGR,treatment,0.4806,above,4591.0,39.1,24,OFF-CONTRACT-2Y,2-year contract at 15% off,70.38,0.18,326.78,20.0,No tech support add-on; No device protection; Rolling month-to-month contract,NO_TECH_SUPPORT|NO_DEVICE_PROTECTION|MONTH_TO_MONTH,OFF-CONTRACT-2Y:327|OFF-CONTRACT-1Y:218|OFF-TECHSUP-12:116,,recommended,3,1
7067-KSAZT,treatment,0.3019,above,5965.0,106.25,65,OFF-BUNDLE-ALL,"Tech Support + Online Security bundle, 12 months",120.51,0.14,131.61,20.0,No tech support add-on; No online security add-on; Manual payment method; Premium fiber plan,NO_TECH_SUPPORT|NO_ONLINE_SECURITY|MANUAL_PAYMENT|FIBER_PREMIUM,OFF-BUNDLE-ALL:132|OFF-TECHSUP-12:84|OFF-SEC-12:30|OFF-AUTOPAY:12,,recommended,3,1
1112-CUNAO,treatment,0.4956,above,2668.0,89.85,15,OFF-CONTRACT-2Y,2-year contract at 15% off,161.73,0.18,76.28,20.0,"No tech support add-on; No online security add-on; No device protection; Rolling month-to-month contract; Manual payment method; High bill, few add-ons; Premium fiber plan",NO_TECH_SUPPORT|NO_ONLINE_SECURITY|NO_DEVICE_PROTECTION|MONTH_TO_MONTH|MANUAL_PAYMENT|HIGH_CHARGE_LOW_BUNDLE|FIBER_PREMIUM,OFF-CONTRACT-2Y:76|OFF-BUNDLE-ALL:65|OFF-CONTRACT-1Y:51|OFF-TECHSUP-12:45|OFF-SEC-12:6|OFF-AUTOPAY:-7,,recommended,3,1
9565-JSNFM,control,0.2058,below,5437.0,70.45,38,OFF-BUNDLE-ALL,"Tech Support + Online Security bundle, 12 months",120.51,0.14,36.14,20.0,No tech support add-on; No online security add-on; No device protection; Premium fiber plan,NO_TECH_SUPPORT|NO_ONLINE_SECURITY|NO_DEVICE_PROTECTION|FIBER_PREMIUM,OFF-BUNDLE-ALL:36|OFF-TECHSUP-12:29|OFF-SEC-12:-4,,recommended,3,1
9732-KPKBW,treatment,0.3567,above,2771.0,53.95,1,OFF-CONTRACT-1Y,1-year contract at 10% off,64.74,0.12,53.87,20.0,No device protection; Rolling month-to-month contract; Manual payment method; Under 12 months tenure,NO_DEVICE_PROTECTION|MONTH_TO_MONTH|MANUAL_PAYMENT|NEW_CUSTOMER,OFF-CONTRACT-1Y:54|OFF-AUTOPAY:-20,,recommended,3,1
8696-JKZNU,treatment,0.5014,above,5859.0,76.25,37,OFF-CONTRACT-2Y,2-year contract at 15% off,137.25,0.18,391.54,20.0,No tech support add-on; No online security add-on; No device protection; Rolling month-to-month contract; Manual payment method; Premium fiber plan,NO_TECH_SUPPORT|NO_ONLINE_SECURITY|NO_DEVICE_PROTECTION|MONTH_TO_MONTH|MANUAL_PAYMENT|FIBER_PREMIUM,OFF-CONTRACT-2Y:392|OFF-BUNDLE-ALL:291|OFF-CONTRACT-1Y:261|OFF-TECHSUP-12:175|OFF-SEC-12:87|OFF-AUTOPAY:58,,recommended,3,1
8714-EUHJO,treatment,0.5416,above,5219.0,91.15,31,OFF-CONTRACT-2Y,2-year contract at 15% off,164.07,0.18,344.72,20.0,"No tech support add-on; No online security add-on; No device protection; Rolling month-to-month contract; Manual payment method; High bill, few add-ons; Premium fiber plan",NO_TECH_SUPPORT|NO_ONLINE_SECURITY|NO_DEVICE_PROTECTION|MONTH_TO_MONTH|MANUAL_PAYMENT|HIGH_CHARGE_LOW_BUNDLE|FIBER_PREMIUM,OFF-CONTRACT-2Y:345|OFF-BUNDLE-ALL:275|OFF-CONTRACT-1Y:230|OFF-TECHSUP-12:166|OFF-SEC-12:81|OFF-AUTOPAY:53,,recommended,3,1
3721-CNEYS,treatment,0.6432,above,5390.0,70.95,2,OFF-BUNDLE-ALL,"Tech Support + Online Security bundle, 12 months",120.51,0.14,364.85,20.0,No tech support add-on; No online security add-on; No device protection; Rolling month-to-month contract; Manual payment method; Under 12 months tenure; Premium fiber plan,NO_TECH_SUPPORT|NO_ONLINE_SECURITY|NO_DEVICE_PROTECTION|MONTH_TO_MONTH|MANUAL_PAYMENT|NEW_CUSTOMER|FIBER_PREMIUM,OFF-BUNDLE-ALL:365|OFF-CONTRACT-1Y:331|OFF-TECHSUP-12:217|OFF-SEC-12:113|OFF-AUTOPAY:79,,recommended,3,1
8993-PHFWD,treatment,0.5129,above,2088.0,25.25,3,OFF-CONTRACT-1Y,1-year contract at 10% off,30.3,0.12,98.21,20.0,No tech support add-on; No online security add-on; No device protection; Rolling month-to-month contract; Manual payment method; Under 12 months tenure,NO_TECH_SUPPORT|NO_ONLINE_SECURITY|NO_DEVICE_PROTECTION|MONTH_TO_MONTH|MANUAL_PAYMENT|NEW_CUSTOMER,OFF-CONTRACT-1Y:98|OFF-BUNDLE-ALL:29|OFF-TECHSUP-12:25|OFF-SEC-12:-7|OFF-AUTOPAY:-17,,recommended,3,1
5281-BUZGT,treatment,0.3806,above,5692.0,90.85,36,OFF-CONTRACT-2Y,2-year contract at 15% off,163.53,0.18,226.42,20.0,"No tech support add-on; No device protection; Rolling month-to-month contract; Manual payment method; High bill, few add-ons; Premium fiber plan",NO_TECH_SUPPORT|NO_DEVICE_PROTECTION|MONTH_TO_MONTH|MANUAL_PAYMENT|HIGH_CHARGE_LOW_BUNDLE|FIBER_PREMIUM,OFF-CONTRACT-2Y:226|OFF-CONTRACT-1Y:151|OFF-TECHSUP-12:113|OFF-AUTOPAY:27,,recommended,3,1
4735-ASGMA,treatment,0.7435,above,4997.0,98.35,26,OFF-CONTRACT-2Y,2-year contract at 15% off,177.03,0.18,491.72,20.0,No tech support add-on; No online security add-on; Rolling month-to-month contract; Manual payment method; Premium fiber plan,NO_TECH_SUPPORT|NO_ONLINE_SECURITY|MONTH_TO_MONTH|MANUAL_PAYMENT|FIBER_PREMIUM,OFF-CONTRACT-2Y:492|OFF-BUNDLE-ALL:400|OFF-CONTRACT-1Y:328|OFF-TECHSUP-12:237|OFF-SEC-12:126|OFF-AUTOPAY:89,,recommended,3,1
7124-UGSUR,treatment,0.2178,below,4412.0,104.4,61,,,0.0,0.0,0.0,20.0,No tech support add-on; No online security add-on; Premium fiber plan,NO_TECH_SUPPORT|NO_ONLINE_SECURITY|FIBER_PREMIUM,OFF-TECHSUP-12:17|OFF-BUNDLE-ALL:14|OFF-SEC-12:-12,OFF-TECHSUP-12:R3_POSITIVE_EV|OFF-BUNDLE-ALL:R3_POSITIVE_EV|OFF-SEC-12:R3_POSITIVE_EV,no_action_needed,3,1
9692-TUSXH,treatment,0.5682,above,5581.0,96.05,18,OFF-CONTRACT-2Y,2-year contract at 15% off,172.89,0.18,397.91,20.0,No tech support add-on; No device protection; Rolling month-to-month contract; Manual payment method; Premium fiber plan,NO_TECH_SUPPORT|NO_DEVICE_PROTECTION|MONTH_TO_MONTH|MANUAL_PAYMENT|FIBER_PREMIUM,OFF-CONTRACT-2Y:398|OFF-CONTRACT-1Y:265|OFF-TECHSUP-12:193|OFF-AUTOPAY:67,,recommended,3,1
7912-SYRQT,control,0.574,above,5514.0,75.1,7,OFF-CONTRACT-2Y,2-year contract at 15% off,135.18,0.18,434.53,20.0,No tech support add-on; No online security add-on; No device protection; Rolling month-to-month contract; Under 12 months tenure; Premium fiber plan,NO_TECH_SUPPORT|NO_ONLINE_SECURITY|NO_DEVICE_PROTECTION|MONTH_TO_MONTH|NEW_CUSTOMER|FIBER_PREMIUM,OFF-CONTRACT-2Y:435|OFF-BUNDLE-ALL:323|OFF-CONTRACT-1Y:290|OFF-TECHSUP-12:193|OFF-SEC-12:98,,recommended,3,1
1867-BDVFH,treatment,0.7054,above,5075.0,74.35,11,OFF-CONTRACT-2Y,2-year contract at 15% off,133.83,0.18,510.55,20.0,No tech support add-on; No online security add-on; No device protection; Rolling month-to-month contract; Manual payment method; Under 12 months tenure; Premium fiber plan,NO_TECH_SUPPORT|NO_ONLINE_SECURITY|NO_DEVICE_PROTECTION|MONTH_TO_MONTH|MANUAL_PAYMENT|NEW_CUSTOMER|FIBER_PREMIUM,OFF-CONTRACT-2Y:511|OFF-BUNDLE-ALL:381|OFF-CONTRACT-1Y:340|OFF-TECHSUP-12:226|OFF-SEC-12:119|OFF-AUTOPAY:83,,recommended,3,1
9103-TCIHJ,treatment,0.2876,above,4519.0,55.7,15,OFF-CONTRACT-2Y,2-year contract at 15% off,100.26,0.18,133.68,20.0,No tech support add-on; No device protection; Rolling month-to-month contract; Manual payment method,NO_TECH_SUPPORT|NO_DEVICE_PROTECTION|MONTH_TO_MONTH|MANUAL_PAYMENT,OFF-CONTRACT-2Y:134|OFF-CONTRACT-1Y:89|OFF-TECHSUP-12:44|OFF-AUTOPAY:-8,,recommended,3,1
4713-LZDRV,treatment,0.7054,above,4322.0,79.6,2,OFF-BUNDLE-ALL,"Tech Support + Online Security bundle, 12 months",120.51,0.14,306.31,20.0,No tech support add-on; No online security add-on; No device protection; Rolling month-to-month contract; Manual payment method; Under 12 months tenure; Premium fiber plan,NO_TECH_SUPPORT|NO_ONLINE_SECURITY|NO_DEVICE_PROTECTION|MONTH_TO_MONTH|MANUAL_PAYMENT|NEW_CUSTOMER|FIBER_PREMIUM,OFF-BUNDLE-ALL:306|OFF-CONTRACT-1Y:270|OFF-TECHSUP-12:184|OFF-SEC-12:92|OFF-AUTOPAY:62,,recommended,3,1
2955-PSXOE,treatment,0.3549,above,3061.0,20.2,1,OFF-CONTRACT-1Y,1-year contract at 10% off,24.24,0.12,106.12,20.0,Rolling month-to-month contract; Under 12 months tenure; Phone-only account,MONTH_TO_MONTH|NEW_CUSTOMER|NO_INTERNET,OFF-CONTRACT-1Y:106,,recommended,3,1
3705-PSNGL,treatment,0.0109,below,5398.0,20.4,45,,,0.0,0.0,0.0,20.0,Manual payment method; Phone-only account,MANUAL_PAYMENT|NO_INTERNET,OFF-AUTOPAY:-58,OFF-AUTOPAY:R2_MARGIN_FLOOR,no_action_needed,3,1
2606-RMDHZ,treatment,0.4015,above,4667.0,30.5,6,OFF-CONTRACT-2Y,2-year contract at 15% off,54.9,0.18,282.38,20.0,No tech support add-on; No online security add-on; No device protection; Rolling month-to-month contract; Under 12 months tenure,NO_TECH_SUPPORT|NO_ONLINE_SECURITY|NO_DEVICE_PROTECTION|MONTH_TO_MONTH|NEW_CUSTOMER,OFF-CONTRACT-2Y:282|OFF-CONTRACT-1Y:188|OFF-BUNDLE-ALL:142|OFF-TECHSUP-12:90|OFF-SEC-12:34,,recommended,3,1
8258-GSTJK,treatment,0.7406,above,3128.0,77.0,3,OFF-BUNDLE-ALL,"Tech Support + Online Security bundle, 12 months",120.51,0.14,203.81,20.0,No tech support add-on; No online security add-on; No device protection; Rolling month-to-month contract; Manual payment method; Under 12 months tenure; Premium fiber plan,NO_TECH_SUPPORT|NO_ONLINE_SECURITY|NO_DEVICE_PROTECTION|MONTH_TO_MONTH|MANUAL_PAYMENT|NEW_CUSTOMER|FIBER_PREMIUM,OFF-BUNDLE-ALL:204|OFF-CONTRACT-1Y:186|OFF-TECHSUP-12:125|OFF-SEC-12:56|OFF-AUTOPAY:33,,recommended,3,1
9940-RHLFB,treatment,0.6739,above,2176.0,75.3,1,OFF-CONTRACT-1Y,1-year contract at 10% off,90.36,0.12,85.61,20.0,No tech support add-on; No online security add-on; Rolling month-to-month contract; Manual payment method; Under 12 months tenure; Premium fiber plan,NO_TECH_SUPPORT|NO_ONLINE_SECURITY|MONTH_TO_MONTH|MANUAL_PAYMENT|NEW_CUSTOMER|FIBER_PREMIUM,OFF-CONTRACT-1Y:86|OFF-BUNDLE-ALL:85|OFF-TECHSUP-12:57|OFF-SEC-12:13|OFF-AUTOPAY:-1,,recommended,3,1
2995-UPRYS,treatment,0.2597,below,5098.0,99.2,40,,,0.0,0.0,0.0,20.0,No online security add-on; No device protection; Premium fiber plan,NO_ONLINE_SECURITY|NO_DEVICE_PROTECTION|FIBER_PREMIUM,OFF-SEC-12:6,OFF-SEC-12:R3_POSITIVE_EV,no_action_needed,3,1
6892-XPFPU,treatment,0.7049,above,2104.0,104.25,24,OFF-BUNDLE-ALL,"Tech Support + Online Security bundle, 12 months",120.51,0.14,87.13,20.0,No tech support add-on; No online security add-on; Rolling month-to-month contract; Manual payment method; Premium fiber plan,NO_TECH_SUPPORT|NO_ONLINE_SECURITY|MONTH_TO_MONTH|MANUAL_PAYMENT|FIBER_PREMIUM,OFF-BUNDLE-ALL:87|OFF-CONTRACT-2Y:79|OFF-TECHSUP-12:58|OFF-CONTRACT-1Y:53|OFF-SEC-12:14|OFF-AUTOPAY:-1,,recommended,3,1
6000-APYLU,treatment,0.5608,above,3890.0,80.8,9,OFF-CONTRACT-2Y,2-year contract at 15% off,145.44,0.18,247.23,20.0,"No tech support add-on; No online security add-on; No device protection; Rolling month-to-month contract; Manual payment method; High bill, few add-ons; Under 12 months tenure; Premium fiber plan",NO_TECH_SUPPORT|NO_ONLINE_SECURITY|NO_DEVICE_PROTECTION|MONTH_TO_MONTH|MANUAL_PAYMENT|HIGH_CHARGE_LOW_BUNDLE|NEW_CUSTOMER|FIBER_PREMIUM,OFF-CONTRACT-2Y:247|OFF-BUNDLE-ALL:185|OFF-CONTRACT-1Y:165|OFF-TECHSUP-12:114|OFF-SEC-12:49|OFF-AUTOPAY:27,,recommended,3,1
3672-YITQD,treatment,0.6761,above,2987.0,84.1,36,OFF-CONTRACT-2Y,2-year contract at 15% off,151.38,0.18,212.13,20.0,"No tech support add-on; No online security add-on; No device protection; Rolling month-to-month contract; Manual payment method; High bill, few add-ons; Premium fiber plan",NO_TECH_SUPPORT|NO_ONLINE_SECURITY|NO_DEVICE_PROTECTION|MONTH_TO_MONTH|MANUAL_PAYMENT|HIGH_CHARGE_LOW_BUNDLE|FIBER_PREMIUM,OFF-CONTRACT-2Y:212|OFF-BUNDLE-ALL:162|OFF-CONTRACT-1Y:141|OFF-TECHSUP-12:101|OFF-SEC-12:41|OFF-AUTOPAY:21,,recommended,3,1
9048-JVYVF,treatment,0.3321,above,3520.0,69.35,3,OFF-CONTRACT-1Y,1-year contract at 10% off,83.22,0.12,57.06,20.0,No online security add-on; No device protection; Rolling month-to-month contract; Manual payment method; Under 12 months tenure,NO_ONLINE_SECURITY|NO_DEVICE_PROTECTION|MONTH_TO_MONTH|MANUAL_PAYMENT|NEW_CUSTOMER,OFF-CONTRACT-1Y:57|OFF-SEC-12:-2|OFF-AUTOPAY:-13,,recommended,3,1
8988-ECPJR,treatment,0.5501,above,3980.0,79.6,34,OFF-CONTRACT-2Y,2-year contract at 15% off,143.28,0.18,250.81,20.0,No tech support add-on; No online security add-on; No device protection; Rolling month-to-month contract; Manual payment method; Premium fiber plan,NO_TECH_SUPPORT|NO_ONLINE_SECURITY|NO_DEVICE_PROTECTION|MONTH_TO_MONTH|MANUAL_PAYMENT|FIBER_PREMIUM,OFF-CONTRACT-2Y:251|OFF-BUNDLE-ALL:186|OFF-CONTRACT-1Y:167|OFF-TECHSUP-12:115|OFF-SEC-12:49|OFF-AUTOPAY:28,,recommended,3,1
1902-XBTFB,treatment,0.4876,above,5438.0,89.4,22,OFF-CONTRACT-2Y,2-year contract at 15% off,160.92,0.18,316.36,20.0,No tech support add-on; No online security add-on; Rolling month-to-month contract; Manual payment method; Premium fiber plan,NO_TECH_SUPPORT|NO_ONLINE_SECURITY|MONTH_TO_MONTH|MANUAL_PAYMENT|FIBER_PREMIUM,OFF-CONTRACT-2Y:316|OFF-BUNDLE-ALL:251|OFF-CONTRACT-1Y:211|OFF-TECHSUP-12:152|OFF-SEC-12:72|OFF-AUTOPAY:46,,recommended,3,1
9381-NDKME,treatment,0.4891,above,3843.0,40.65,24,OFF-CONTRACT-2Y,2-year contract at 15% off,73.17,0.18,265.16,20.0,No tech support add-on; No online security add-on; Rolling month-to-month contract,NO_TECH_SUPPORT|NO_ONLINE_SECURITY|MONTH_TO_MONTH,OFF-CONTRACT-2Y:265|OFF-CONTRACT-1Y:177|OFF-BUNDLE-ALL:143|OFF-TECHSUP-12:90|OFF-SEC-12:34,,recommended,3,1
6682-QJDGB,treatment,0.0943,below,2810.0,55.25,40,,,0.0,0.0,0.0,20.0,No tech support add-on; No device protection; Rolling month-to-month contract; Manual payment method,NO_TECH_SUPPORT|NO_DEVICE_PROTECTION|MONTH_TO_MONTH|MANUAL_PAYMENT,OFF-CONTRACT-1Y:-34|OFF-TECHSUP-12:-39|OFF-AUTOPAY:-49|OFF-CONTRACT-2Y:-52,OFF-CONTRACT-1Y:R3_POSITIVE_EV|OFF-TECHSUP-12:R3_POSITIVE_EV|OFF-AUTOPAY:R3_POSITIVE_EV|OFF-CONTRACT-2Y:R3_POSITIVE_EV,no_action_needed,3,1
8821-XNHVZ,treatment,0.9719,above,2943.0,80.05,1,OFF-BUNDLE-ALL,"Tech Support + Online Security bundle, 12 months",120.51,0.14,279.93,20.0,"No tech support add-on; No online security add-on; No device protection; Rolling month-to-month contract; Manual payment method; High bill, few add-ons; Under 12 months tenure; Premium fiber plan",NO_TECH_SUPPORT|NO_ONLINE_SECURITY|NO_DEVICE_PROTECTION|MONTH_TO_MONTH|MANUAL_PAYMENT|HIGH_CHARGE_LOW_BUNDLE|NEW_CUSTOMER|FIBER_PREMIUM,OFF-BUNDLE-ALL:280|OFF-CONTRACT-1Y:247|OFF-TECHSUP-12:168|OFF-SEC-12:83|OFF-AUTOPAY:54,,recommended,3,1
8053-WWDRO,treatment,0.2207,below,5579.0,19.5,6,OFF-CONTRACT-2Y,2-year contract at 15% off,35.1,0.18,186.53,20.0,Rolling month-to-month contract; Under 12 months tenure; Phone-only account,MONTH_TO_MONTH|NEW_CUSTOMER|NO_INTERNET,OFF-CONTRACT-2Y:187|OFF-CONTRACT-1Y:124,,recommended,3,1
4919-IKATY,treatment,0.6727,above,5141.0,84.5,5,OFF-CONTRACT-1Y,1-year contract at 10% off,101.4,0.12,313.6,20.0,"No tech support add-on; Rolling month-to-month contract; Manual payment method; High bill, few add-ons; Under 12 months tenure; Premium fiber plan",NO_TECH_SUPPORT|MONTH_TO_MONTH|MANUAL_PAYMENT|HIGH_CHARGE_LOW_BUNDLE|NEW_CUSTOMER|FIBER_PREMIUM,OFF-CONTRACT-1Y:314|OFF-TECHSUP-12:216|OFF-AUTOPAY:78,,recommended,3,1
9050-QLROH,treatment,0.4001,above,2931.0,90.7,18,OFF-CONTRACT-2Y,2-year contract at 15% off,163.26,0.18,47.82,20.0,"No tech support add-on; No online security add-on; Rolling month-to-month contract; High bill, few add-ons; Premium fiber plan",NO_TECH_SUPPORT|NO_ONLINE_SECURITY|MONTH_TO_MONTH|HIGH_CHARGE_LOW_BUNDLE|FIBER_PREMIUM,OFF-CONTRACT-2Y:48|OFF-BUNDLE-ALL:44|OFF-TECHSUP-12:33|OFF-CONTRACT-1Y:32|OFF-SEC-12:-2,,recommended,3,1
9465-RWMXL,control,0.582,above,5949.0,78.9,32,OFF-CONTRACT-2Y,2-year contract at 15% off,142.02,0.18,481.2,20.0,No tech support add-on; No online security add-on; Rolling month-to-month contract; Manual payment method; Premium fiber plan,NO_TECH_SUPPORT|NO_ONLINE_SECURITY|MONTH_TO_MONTH|MANUAL_PAYMENT|FIBER_PREMIUM,OFF-CONTRACT-2Y:481|OFF-BUNDLE-ALL:364|OFF-CONTRACT-1Y:321|OFF-TECHSUP-12:217|OFF-SEC-12:113|OFF-AUTOPAY:78,,recommended,3,1
5376-DEQCP,treatment,0.7826,above,4063.0,70.6,1,OFF-BUNDLE-ALL,"Tech Support + Online Security bundle, 12 months",120.51,0.14,324.65,20.0,No tech support add-on; No online security add-on; No device protection; Rolling month-to-month contract; Manual payment method; Under 12 months tenure; Premium fiber plan,NO_TECH_SUPPORT|NO_ONLINE_SECURITY|NO_DEVICE_PROTECTION|MONTH_TO_MONTH|MANUAL_PAYMENT|NEW_CUSTOMER|FIBER_PREMIUM,OFF-BUNDLE-ALL:325|OFF-CONTRACT-1Y:297|OFF-TECHSUP-12:194|OFF-SEC-12:99|OFF-AUTOPAY:67,,recommended,3,1
5228-EXCET,treatment,0.4326,above,5964.0,80.85,13,OFF-CONTRACT-2Y,2-year contract at 15% off,145.53,0.18,318.87,20.0,"No tech support add-on; No online security add-on; No device protection; Rolling month-to-month contract; Manual payment method; High bill, few add-ons; Premium fiber plan",NO_TECH_SUPPORT|NO_ONLINE_SECURITY|NO_DEVICE_PROTECTION|MONTH_TO_MONTH|MANUAL_PAYMENT|HIGH_CHARGE_LOW_BUNDLE|FIBER_PREMIUM,OFF-CONTRACT-2Y:319|OFF-BUNDLE-ALL:241|OFF-CONTRACT-1Y:213|OFF-TECHSUP-12:146|OFF-SEC-12:69|OFF-AUTOPAY:43,,recommended,3,1
6331-LWDTQ,treatment,0.3769,above,2457.0,72.15,10,OFF-CONTRACT-2Y,2-year contract at 15% off,129.87,0.18,36.82,20.0,No tech support add-on; No online security add-on; No device protection; Rolling month-to-month contract; Under 12 months tenure,NO_TECH_SUPPORT|NO_ONLINE_SECURITY|NO_DEVICE_PROTECTION|MONTH_TO_MONTH|NEW_CUSTOMER,OFF-CONTRACT-2Y:37|OFF-CONTRACT-1Y:25|OFF-TECHSUP-12:14|OFF-BUNDLE-ALL:9|OFF-SEC-12:-14,,recommended,3,1
4631-OACRM,treatment,0.6409,above,3621.0,79.4,15,OFF-CONTRACT-2Y,2-year contract at 15% off,142.92,0.18,274.81,20.0,No tech support add-on; No online security add-on; No device protection; Rolling month-to-month contract; Manual payment method; Premium fiber plan,NO_TECH_SUPPORT|NO_ONLINE_SECURITY|NO_DEVICE_PROTECTION|MONTH_TO_MONTH|MANUAL_PAYMENT|FIBER_PREMIUM,OFF-CONTRACT-2Y:275|OFF-BUNDLE-ALL:204|OFF-CONTRACT-1Y:183|OFF-TECHSUP-12:125|OFF-SEC-12:56|OFF-AUTOPAY:33,,recommended,3,1
1809-DMJHQ,treatment,0.2899,above,4846.0,46.0,5,OFF-CONTRACT-1Y,1-year contract at 10% off,55.2,0.12,113.38,20.0,No tech support add-on; No online security add-on; No device protection; Rolling month-to-month contract; Manual payment method; Under 12 months tenure,NO_TECH_SUPPORT|NO_ONLINE_SECURITY|NO_DEVICE_PROTECTION|MONTH_TO_MONTH|MANUAL_PAYMENT|NEW_CUSTOMER,OFF-CONTRACT-1Y:113|OFF-BUNDLE-ALL:76|OFF-TECHSUP-12:52|OFF-SEC-12:10|OFF-AUTOPAY:-4,,recommended,3,1
0778-NELLA,treatment,0.4278,above,5352.0,34.7,9,OFF-CONTRACT-2Y,2-year contract at 15% off,62.46,0.18,349.67,20.0,No tech support add-on; No online security add-on; No device protection; Rolling month-to-month contract; Under 12 months tenure,NO_TECH_SUPPORT|NO_ONLINE_SECURITY|NO_DEVICE_PROTECTION|MONTH_TO_MONTH|NEW_CUSTOMER,OFF-CONTRACT-2Y:350|OFF-CONTRACT-1Y:233|OFF-BUNDLE-ALL:200|OFF-TECHSUP-12:123|OFF-SEC-12:54,,recommended,3,1
9611-CTWIH,treatment,0.6357,above,3591.0,89.45,3,OFF-BUNDLE-ALL,"Tech Support + Online Security bundle, 12 months",120.51,0.14,199.08,20.0,"No tech support add-on; No online security add-on; No device protection; Rolling month-to-month contract; Manual payment method; High bill, few add-ons; Under 12 months tenure; Premium fiber plan",NO_TECH_SUPPORT|NO_ONLINE_SECURITY|NO_DEVICE_PROTECTION|MONTH_TO_MONTH|MANUAL_PAYMENT|HIGH_CHARGE_LOW_BUNDLE|NEW_CUSTOMER|FIBER_PREMIUM,OFF-BUNDLE-ALL:199|OFF-CONTRACT-1Y:167|OFF-TECHSUP-12:122|OFF-SEC-12:54|OFF-AUTOPAY:31,,recommended,3,1
5271-YNWVR,treatment,0.1497,below,4610.0,113.15,68,,,0.0,0.0,0.0,20.0,Manual payment method; Premium fiber plan,MANUAL_PAYMENT|FIBER_PREMIUM,OFF-AUTOPAY:-32,OFF-AUTOPAY:R3_POSITIVE_EV,no_action_needed,3,1
4667-OHGKG,treatment,0.4081,above,4266.0,19.3,1,OFF-CONTRACT-1Y,1-year contract at 10% off,23.16,0.12,185.75,20.0,Rolling month-to-month contract; Manual payment method; Under 12 months tenure; Phone-only account,MONTH_TO_MONTH|MANUAL_PAYMENT|NEW_CUSTOMER|NO_INTERNET,OFF-CONTRACT-1Y:186|OFF-AUTOPAY:10,,recommended,3,1
6284-AHOOQ,treatment,0.3555,above,5014.0,90.5,22,OFF-CONTRACT-2Y,2-year contract at 15% off,162.9,0.18,157.95,20.0,"No online security add-on; No device protection; Rolling month-to-month contract; High bill, few add-ons; Premium fiber plan",NO_ONLINE_SECURITY|NO_DEVICE_PROTECTION|MONTH_TO_MONTH|HIGH_CHARGE_LOW_BUNDLE|FIBER_PREMIUM,OFF-CONTRACT-2Y:158|OFF-CONTRACT-1Y:105|OFF-SEC-12:29,,recommended,3,1
1320-HTRDR,treatment,0.6941,above,5948.0,75.5,3,OFF-BUNDLE-ALL,"Tech Support + Online Security bundle, 12 months",120.51,0.14,457.48,20.0,No tech support add-on; No online security add-on; No device protection; Rolling month-to-month contract; Manual payment method; Under 12 months tenure; Premium fiber plan,NO_TECH_SUPPORT|NO_ONLINE_SECURITY|NO_DEVICE_PROTECTION|MONTH_TO_MONTH|MANUAL_PAYMENT|NEW_CUSTOMER|FIBER_PREMIUM,OFF-BUNDLE-ALL:457|OFF-CONTRACT-1Y:405|OFF-TECHSUP-12:270|OFF-SEC-12:146|OFF-AUTOPAY:105,,recommended,3,1
1493-AMTIE,treatment,0.2885,above,5394.0,20.2,1,OFF-CONTRACT-1Y,1-year contract at 10% off,24.24,0.12,162.5,20.0,Rolling month-to-month contract; Under 12 months tenure; Phone-only account,MONTH_TO_MONTH|NEW_CUSTOMER|NO_INTERNET,OFF-CONTRACT-1Y:162,,recommended,3,1
6821-BUXUX,treatment,0.6213,above,2110.0,96.65,13,OFF-CONTRACT-2Y,2-year contract at 15% off,173.97,0.18,62.0,20.0,No tech support add-on; No device protection; Rolling month-to-month contract; Manual payment method; Premium fiber plan,NO_TECH_SUPPORT|NO_DEVICE_PROTECTION|MONTH_TO_MONTH|MANUAL_PAYMENT|FIBER_PREMIUM,OFF-CONTRACT-2Y:62|OFF-TECHSUP-12:45|OFF-CONTRACT-1Y:41|OFF-AUTOPAY:-8,,recommended,3,1
3244-DCJWY,treatment,0.7993,above,4133.0,70.25,1,OFF-BUNDLE-ALL,"Tech Support + Online Security bundle, 12 months",120.51,0.14,341.98,20.0,No tech support add-on; No online security add-on; No device protection; Rolling month-to-month contract; Manual payment method; Under 12 months tenure; Premium fiber plan,NO_TECH_SUPPORT|NO_ONLINE_SECURITY|NO_DEVICE_PROTECTION|MONTH_TO_MONTH|MANUAL_PAYMENT|NEW_CUSTOMER|FIBER_PREMIUM,OFF-BUNDLE-ALL:342|OFF-CONTRACT-1Y:312|OFF-TECHSUP-12:204|OFF-SEC-12:105|OFF-AUTOPAY:72,,recommended,3,1
5196-SGOAK,treatment,0.8434,above,4884.0,75.7,1,OFF-BUNDLE-ALL,"Tech Support + Online Security bundle, 12 months",120.51,0.14,456.17,20.0,No tech support add-on; No online security add-on; No device protection; Rolling month-to-month contract; Manual payment method; Under 12 months tenure; Premium fiber plan,NO_TECH_SUPPORT|NO_ONLINE_SECURITY|NO_DEVICE_PROTECTION|MONTH_TO_MONTH|MANUAL_PAYMENT|NEW_CUSTOMER|FIBER_PREMIUM,OFF-BUNDLE-ALL:456|OFF-CONTRACT-1Y:403|OFF-TECHSUP-12:269|OFF-SEC-12:146|OFF-AUTOPAY:105,,recommended,3,1
0363-QJVFX,treatment,0.2365,below,2541.0,108.15,32,,,0.0,0.0,0.0,20.0,No device protection; Rolling month-to-month contract; Premium fiber plan,NO_DEVICE_PROTECTION|MONTH_TO_MONTH|FIBER_PREMIUM,OFF-CONTRACT-1Y:-58|OFF-CONTRACT-2Y:-86,OFF-CONTRACT-1Y:R3_POSITIVE_EV|OFF-CONTRACT-2Y:R3_POSITIVE_EV,no_action_needed,3,1
9840-DVNDC,control,0.582,above,2181.0,80.5,6,OFF-CONTRACT-2Y,2-year contract at 15% off,144.9,0.18,83.58,20.0,"No tech support add-on; No online security add-on; No device protection; Rolling month-to-month contract; High bill, few add-ons; Under 12 months tenure; Premium fiber plan",NO_TECH_SUPPORT|NO_ONLINE_SECURITY|NO_DEVICE_PROTECTION|MONTH_TO_MONTH|HIGH_CHARGE_LOW_BUNDLE|NEW_CUSTOMER|FIBER_PREMIUM,OFF-CONTRACT-2Y:84|OFF-BUNDLE-ALL:57|OFF-CONTRACT-1Y:56|OFF-TECHSUP-12:41|OFF-SEC-12:3,,recommended,3,1
3374-LXDEV,treatment,0.5401,above,2226.0,89.4,13,OFF-CONTRACT-2Y,2-year contract at 15% off,160.92,0.18,55.49,20.0,No online security add-on; Rolling month-to-month contract; Manual payment method; Premium fiber plan,NO_ONLINE_SECURITY|MONTH_TO_MONTH|MANUAL_PAYMENT|FIBER_PREMIUM,OFF-CONTRACT-2Y:55|OFF-CONTRACT-1Y:37|OFF-SEC-12:-0|OFF-AUTOPAY:-12,,recommended,3,1
6711-VTNRE,treatment,0.3121,above,2558.0,87.55,36,,,0.0,0.0,0.0,20.0,No online security add-on; Rolling month-to-month contract; Manual payment method; Premium fiber plan,NO_ONLINE_SECURITY|MONTH_TO_MONTH|MANUAL_PAYMENT|FIBER_PREMIUM,OFF-CONTRACT-1Y:-9|OFF-CONTRACT-2Y:-14|OFF-SEC-12:-20|OFF-AUTOPAY:-28,OFF-CONTRACT-1Y:R3_POSITIVE_EV|OFF-CONTRACT-2Y:R3_POSITIVE_EV|OFF-SEC-12:R3_POSITIVE_EV|OFF-AUTOPAY:R3_POSITIVE_EV,review_no_profitable_offer,3,1
7854-EKTJL,treatment,0.1468,below,2843.0,19.6,2,OFF-CONTRACT-1Y,1-year contract at 10% off,23.52,0.12,26.56,20.0,Rolling month-to-month contract; Manual payment method; Under 12 months tenure; Phone-only account,MONTH_TO_MONTH|MANUAL_PAYMENT|NEW_CUSTOMER|NO_INTERNET,OFF-CONTRACT-1Y:27|OFF-AUTOPAY:-43,,recommended,3,1
3422-LYEPQ,treatment,0.8393,above,4207.0,71.0,1,OFF-BUNDLE-ALL,"Tech Support + Online Security bundle, 12 months",120.51,0.14,373.82,20.0,No tech support add-on; No online security add-on; No device protection; Rolling month-to-month contract; Manual payment method; Under 12 months tenure; Premium fiber plan,NO_TECH_SUPPORT|NO_ONLINE_SECURITY|NO_DEVICE_PROTECTION|MONTH_TO_MONTH|MANUAL_PAYMENT|NEW_CUSTOMER|FIBER_PREMIUM,OFF-BUNDLE-ALL:374|OFF-CONTRACT-1Y:339|OFF-TECHSUP-12:222|OFF-SEC-12:116|OFF-AUTOPAY:81,,recommended,3,1
9507-EXLTT,treatment,0.889,above,3492.0,79.35,1,OFF-BUNDLE-ALL,"Tech Support + Online Security bundle, 12 months",120.51,0.14,314.1,20.0,No tech support add-on; No online security add-on; No device protection; Rolling month-to-month contract; Under 12 months tenure; Premium fiber plan,NO_TECH_SUPPORT|NO_ONLINE_SECURITY|NO_DEVICE_PROTECTION|MONTH_TO_MONTH|NEW_CUSTOMER|FIBER_PREMIUM,OFF-BUNDLE-ALL:314|OFF-CONTRACT-1Y:277|OFF-TECHSUP-12:188|OFF-SEC-12:95,,recommended,3,1
4512-ZUIYL,treatment,0.5187,above,2928.0,70.0,2,OFF-CONTRACT-1Y,1-year contract at 10% off,84.0,0.12,98.25,20.0,No tech support add-on; No online security add-on; No device protection; Rolling month-to-month contract; Under 12 months tenure; Premium fiber plan,NO_TECH_SUPPORT|NO_ONLINE_SECURITY|NO_DEVICE_PROTECTION|MONTH_TO_MONTH|NEW_CUSTOMER|FIBER_PREMIUM,OFF-CONTRACT-1Y:98|OFF-BUNDLE-ALL:92|OFF-TECHSUP-12:61|OFF-SEC-12:16,,recommended,3,1
0733-VUNUW,treatment,0.1385,below,4126.0,55.65,24,,,0.0,0.0,0.0,20.0,No tech support add-on; No device protection; Rolling month-to-month contract,NO_TECH_SUPPORT|NO_DEVICE_PROTECTION|MONTH_TO_MONTH,OFF-CONTRACT-2Y:3|OFF-CONTRACT-1Y:2|OFF-TECHSUP-12:-15,OFF-CONTRACT-2Y:R3_POSITIVE_EV|OFF-CONTRACT-1Y:R3_POSITIVE_EV|OFF-TECHSUP-12:R3_POSITIVE_EV,no_action_needed,3,1
6777-TGHTM,treatment,0.2627,below,5550.0,106.95,53,OFF-TECHSUP-12,Tech Support bundled free for 12 months,60.35,0.08,56.29,20.0,No tech support add-on; Premium fiber plan,NO_TECH_SUPPORT|FIBER_PREMIUM,OFF-TECHSUP-12:56,,recommended,3,1
4785-QRJHC,control,0.2027,below,4011.0,59.9,46,,,0.0,0.0,0.0,20.0,No online security add-on,NO_ONLINE_SECURITY,OFF-SEC-12:-20,OFF-SEC-12:R3_POSITIVE_EV,no_action_needed,3,1
4905-JEFDW,treatment,0.3358,above,3119.0,41.6,11,OFF-TECHSUP-12,Tech Support bundled free for 12 months,60.35,0.08,23.44,20.0,No tech support add-on; No online security add-on; Manual payment method; Under 12 months tenure,NO_TECH_SUPPORT|NO_ONLINE_SECURITY|MANUAL_PAYMENT|NEW_CUSTOMER,OFF-BUNDLE-ALL:26|OFF-TECHSUP-12:23|OFF-SEC-12:-8|OFF-AUTOPAY:-18,OFF-BUNDLE-ALL:R2_MARGIN_FLOOR,recommended,3,1
2202-CUYXZ,treatment,0.8834,above,3086.0,84.85,1,OFF-BUNDLE-ALL,"Tech Support + Online Security bundle, 12 months",120.51,0.14,261.15,20.0,"No tech support add-on; No online security add-on; Rolling month-to-month contract; Manual payment method; High bill, few add-ons; Under 12 months tenure; Premium fiber plan",NO_TECH_SUPPORT|NO_ONLINE_SECURITY|MONTH_TO_MONTH|MANUAL_PAYMENT|HIGH_CHARGE_LOW_BUNDLE|NEW_CUSTOMER|FIBER_PREMIUM,OFF-BUNDLE-ALL:261|OFF-CONTRACT-1Y:225|OFF-TECHSUP-12:158|OFF-SEC-12:76|OFF-AUTOPAY:49,,recommended,3,1
9033-EOXWV,treatment,0.2283,below,4149.0,74.05,12,,,0.0,0.0,0.0,20.0,No online security add-on; No device protection; Manual payment method,NO_ONLINE_SECURITY|NO_DEVICE_PROTECTION|MANUAL_PAYMENT,OFF-SEC-12:-13|OFF-AUTOPAY:-22,OFF-SEC-12:R3_POSITIVE_EV|OFF-AUTOPAY:R3_POSITIVE_EV,no_action_needed,3,1
1522-VVDMG,control,0.6197,above,3807.0,89.75,7,OFF-CONTRACT-2Y,2-year contract at 15% off,161.55,0.18,263.11,20.0,No online security add-on; No device protection; Rolling month-to-month contract; Manual payment method; Under 12 months tenure; Premium fiber plan,NO_ONLINE_SECURITY|NO_DEVICE_PROTECTION|MONTH_TO_MONTH|MANUAL_PAYMENT|NEW_CUSTOMER|FIBER_PREMIUM,OFF-CONTRACT-2Y:263|OFF-CONTRACT-1Y:175|OFF-SEC-12:58|OFF-AUTOPAY:34,,recommended,3,1
6338-AVWCY,treatment,0.582,above,4710.0,40.15,3,OFF-CONTRACT-1Y,1-year contract at 10% off,48.18,0.12,280.77,20.0,No tech support add-on; No online security add-on; Rolling month-to-month contract; Manual payment method; Under 12 months tenure,NO_TECH_SUPPORT|NO_ONLINE_SECURITY|MONTH_TO_MONTH|MANUAL_PAYMENT|NEW_CUSTOMER,OFF-CONTRACT-1Y:281|OFF-BUNDLE-ALL:263|OFF-TECHSUP-12:159|OFF-SEC-12:77|OFF-AUTOPAY:50,,recommended,3,1
3063-QFSZL,treatment,0.6353,above,2294.0,55.4,1,OFF-CONTRACT-1Y,1-year contract at 10% off,66.48,0.12,108.41,20.0,No tech support add-on; No online security add-on; No device protection; Rolling month-to-month contract; Manual payment method; Under 12 months tenure,NO_TECH_SUPPORT|NO_ONLINE_SECURITY|NO_DEVICE_PROTECTION|MONTH_TO_MONTH|MANUAL_PAYMENT|NEW_CUSTOMER,OFF-CONTRACT-1Y:108|OFF-BUNDLE-ALL:84|OFF-TECHSUP-12:56|OFF-SEC-12:13|OFF-AUTOPAY:-2,,recommended,3,1
0871-URUWO,treatment,0.7549,above,2003.0,102.25,13,OFF-BUNDLE-ALL,"Tech Support + Online Security bundle, 12 months",120.51,0.14,91.18,20.0,No tech support add-on; No online security add-on; Rolling month-to-month contract; Premium fiber plan,NO_TECH_SUPPORT|NO_ONLINE_SECURITY|MONTH_TO_MONTH|FIBER_PREMIUM,OFF-BUNDLE-ALL:91|OFF-CONTRACT-2Y:88|OFF-TECHSUP-12:61|OFF-CONTRACT-1Y:59|OFF-SEC-12:15,,recommended,3,1
0870-VEMYL,treatment,0.2628,below,5435.0,53.85,5,OFF-CONTRACT-1Y,1-year contract at 10% off,64.62,0.12,106.78,20.0,No device protection; Rolling month-to-month contract; Under 12 months tenure,NO_DEVICE_PROTECTION|MONTH_TO_MONTH|NEW_CUSTOMER,OFF-CONTRACT-1Y:107,,recommended,3,1
3982-XWFZQ,treatment,0.2619,below,4873.0,50.25,42,OFF-CONTRACT-2Y,2-year contract at 15% off,90.45,0.18,139.27,20.0,No tech support add-on; No online security add-on; No device protection; Rolling month-to-month contract; Manual payment method,NO_TECH_SUPPORT|NO_ONLINE_SECURITY|NO_DEVICE_PROTECTION|MONTH_TO_MONTH|MANUAL_PAYMENT,OFF-CONTRACT-2Y:139|OFF-CONTRACT-1Y:93|OFF-BUNDLE-ALL:58|OFF-TECHSUP-12:42|OFF-SEC-12:4|OFF-AUTOPAY:-9,,recommended,3,1
6776-TLWOI,treatment,0.1935,below,2158.0,19.85,3,OFF-CONTRACT-1Y,1-year contract at 10% off,23.82,0.12,26.29,20.0,Rolling month-to-month contract; Manual payment method; Under 12 months tenure; Phone-only account,MONTH_TO_MONTH|MANUAL_PAYMENT|NEW_CUSTOMER|NO_INTERNET,OFF-CONTRACT-1Y:26|OFF-AUTOPAY:-43,,recommended,3,1
8650-RHRKE,treatment,0.5608,above,4207.0,29.65,4,OFF-CONTRACT-1Y,1-year contract at 10% off,35.58,0.12,247.53,20.0,No tech support add-on; No online security add-on; Rolling month-to-month contract; Manual payment method; Under 12 months tenure,NO_TECH_SUPPORT|NO_ONLINE_SECURITY|MONTH_TO_MONTH|MANUAL_PAYMENT|NEW_CUSTOMER,OFF-CONTRACT-1Y:248|OFF-BUNDLE-ALL:210|OFF-TECHSUP-12:128|OFF-SEC-12:58|OFF-AUTOPAY:34,,recommended,3,1
6328-ZPBGN,treatment,0.7889,above,4074.0,95.15,11,OFF-CONTRACT-2Y,2-year contract at 15% off,171.27,0.18,407.25,20.0,"No tech support add-on; No online security add-on; No device protection; Rolling month-to-month contract; High bill, few add-ons; Under 12 months tenure; Premium fiber plan",NO_TECH_SUPPORT|NO_ONLINE_SECURITY|NO_DEVICE_PROTECTION|MONTH_TO_MONTH|HIGH_CHARGE_LOW_BUNDLE|NEW_CUSTOMER|FIBER_PREMIUM,OFF-CONTRACT-2Y:407|OFF-BUNDLE-ALL:329|OFF-CONTRACT-1Y:272|OFF-TECHSUP-12:197|OFF-SEC-12:101,,recommended,3,1
2867-UIMSS,treatment,0.8434,above,2734.0,80.5,1,OFF-BUNDLE-ALL,"Tech Support + Online Security bundle, 12 months",120.51,0.14,202.31,20.0,"No tech support add-on; No online security add-on; No device protection; Rolling month-to-month contract; Manual payment method; High bill, few add-ons; Under 12 months tenure; Premium fiber plan",NO_TECH_SUPPORT|NO_ONLINE_SECURITY|NO_DEVICE_PROTECTION|MONTH_TO_MONTH|MANUAL_PAYMENT|HIGH_CHARGE_LOW_BUNDLE|NEW_CUSTOMER|FIBER_PREMIUM,OFF-BUNDLE-ALL:202|OFF-CONTRACT-1Y:180|OFF-TECHSUP-12:124|OFF-SEC-12:55|OFF-AUTOPAY:32,,recommended,3,1
6769-DYBQN,treatment,0.3099,above,2097.0,85.0,46,,,0.0,0.0,0.0,20.0,"No tech support add-on; No device protection; Rolling month-to-month contract; Manual payment method; High bill, few add-ons; Premium fiber plan",NO_TECH_SUPPORT|NO_DEVICE_PROTECTION|MONTH_TO_MONTH|MANUAL_PAYMENT|HIGH_CHARGE_LOW_BUNDLE|FIBER_PREMIUM,OFF-TECHSUP-12:-8|OFF-CONTRACT-1Y:-24|OFF-AUTOPAY:-34|OFF-CONTRACT-2Y:-36,OFF-TECHSUP-12:R3_POSITIVE_EV|OFF-CONTRACT-1Y:R3_POSITIVE_EV|OFF-AUTOPAY:R3_POSITIVE_EV|OFF-CONTRACT-2Y:R3_POSITIVE_EV,review_no_profitable_offer,3,1
4342-HENTK,treatment,0.6335,above,2189.0,70.65,2,OFF-CONTRACT-1Y,1-year contract at 10% off,84.78,0.12,81.63,20.0,No tech support add-on; No online security add-on; No device protection; Rolling month-to-month contract; Manual payment method; Under 12 months tenure; Premium fiber plan,NO_TECH_SUPPORT|NO_ONLINE_SECURITY|NO_DEVICE_PROTECTION|MONTH_TO_MONTH|MANUAL_PAYMENT|NEW_CUSTOMER|FIBER_PREMIUM,OFF-CONTRACT-1Y:82|OFF-BUNDLE-ALL:74|OFF-TECHSUP-12:51|OFF-SEC-12:9|OFF-AUTOPAY:-5,,recommended,3,1
2754-XBHTB,treatment,0.5713,above,3847.0,77.65,9,OFF-CONTRACT-2Y,2-year contract at 15% off,139.77,0.18,255.83,20.0,No tech support add-on; No online security add-on; No device protection; Rolling month-to-month contract; Under 12 months tenure; Premium fiber plan,NO_TECH_SUPPORT|NO_ONLINE_SECURITY|NO_DEVICE_PROTECTION|MONTH_TO_MONTH|NEW_CUSTOMER|FIBER_PREMIUM,OFF-CONTRACT-2Y:256|OFF-BUNDLE-ALL:187|OFF-CONTRACT-1Y:171|OFF-TECHSUP-12:115|OFF-SEC-12:50,,recommended,3,1
8752-STIVR,treatment,0.6722,above,2085.0,79.0,4,OFF-BUNDLE-ALL,"Tech Support + Online Security bundle, 12 months",120.51,0.14,75.71,20.0,No tech support add-on; No online security add-on; No device protection; Rolling month-to-month contract; Manual payment method; Under 12 months tenure; Premium fiber plan,NO_TECH_SUPPORT|NO_ONLINE_SECURITY|NO_DEVICE_PROTECTION|MONTH_TO_MONTH|MANUAL_PAYMENT|NEW_CUSTOMER|FIBER_PREMIUM,OFF-BUNDLE-ALL:76|OFF-CONTRACT-1Y:73|OFF-TECHSUP-12:52|OFF-SEC-12:10|OFF-AUTOPAY:-4,,recommended,3,1
7623-TRNQN,treatment,0.2207,below,3113.0,49.9,1,OFF-CONTRACT-1Y,1-year contract at 10% off,59.88,0.12,22.56,20.0,No online security add-on; No device protection; Rolling month-to-month contract; Manual payment method; Under 12 months tenure,NO_ONLINE_SECURITY|NO_DEVICE_PROTECTION|MONTH_TO_MONTH|MANUAL_PAYMENT|NEW_CUSTOMER,OFF-CONTRACT-1Y:23|OFF-SEC-12:-26|OFF-AUTOPAY:-33,,recommended,3,1
9286-DOJGF,treatment,0.5058,above,5165.0,74.95,38,OFF-CONTRACT-2Y,2-year contract at 15% off,134.91,0.18,335.33,20.0,No tech support add-on; No online security add-on; No device protection; Rolling month-to-month contract; Premium fiber plan,NO_TECH_SUPPORT|NO_ONLINE_SECURITY|NO_DEVICE_PROTECTION|MONTH_TO_MONTH|FIBER_PREMIUM,OFF-CONTRACT-2Y:335|OFF-BUNDLE-ALL:245|OFF-CONTRACT-1Y:224|OFF-TECHSUP-12:149|OFF-SEC-12:70,,recommended,3,1
9661-MHUMO,treatment,0.2574,below,4478.0,49.25,1,OFF-CONTRACT-1Y,1-year contract at 10% off,59.1,0.12,79.22,20.0,No online security add-on; No device protection; Rolling month-to-month contract; Under 12 months tenure,NO_ONLINE_SECURITY|NO_DEVICE_PROTECTION|MONTH_TO_MONTH|NEW_CUSTOMER,OFF-CONTRACT-1Y:79|OFF-SEC-12:-3,,recommended,3,1
8884-ADFVN,control,0.99,above,2016.0,101.95,7,OFF-CONTRACT-2Y,2-year contract at 15% off,183.51,0.18,175.74,20.0,No tech support add-on; No online security add-on; Rolling month-to-month contract; Manual payment method; Under 12 months tenure; Premium fiber plan,NO_TECH_SUPPORT|NO_ONLINE_SECURITY|MONTH_TO_MONTH|MANUAL_PAYMENT|NEW_CUSTOMER|FIBER_PREMIUM,OFF-CONTRACT-2Y:176|OFF-BUNDLE-ALL:159|OFF-CONTRACT-1Y:117|OFF-TECHSUP-12:99|OFF-SEC-12:40|OFF-AUTOPAY:20,,recommended,3,1
7851-FLGGQ,treatment,0.4006,above,3704.0,44.65,1,OFF-CONTRACT-1Y,1-year contract at 10% off,53.58,0.12,124.48,20.0,No online security add-on; No device protection; Rolling month-to-month contract; Manual payment method; Under 12 months tenure,NO_ONLINE_SECURITY|NO_DEVICE_PROTECTION|MONTH_TO_MONTH|MANUAL_PAYMENT|NEW_CUSTOMER,OFF-CONTRACT-1Y:124|OFF-SEC-12:14|OFF-AUTOPAY:-1,,recommended,3,1
1963-VAUKV,treatment,0.2317,below,3663.0,20.4,1,OFF-CONTRACT-1Y,1-year contract at 10% off,24.48,0.12,77.37,20.0,Rolling month-to-month contract; Manual payment method; Under 12 months tenure; Phone-only account,MONTH_TO_MONTH|MANUAL_PAYMENT|NEW_CUSTOMER|NO_INTERNET,OFF-CONTRACT-1Y:77|OFF-AUTOPAY:-26,,recommended,3,1
6608-QQLVK,treatment,0.6546,above,2077.0,50.5,1,OFF-CONTRACT-1Y,1-year contract at 10% off,60.6,0.12,102.55,20.0,No tech support add-on; No online security add-on; Rolling month-to-month contract; Manual payment method; Under 12 months tenure,NO_TECH_SUPPORT|NO_ONLINE_SECURITY|MONTH_TO_MONTH|MANUAL_PAYMENT|NEW_CUSTOMER,OFF-CONTRACT-1Y:103|OFF-BUNDLE-ALL:70|OFF-TECHSUP-12:48|OFF-SEC-12:8|OFF-AUTOPAY:-6,,recommended,3,1
0616-ATFGB,treatment,0.7769,above,2119.0,25.05,1,OFF-CONTRACT-1Y,1-year contract at 10% off,30.06,0.12,167.49,20.0,No tech support add-on; No online security add-on; No device protection; Rolling month-to-month contract; Manual payment method; Under 12 months tenure,NO_TECH_SUPPORT|NO_ONLINE_SECURITY|NO_DEVICE_PROTECTION|MONTH_TO_MONTH|MANUAL_PAYMENT|NEW_CUSTOMER,OFF-CONTRACT-1Y:167|OFF-BUNDLE-ALL:110|OFF-TECHSUP-12:71|OFF-SEC-12:22|OFF-AUTOPAY:6,,recommended,3,1
7235-NXZCP,treatment,0.666,above,5378.0,74.85,2,OFF-BUNDLE-ALL,"Tech Support + Online Security bundle, 12 months",120.51,0.14,380.93,20.0,No tech support add-on; No online security add-on; No device protection; Rolling month-to-month contract; Manual payment method; Under 12 months tenure; Premium fiber plan,NO_TECH_SUPPORT|NO_ONLINE_SECURITY|NO_DEVICE_PROTECTION|MONTH_TO_MONTH|MANUAL_PAYMENT|NEW_CUSTOMER|FIBER_PREMIUM,OFF-BUNDLE-ALL:381|OFF-CONTRACT-1Y:340|OFF-TECHSUP-12:226|OFF-SEC-12:119|OFF-AUTOPAY:83,,recommended,3,1
1444-VVSGW,treatment,0.2608,below,5563.0,115.65,70,,,0.0,0.0,0.0,20.0,Premium fiber plan,FIBER_PREMIUM,,,no_action_needed,3,1
6661-HBGWL,treatment,0.5171,above,2984.0,104.75,42,OFF-BUNDLE-ALL,"Tech Support + Online Security bundle, 12 months",120.51,0.14,95.51,20.0,No tech support add-on; No online security add-on; Rolling month-to-month contract; Premium fiber plan,NO_TECH_SUPPORT|NO_ONLINE_SECURITY|MONTH_TO_MONTH|FIBER_PREMIUM,OFF-BUNDLE-ALL:96|OFF-CONTRACT-2Y:89|OFF-TECHSUP-12:63|OFF-CONTRACT-1Y:59|OFF-SEC-12:17,,recommended,3,1
4701-AHWMW,treatment,0.147,below,6041.0,54.55,55,OFF-CONTRACT-2Y,2-year contract at 15% off,98.19,0.18,61.65,20.0,No online security add-on; Rolling month-to-month contract,NO_ONLINE_SECURITY|MONTH_TO_MONTH,OFF-CONTRACT-2Y:62|OFF-CONTRACT-1Y:41|OFF-SEC-12:-16,,recommended,3,1
0023-XUOPT,treatment,0.6744,above,2973.0,94.1,13,OFF-CONTRACT-2Y,2-year contract at 15% off,169.38,0.18,191.52,20.0,No tech support add-on; No online security add-on; Rolling month-to-month contract; Manual payment method; Premium fiber plan,NO_TECH_SUPPORT|NO_ONLINE_SECURITY|MONTH_TO_MONTH|MANUAL_PAYMENT|FIBER_PREMIUM,OFF-CONTRACT-2Y:192|OFF-BUNDLE-ALL:160|OFF-CONTRACT-1Y:128|OFF-TECHSUP-12:100|OFF-SEC-12:40|OFF-AUTOPAY:20,,recommended,3,1
9248-OJYKK,treatment,0.99,above,3763.0,76.45,1,OFF-BUNDLE-ALL,"Tech Support + Online Security bundle, 12 months",120.51,0.14,401.04,20.0,No tech support add-on; No online security add-on; No device protection; Rolling month-to-month contract; Manual payment method; Under 12 months tenure; Premium fiber plan,NO_TECH_SUPPORT|NO_ONLINE_SECURITY|NO_DEVICE_PROTECTION|MONTH_TO_MONTH|MANUAL_PAYMENT|NEW_CUSTOMER|FIBER_PREMIUM,OFF-BUNDLE-ALL:401|OFF-CONTRACT-1Y:355|OFF-TECHSUP-12:238|OFF-SEC-12:126|OFF-AUTOPAY:89,,recommended,3,1
4415-IJZTP,treatment,0.8421,above,2016.0,74.5,1,OFF-BUNDLE-ALL,"Tech Support + Online Security bundle, 12 months",120.51,0.14,117.16,20.0,No tech support add-on; No online security add-on; No device protection; Rolling month-to-month contract; Manual payment method; Under 12 months tenure; Premium fiber plan,NO_TECH_SUPPORT|NO_ONLINE_SECURITY|NO_DEVICE_PROTECTION|MONTH_TO_MONTH|MANUAL_PAYMENT|NEW_CUSTOMER|FIBER_PREMIUM,OFF-BUNDLE-ALL:117|OFF-CONTRACT-1Y:114|OFF-TECHSUP-12:75|OFF-SEC-12:25|OFF-AUTOPAY:8,,recommended,3,1
9412-ARGBX,treatment,0.0535,below,2459.0,95.5,48,,,0.0,0.0,0.0,20.0,No online security add-on; Manual payment method; Premium fiber plan,NO_ONLINE_SECURITY|MANUAL_PAYMENT|FIBER_PREMIUM,OFF-SEC-12:-54|OFF-AUTOPAY:-55,OFF-SEC-12:R3_POSITIVE_EV|OFF-AUTOPAY:R3_POSITIVE_EV,no_action_needed,3,1
8676-TRMJS,treatment,0.5128,above,3190.0,75.0,3,OFF-BUNDLE-ALL,"Tech Support + Online Security bundle, 12 months",120.51,0.14,108.51,20.0,No tech support add-on; No online security add-on; No device protection; Rolling month-to-month contract; Manual payment method; Under 12 months tenure; Premium fiber plan,NO_TECH_SUPPORT|NO_ONLINE_SECURITY|NO_DEVICE_PROTECTION|MONTH_TO_MONTH|MANUAL_PAYMENT|NEW_CUSTOMER|FIBER_PREMIUM,OFF-BUNDLE-ALL:109|OFF-CONTRACT-1Y:106|OFF-TECHSUP-12:71|OFF-SEC-12:22|OFF-AUTOPAY:5,,recommended,3,1
0685-MLYYM,treatment,0.5392,above,4407.0,70.75,2,OFF-BUNDLE-ALL,"Tech Support + Online Security bundle, 12 months",120.51,0.14,212.17,20.0,No tech support add-on; No online security add-on; No device protection; Rolling month-to-month contract; Manual payment method; Under 12 months tenure; Premium fiber plan,NO_TECH_SUPPORT|NO_ONLINE_SECURITY|NO_DEVICE_PROTECTION|MONTH_TO_MONTH|MANUAL_PAYMENT|NEW_CUSTOMER|FIBER_PREMIUM,OFF-BUNDLE-ALL:212|OFF-CONTRACT-1Y:200|OFF-TECHSUP-12:130|OFF-SEC-12:59|OFF-AUTOPAY:35,,recommended,3,1
7957-RYHQD,treatment,0.3849,above,3207.0,79.2,40,OFF-CONTRACT-2Y,2-year contract at 15% off,142.56,0.18,79.63,20.0,No tech support add-on; No device protection; Rolling month-to-month contract; Premium fiber plan,NO_TECH_SUPPORT|NO_DEVICE_PROTECTION|MONTH_TO_MONTH|FIBER_PREMIUM,OFF-CONTRACT-2Y:80|OFF-CONTRACT-1Y:53|OFF-TECHSUP-12:38,,recommended,3,1
6230-BSUXY,treatment,0.9263,above,2650.0,85.0,1,OFF-BUNDLE-ALL,"Tech Support + Online Security bundle, 12 months",120.51,0.14,223.15,20.0,"No tech support add-on; No online security add-on; Rolling month-to-month contract; Manual payment method; High bill, few add-ons; Under 12 months tenure; Premium fiber plan",NO_TECH_SUPPORT|NO_ONLINE_SECURITY|MONTH_TO_MONTH|MANUAL_PAYMENT|HIGH_CHARGE_LOW_BUNDLE|NEW_CUSTOMER|FIBER_PREMIUM,OFF-BUNDLE-ALL:223|OFF-CONTRACT-1Y:193|OFF-TECHSUP-12:136|OFF-SEC-12:63|OFF-AUTOPAY:38,,recommended,3,1
9820-RMCQV,treatment,0.22,below,4444.0,48.55,11,OFF-CONTRACT-2Y,2-year contract at 15% off,87.39,0.18,88.59,20.0,No tech support add-on; No device protection; Rolling month-to-month contract; Under 12 months tenure,NO_TECH_SUPPORT|NO_DEVICE_PROTECTION|MONTH_TO_MONTH|NEW_CUSTOMER,OFF-CONTRACT-2Y:89|OFF-CONTRACT-1Y:59|OFF-TECHSUP-12:18,,recommended,3,1
8450-JOVAH,treatment,0.2872,above,5560.0,56.7,2,OFF-CONTRACT-1Y,1-year contract at 10% off,68.04,0.12,123.58,20.0,No tech support add-on; No device protection; Rolling month-to-month contract; Manual payment method; Under 12 months tenure,NO_TECH_SUPPORT|NO_DEVICE_PROTECTION|MONTH_TO_MONTH|MANUAL_PAYMENT|NEW_CUSTOMER,OFF-CONTRACT-1Y:124|OFF-TECHSUP-12:67|OFF-AUTOPAY:4,,recommended,3,1
2025-JKFWI,treatment,0.6831,above,3493.0,99.0,13,OFF-CONTRACT-2Y,2-year contract at 15% off,178.2,0.18,251.29,20.0,No online security add-on; No device protection; Rolling month-to-month contract; Manual payment method; Premium fiber plan,NO_ONLINE_SECURITY|NO_DEVICE_PROTECTION|MONTH_TO_MONTH|MANUAL_PAYMENT|FIBER_PREMIUM,OFF-CONTRACT-2Y:251|OFF-CONTRACT-1Y:168|OFF-SEC-12:59|OFF-AUTOPAY:35,,recommended,3,1
9079-YEXQJ,treatment,0.2245,below,5527.0,111.1,54,OFF-CONTRACT-2Y,2-year contract at 15% off,199.98,0.18,23.37,20.0,No online security add-on; Rolling month-to-month contract; Manual payment method; Premium fiber plan,NO_ONLINE_SECURITY|MONTH_TO_MONTH|MANUAL_PAYMENT|FIBER_PREMIUM,OFF-CONTRACT-2Y:23|OFF-CONTRACT-1Y:16|OFF-SEC-12:2|OFF-AUTOPAY:-10,,recommended,3,1
5480-HPRRX,treatment,0.6032,above,3542.0,25.3,3,OFF-CONTRACT-1Y,1-year contract at 10% off,30.36,0.12,226.02,20.0,No tech support add-on; No online security add-on; No device protection; Rolling month-to-month contract; Manual payment method; Under 12 months tenure,NO_TECH_SUPPORT|NO_ONLINE_SECURITY|NO_DEVICE_PROTECTION|MONTH_TO_MONTH|MANUAL_PAYMENT|NEW_CUSTOMER,OFF-CONTRACT-1Y:226|OFF-BUNDLE-ALL:179|OFF-TECHSUP-12:111|OFF-SEC-12:47|OFF-AUTOPAY:25,,recommended,3,1
0295-PPHDO,treatment,0.99,above,5962.0,95.45,1,OFF-BUNDLE-ALL,"Tech Support + Online Security bundle, 12 months",120.51,0.14,705.82,20.0,"No tech support add-on; No online security add-on; No device protection; Rolling month-to-month contract; Manual payment method; High bill, few add-ons; Under 12 months tenure; Premium fiber plan",NO_TECH_SUPPORT|NO_ONLINE_SECURITY|NO_DEVICE_PROTECTION|MONTH_TO_MONTH|MANUAL_PAYMENT|HIGH_CHARGE_LOW_BUNDLE|NEW_CUSTOMER|FIBER_PREMIUM,OFF-BUNDLE-ALL:706|OFF-CONTRACT-1Y:594|OFF-TECHSUP-12:412|OFF-SEC-12:235|OFF-AUTOPAY:176,,recommended,3,1
7603-USHJS,treatment,0.2338,below,2010.0,73.75,12,,,0.0,0.0,0.0,20.0,No tech support add-on; No online security add-on; No device protection; Rolling month-to-month contract; Premium fiber plan,NO_TECH_SUPPORT|NO_ONLINE_SECURITY|NO_DEVICE_PROTECTION|MONTH_TO_MONTH|FIBER_PREMIUM,OFF-TECHSUP-12:-23|OFF-CONTRACT-1Y:-32|OFF-SEC-12:-37|OFF-CONTRACT-2Y:-48|OFF-BUNDLE-ALL:-55,OFF-TECHSUP-12:R3_POSITIVE_EV|OFF-CONTRACT-1Y:R3_POSITIVE_EV|OFF-SEC-12:R3_POSITIVE_EV|OFF-CONTRACT-2Y:R3_POSITIVE_EV|OFF-BUNDLE-ALL:R3_POSITIVE_EV,no_action_needed,3,1
1400-MMYXY,treatment,0.8668,above,2715.0,105.9,3,OFF-BUNDLE-ALL,"Tech Support + Online Security bundle, 12 months",120.51,0.14,208.96,20.0,No tech support add-on; No online security add-on; Rolling month-to-month contract; Manual payment method; Under 12 months tenure; Premium fiber plan,NO_TECH_SUPPORT|NO_ONLINE_SECURITY|MONTH_TO_MONTH|MANUAL_PAYMENT|NEW_CUSTOMER|FIBER_PREMIUM,OFF-BUNDLE-ALL:209|OFF-CONTRACT-1Y:155|OFF-TECHSUP-12:128|OFF-SEC-12:58|OFF-AUTOPAY:34,,recommended,3,1
6797-LNAQX,treatment,0.1074,below,4794.0,98.3,70,,,0.0,0.0,0.0,20.0,No tech support add-on; No online security add-on; No device protection; Premium fiber plan,NO_TECH_SUPPORT|NO_ONLINE_SECURITY|NO_DEVICE_PROTECTION|FIBER_PREMIUM,OFF-TECHSUP-12:-19|OFF-SEC-12:-34|OFF-BUNDLE-ALL:-48,OFF-TECHSUP-12:R3_POSITIVE_EV|OFF-SEC-12:R3_POSITIVE_EV|OFF-BUNDLE-ALL:R3_POSITIVE_EV,no_action_needed,3,1
8739-WWKDU,treatment,0.6236,above,4849.0,89.5,25,OFF-CONTRACT-2Y,2-year contract at 15% off,161.1,0.18,383.19,20.0,"No tech support add-on; No online security add-on; No device protection; Rolling month-to-month contract; Manual payment method; High bill, few add-ons; Premium fiber plan",NO_TECH_SUPPORT|NO_ONLINE_SECURITY|NO_DEVICE_PROTECTION|MONTH_TO_MONTH|MANUAL_PAYMENT|HIGH_CHARGE_LOW_BUNDLE|FIBER_PREMIUM,OFF-CONTRACT-2Y:383|OFF-BUNDLE-ALL:303|OFF-CONTRACT-1Y:255|OFF-TECHSUP-12:182|OFF-SEC-12:91|OFF-AUTOPAY:61,,recommended,3,1
8083-YTZES,treatment,0.7211,above,3622.0,74.35,4,OFF-BUNDLE-ALL,"Tech Support + Online Security bundle, 12 months",120.51,0.14,245.15,20.0,No tech support add-on; No online security add-on; No device protection; Rolling month-to-month contract; Manual payment method; Under 12 months tenure; Premium fiber plan,NO_TECH_SUPPORT|NO_ONLINE_SECURITY|NO_DEVICE_PROTECTION|MONTH_TO_MONTH|MANUAL_PAYMENT|NEW_CUSTOMER|FIBER_PREMIUM,OFF-BUNDLE-ALL:245|OFF-CONTRACT-1Y:224|OFF-TECHSUP-12:149|OFF-SEC-12:70|OFF-AUTOPAY:44,,recommended,3,1
6664-FPDAC,control,0.1696,below,4060.0,111.95,56,,,0.0,0.0,0.0,20.0,No online security add-on; Manual payment method; Premium fiber plan,NO_ONLINE_SECURITY|MANUAL_PAYMENT|FIBER_PREMIUM,OFF-SEC-12:-26|OFF-AUTOPAY:-32,OFF-SEC-12:R3_POSITIVE_EV|OFF-AUTOPAY:R3_POSITIVE_EV,no_action_needed,3,1
3585-ISXZP,treatment,0.7175,above,5335.0,95.65,8,OFF-CONTRACT-2Y,2-year contract at 15% off,172.17,0.18,516.85,20.0,"No tech support add-on; No online security add-on; No device protection; Rolling month-to-month contract; High bill, few add-ons; Under 12 months tenure; Premium fiber plan",NO_TECH_SUPPORT|NO_ONLINE_SECURITY|NO_DEVICE_PROTECTION|MONTH_TO_MONTH|HIGH_CHARGE_LOW_BUNDLE|NEW_CUSTOMER|FIBER_PREMIUM,OFF-CONTRACT-2Y:517|OFF-BUNDLE-ALL:415|OFF-CONTRACT-1Y:345|OFF-TECHSUP-12:246|OFF-SEC-12:131,,recommended,3,1
6304-IJFSQ,control,0.401,above,5585.0,49.9,3,OFF-CONTRACT-1Y,1-year contract at 10% off,59.88,0.12,208.87,20.0,No tech support add-on; No online security add-on; No device protection; Rolling month-to-month contract; Manual payment method; Under 12 months tenure,NO_TECH_SUPPORT|NO_ONLINE_SECURITY|NO_DEVICE_PROTECTION|MONTH_TO_MONTH|MANUAL_PAYMENT|NEW_CUSTOMER,OFF-CONTRACT-1Y:209|OFF-BUNDLE-ALL:193|OFF-TECHSUP-12:119|OFF-SEC-12:52|OFF-AUTOPAY:30,,recommended,3,1
1980-KXVPM,treatment,0.6409,above,3553.0,75.05,3,OFF-BUNDLE-ALL,"Tech Support + Online Security bundle, 12 months",120.51,0.14,198.29,20.0,No tech support add-on; No online security add-on; No device protection; Rolling month-to-month contract; Under 12 months tenure; Premium fiber plan,NO_TECH_SUPPORT|NO_ONLINE_SECURITY|NO_DEVICE_PROTECTION|MONTH_TO_MONTH|NEW_CUSTOMER|FIBER_PREMIUM,OFF-BUNDLE-ALL:198|OFF-CONTRACT-1Y:183|OFF-TECHSUP-12:122|OFF-SEC-12:54,,recommended,3,1
5482-NUPNA,treatment,0.2448,below,5730.0,60.4,4,OFF-CONTRACT-1Y,1-year contract at 10% off,72.48,0.12,95.84,20.0,No device protection; Rolling month-to-month contract; Manual payment method; Under 12 months tenure,NO_DEVICE_PROTECTION|MONTH_TO_MONTH|MANUAL_PAYMENT|NEW_CUSTOMER,OFF-CONTRACT-1Y:96|OFF-AUTOPAY:-4,,recommended,3,1
8361-LTMKD,treatment,0.7211,above,5839.0,74.4,4,OFF-BUNDLE-ALL,"Tech Support + Online Security bundle, 12 months",120.51,0.14,468.96,20.0,No tech support add-on; No online security add-on; No device protection; Rolling month-to-month contract; Manual payment method; Under 12 months tenure; Premium fiber plan,NO_TECH_SUPPORT|NO_ONLINE_SECURITY|NO_DEVICE_PROTECTION|MONTH_TO_MONTH|MANUAL_PAYMENT|NEW_CUSTOMER|FIBER_PREMIUM,OFF-BUNDLE-ALL:469|OFF-CONTRACT-1Y:416|OFF-TECHSUP-12:276|OFF-SEC-12:150|OFF-AUTOPAY:108,,recommended,3,1
1452-KIOVK,treatment,0.1265,below,4459.0,89.1,22,,,0.0,0.0,0.0,20.0,"No tech support add-on; No online security add-on; No device protection; Rolling month-to-month contract; High bill, few add-ons; Premium fiber plan",NO_TECH_SUPPORT|NO_ONLINE_SECURITY|NO_DEVICE_PROTECTION|MONTH_TO_MONTH|HIGH_CHARGE_LOW_BUNDLE|FIBER_PREMIUM,OFF-TECHSUP-12:-15|OFF-SEC-12:-32|OFF-CONTRACT-1Y:-39|OFF-BUNDLE-ALL:-42|OFF-CONTRACT-2Y:-59,OFF-TECHSUP-12:R3_POSITIVE_EV|OFF-SEC-12:R3_POSITIVE_EV|OFF-CONTRACT-1Y:R3_POSITIVE_EV|OFF-BUNDLE-ALL:R3_POSITIVE_EV|OFF-CONTRACT-2Y:R3_POSITIVE_EV,no_action_needed,3,0
6713-OKOMC,treatment,0.2008,below,2013.0,29.75,10,,,0.0,0.0,0.0,20.0,No tech support add-on; No device protection; Rolling month-to-month contract; Manual payment method; Under 12 months tenure,NO_TECH_SUPPORT|NO_DEVICE_PROTECTION|MONTH_TO_MONTH|MANUAL_PAYMENT|NEW_CUSTOMER,OFF-CONTRACT-2Y:19|OFF-CONTRACT-1Y:13|OFF-TECHSUP-12:-28|OFF-AUTOPAY:-44,OFF-CONTRACT-2Y:R3_POSITIVE_EV|OFF-CONTRACT-1Y:R3_POSITIVE_EV|OFF-TECHSUP-12:R3_POSITIVE_EV|OFF-AUTOPAY:R3_POSITIVE_EV,no_action_needed,3,0
6388-TABGU,treatment,0.0109,below,4529.0,56.15,62,,,0.0,0.0,0.0,20.0,No tech support add-on; No device protection,NO_TECH_SUPPORT|NO_DEVICE_PROTECTION,OFF-TECHSUP-12:-56,OFF-TECHSUP-12:R3_POSITIVE_EV,no_action_needed,3,0
5129-JLPIS,treatment,0.547,above,5822.0,105.5,25,OFF-CONTRACT-2Y,2-year contract at 15% off,189.9,0.18,383.33,20.0,Rolling month-to-month contract; Manual payment method; Premium fiber plan,MONTH_TO_MONTH|MANUAL_PAYMENT|FIBER_PREMIUM,OFF-CONTRACT-2Y:383|OFF-CONTRACT-1Y:256|OFF-AUTOPAY:67,,recommended,3,0
6322-HRPFA,treatment,0.0842,below,4986.0,59.6,49,,,0.0,0.0,0.0,20.0,No device protection; Rolling month-to-month contract,NO_DEVICE_PROTECTION|MONTH_TO_MONTH,OFF-CONTRACT-1Y:-21|OFF-CONTRACT-2Y:-32,OFF-CONTRACT-1Y:R3_POSITIVE_EV|OFF-CONTRACT-2Y:R3_POSITIVE_EV,no_action_needed,3,0
2954-PIBKO,treatment,0.0391,below,5128.0,64.15,69,,,0.0,0.0,0.0,20.0,,,,,no_action_needed,3,0
8028-PNXHQ,treatment,0.0263,below,4444.0,24.25,62,,,0.0,0.0,0.0,20.0,Phone-only account,NO_INTERNET,,,no_action_needed,3,0
5630-AHZIL,treatment,0.1886,below,5613.0,64.5,3,OFF-CONTRACT-1Y,1-year contract at 10% off,77.4,0.12,49.63,20.0,No device protection; Rolling month-to-month contract; Under 12 months tenure,NO_DEVICE_PROTECTION|MONTH_TO_MONTH|NEW_CUSTOMER,OFF-CONTRACT-1Y:50,,recommended,3,0
4445-ZJNMU,treatment,0.8684,above,3540.0,99.3,9,OFF-CONTRACT-2Y,2-year contract at 15% off,178.74,0.18,374.6,20.0,No tech support add-on; No online security add-on; No device protection; Rolling month-to-month contract; Under 12 months tenure; Premium fiber plan,NO_TECH_SUPPORT|NO_ONLINE_SECURITY|NO_DEVICE_PROTECTION|MONTH_TO_MONTH|NEW_CUSTOMER|FIBER_PREMIUM,OFF-CONTRACT-2Y:375|OFF-BUNDLE-ALL:310|OFF-CONTRACT-1Y:250|OFF-TECHSUP-12:186|OFF-SEC-12:94,,recommended,3,0
1862-QRWPE,treatment,0.0364,below,4124.0,20.65,48,,,0.0,0.0,0.0,20.0,Phone-only account,NO_INTERNET,,,no_action_needed,3,0
3679-XASPY,treatment,0.3627,above,5612.0,19.45,1,OFF-CONTRACT-1Y,1-year contract at 10% off,23.34,0.12,220.92,20.0,Rolling month-to-month contract; Manual payment method; Under 12 months tenure; Phone-only account,MONTH_TO_MONTH|MANUAL_PAYMENT|NEW_CUSTOMER|NO_INTERNET,OFF-CONTRACT-1Y:221|OFF-AUTOPAY:21,,recommended,3,0
6497-TILVL,treatment,0.1533,below,3097.0,50.7,7,,,0.0,0.0,0.0,20.0,No tech support add-on; No device protection; Rolling month-to-month contract; Manual payment method; Under 12 months tenure,NO_TECH_SUPPORT|NO_DEVICE_PROTECTION|MONTH_TO_MONTH|MANUAL_PAYMENT|NEW_CUSTOMER,OFF-CONTRACT-1Y:-4|OFF-CONTRACT-2Y:-6|OFF-TECHSUP-12:-22|OFF-AUTOPAY:-41,OFF-CONTRACT-1Y:R3_POSITIVE_EV|OFF-CONTRACT-2Y:R3_POSITIVE_EV|OFF-TECHSUP-12:R3_POSITIVE_EV|OFF-AUTOPAY:R3_POSITIVE_EV,no_action_needed,3,0
3930-ZGWVE,treatment,0.3822,above,2484.0,19.75,1,OFF-CONTRACT-1Y,1-year contract at 10% off,23.7,0.12,90.23,20.0,Rolling month-to-month contract; Manual payment method; Under 12 months tenure; Phone-only account,MONTH_TO_MONTH|MANUAL_PAYMENT|NEW_CUSTOMER|NO_INTERNET,OFF-CONTRACT-1Y:90|OFF-AUTOPAY:-22,,recommended,3,0
3780-YVMFA,treatment,0.1598,below,3123.0,68.55,8,,,0.0,0.0,0.0,20.0,No online security add-on; No device protection; Rolling month-to-month contract; Manual payment method; Under 12 months tenure,NO_ONLINE_SECURITY|NO_DEVICE_PROTECTION|MONTH_TO_MONTH|MANUAL_PAYMENT|NEW_CUSTOMER,OFF-CONTRACT-1Y:-22|OFF-CONTRACT-2Y:-34|OFF-SEC-12:-35|OFF-AUTOPAY:-40,OFF-CONTRACT-1Y:R3_POSITIVE_EV|OFF-CONTRACT-2Y:R3_POSITIVE_EV|OFF-SEC-12:R3_POSITIVE_EV|OFF-AUTOPAY:R3_POSITIVE_EV,no_action_needed,3,0
9073-ZZIAY,treatment,0.0379,below,5769.0,86.1,62,,,0.0,0.0,0.0,20.0,Manual payment method,MANUAL_PAYMENT,OFF-AUTOPAY:-51,OFF-AUTOPAY:R3_POSITIVE_EV,no_action_needed,3,0
3077-RSNTJ,treatment,0.112,below,4293.0,19.7,6,OFF-CONTRACT-2Y,2-year contract at 15% off,35.46,0.18,51.09,20.0,Rolling month-to-month contract; Manual payment method; Under 12 months tenure; Phone-only account,MONTH_TO_MONTH|MANUAL_PAYMENT|NEW_CUSTOMER|NO_INTERNET,OFF-CONTRACT-2Y:51|OFF-CONTRACT-1Y:34|OFF-AUTOPAY:-41,,recommended,3,0
9167-APMXZ,control,0.4441,above,3549.0,84.15,22,OFF-CONTRACT-2Y,2-year contract at 15% off,151.47,0.18,132.23,20.0,"No tech support add-on; No online security add-on; No device protection; Rolling month-to-month contract; High bill, few add-ons; Premium fiber plan",NO_TECH_SUPPORT|NO_ONLINE_SECURITY|NO_DEVICE_PROTECTION|MONTH_TO_MONTH|HIGH_CHARGE_LOW_BUNDLE|FIBER_PREMIUM,OFF-CONTRACT-2Y:132|OFF-BUNDLE-ALL:100|OFF-CONTRACT-1Y:88|OFF-TECHSUP-12:66|OFF-SEC-12:19,,recommended,3,0
4648-YPBTM,control,0.0414,below,5644.0,73.9,53,,,0.0,0.0,0.0,20.0,No online security add-on,NO_ONLINE_SECURITY,OFF-SEC-12:-48,OFF-SEC-12:R3_POSITIVE_EV,no_action_needed,3,0
2907-ILJBN,treatment,0.0687,below,4047.0,20.6,11,,,0.0,0.0,0.0,20.0,Manual payment method; Under 12 months tenure; Phone-only account,MANUAL_PAYMENT|NEW_CUSTOMER|NO_INTERNET,OFF-AUTOPAY:-49,OFF-AUTOPAY:R2_MARGIN_FLOOR,no_action_needed,3,0
6345-FZOQH,treatment,0.01,below,5570.0,19.9,69,,,0.0,0.0,0.0,20.0,Manual payment method; Phone-only account,MANUAL_PAYMENT|NO_INTERNET,OFF-AUTOPAY:-58,OFF-AUTOPAY:R2_MARGIN_FLOOR,no_action_needed,3,0
7654-YWJUF,treatment,0.1279,below,4382.0,84.25,43,,,0.0,0.0,0.0,20.0,Premium fiber plan,FIBER_PREMIUM,,,no_action_needed,3,0
1744-JHKYS,treatment,0.1198,below,3421.0,24.7,34,OFF-CONTRACT-2Y,2-year contract at 15% off,44.46,0.18,29.31,20.0,Rolling month-to-month contract; Manual payment method; Phone-only account,MONTH_TO_MONTH|MANUAL_PAYMENT|NO_INTERNET,OFF-CONTRACT-2Y:29|OFF-CONTRACT-1Y:20|OFF-AUTOPAY:-44,,recommended,3,0
5524-KHNJP,treatment,0.2422,below,5344.0,74.75,33,OFF-TECHSUP-12,Tech Support bundled free for 12 months,60.35,0.08,43.2,20.0,No tech support add-on,NO_TECH_SUPPORT,OFF-TECHSUP-12:43,,recommended,3,0
2984-RGEYA,treatment,0.0364,below,5325.0,19.75,69,,,0.0,0.0,0.0,20.0,Phone-only account,NO_INTERNET,,,no_action_needed,3,0
2604-IJPDU,treatment,0.534,above,4382.0,96.55,20,OFF-CONTRACT-2Y,2-year contract at 15% off,173.79,0.18,247.41,20.0,No device protection; Rolling month-to-month contract; Manual payment method; Premium fiber plan,NO_DEVICE_PROTECTION|MONTH_TO_MONTH|MANUAL_PAYMENT|FIBER_PREMIUM,OFF-CONTRACT-2Y:247|OFF-CONTRACT-1Y:165|OFF-AUTOPAY:34,,recommended,3,0
7018-WBJNK,treatment,0.1893,below,5566.0,78.3,13,OFF-CONTRACT-2Y,2-year contract at 15% off,140.94,0.18,48.72,20.0,No tech support add-on; No online security add-on; No device protection; Rolling month-to-month contract; Premium fiber plan,NO_TECH_SUPPORT|NO_ONLINE_SECURITY|NO_DEVICE_PROTECTION|MONTH_TO_MONTH|FIBER_PREMIUM,OFF-CONTRACT-2Y:49|OFF-CONTRACT-1Y:32|OFF-BUNDLE-ALL:27|OFF-TECHSUP-12:24|OFF-SEC-12:-7,,recommended,3,0
7157-SMCFK,treatment,0.0148,below,5411.0,19.75,61,,,0.0,0.0,0.0,20.0,Manual payment method; Phone-only account,MANUAL_PAYMENT|NO_INTERNET,OFF-AUTOPAY:-57,OFF-AUTOPAY:R2_MARGIN_FLOOR,no_action_needed,3,0
4709-LKHYG,control,0.0452,below,3800.0,20.0,29,,,0.0,0.0,0.0,20.0,Manual payment method; Phone-only account,MANUAL_PAYMENT|NO_INTERNET,OFF-AUTOPAY:-53,OFF-AUTOPAY:R2_MARGIN_FLOOR,no_action_needed,3,0
9286-BHDQG,treatment,0.0209,below,5041.0,45.25,72,,,0.0,0.0,0.0,20.0,,,,,no_action_needed,3,0
0959-WHOKV,treatment,0.2471,below,2887.0,99.0,42,,,0.0,0.0,0.0,20.0,No tech support add-on; Manual payment method; Premium fiber plan,NO_TECH_SUPPORT|MANUAL_PAYMENT|FIBER_PREMIUM,OFF-TECHSUP-12:-3|OFF-AUTOPAY:-31,OFF-TECHSUP-12:R3_POSITIVE_EV|OFF-AUTOPAY:R3_POSITIVE_EV,no_action_needed,3,0
4075-JFPGR,treatment,0.1631,below,5561.0,93.5,51,,,0.0,0.0,0.0,20.0,No tech support add-on; Manual payment method; Premium fiber plan,NO_TECH_SUPPORT|MANUAL_PAYMENT|FIBER_PREMIUM,OFF-TECHSUP-12:12|OFF-AUTOPAY:-24,OFF-TECHSUP-12:R3_POSITIVE_EV|OFF-AUTOPAY:R3_POSITIVE_EV,no_action_needed,3,0
7529-ZDFXI,treatment,0.3796,above,4429.0,89.85,57,OFF-CONTRACT-2Y,2-year contract at 15% off,161.73,0.18,140.89,20.0,"No tech support add-on; No online security add-on; No device protection; Rolling month-to-month contract; Manual payment method; High bill, few add-ons; Premium fiber plan",NO_TECH_SUPPORT|NO_ONLINE_SECURITY|NO_DEVICE_PROTECTION|MONTH_TO_MONTH|MANUAL_PAYMENT|HIGH_CHARGE_LOW_BUNDLE|FIBER_PREMIUM,OFF-CONTRACT-2Y:141|OFF-BUNDLE-ALL:115|OFF-CONTRACT-1Y:94|OFF-TECHSUP-12:74|OFF-SEC-12:24|OFF-AUTOPAY:7,,recommended,3,0
0123-CRBRT,treatment,0.01,below,5152.0,88.1,61,,,0.0,0.0,0.0,20.0,Manual payment method,MANUAL_PAYMENT,OFF-AUTOPAY:-58,OFF-AUTOPAY:R3_POSITIVE_EV,no_action_needed,3,0
6292-TOSSS,treatment,0.0407,below,4297.0,24.9,50,,,0.0,0.0,0.0,20.0,Phone-only account,NO_INTERNET,,,no_action_needed,3,0
3197-ARFOY,treatment,0.5478,above,3524.0,105.0,19,OFF-CONTRACT-2Y,2-year contract at 15% off,189.0,0.18,158.48,20.0,No device protection; Rolling month-to-month contract; Manual payment method; Premium fiber plan,NO_DEVICE_PROTECTION|MONTH_TO_MONTH|MANUAL_PAYMENT|FIBER_PREMIUM,OFF-CONTRACT-2Y:158|OFF-CONTRACT-1Y:106|OFF-AUTOPAY:17,,recommended,3,0
3179-GBRWV,treatment,0.2309,below,4604.0,64.95,21,OFF-CONTRACT-2Y,2-year contract at 15% off,116.91,0.18,74.44,20.0,No tech support add-on; No device protection; Rolling month-to-month contract,NO_TECH_SUPPORT|NO_DEVICE_PROTECTION|MONTH_TO_MONTH,OFF-CONTRACT-2Y:74|OFF-CONTRACT-1Y:50|OFF-TECHSUP-12:25,,recommended,3,0
0895-LMRSF,treatment,0.1955,below,3314.0,64.9,23,,,0.0,0.0,0.0,20.0,No tech support add-on; No online security add-on; No device protection,NO_TECH_SUPPORT|NO_ONLINE_SECURITY|NO_DEVICE_PROTECTION,OFF-TECHSUP-12:-9|OFF-SEC-12:-28|OFF-BUNDLE-ALL:-30,OFF-TECHSUP-12:R3_POSITIVE_EV|OFF-SEC-12:R3_POSITIVE_EV|OFF-BUNDLE-ALL:R3_POSITIVE_EV,no_action_needed,3,0
8266-VBFQL,treatment,0.5608,above,3314.0,90.4,4,OFF-CONTRACT-1Y,1-year contract at 10% off,108.48,0.12,114.54,20.0,No online security add-on; Rolling month-to-month contract; Manual payment method; Under 12 months tenure; Premium fiber plan,NO_ONLINE_SECURITY|MONTH_TO_MONTH|MANUAL_PAYMENT|NEW_CUSTOMER|FIBER_PREMIUM,OFF-CONTRACT-1Y:115|OFF-SEC-12:33|OFF-AUTOPAY:14,,recommended,3,0
8181-YHCMF,treatment,0.0535,below,4864.0,60.3,68,,,0.0,0.0,0.0,20.0,No online security add-on,NO_ONLINE_SECURITY,OFF-SEC-12:-47,OFF-SEC-12:R3_POSITIVE_EV,no_action_needed,3,0
7277-OZCGZ,treatment,0.2941,above,5479.0,89.05,22,OFF-CONTRACT-2Y,2-year contract at 15% off,160.29,0.18,129.76,20.0,No device protection; Rolling month-to-month contract; Manual payment method; Premium fiber plan,NO_DEVICE_PROTECTION|MONTH_TO_MONTH|MANUAL_PAYMENT|FIBER_PREMIUM,OFF-CONTRACT-2Y:130|OFF-CONTRACT-1Y:86|OFF-AUTOPAY:4,,recommended,3,0
5027-YOCXN,treatment,0.3952,above,5604.0,110.05,51,,,0.0,0.0,0.0,20.0,No device protection; Premium fiber plan,NO_DEVICE_PROTECTION|FIBER_PREMIUM,,,review_no_applicable_offer,3,0
8626-PTQGE,treatment,0.0102,below,5388.0,60.05,69,,,0.0,0.0,0.0,20.0,No device protection,NO_DEVICE_PROTECTION,,,no_action_needed,3,0
4983-CLMLV,treatment,0.4225,above,4044.0,102.7,52,OFF-CONTRACT-2Y,2-year contract at 15% off,184.86,0.18,122.69,20.0,No online security add-on; No device protection; Rolling month-to-month contract; Premium fiber plan,NO_ONLINE_SECURITY|NO_DEVICE_PROTECTION|MONTH_TO_MONTH|FIBER_PREMIUM,OFF-CONTRACT-2Y:123|OFF-CONTRACT-1Y:82|OFF-SEC-12:25,,recommended,3,0
2088-IEBAU,treatment,0.0563,below,5531.0,88.15,68,,,0.0,0.0,0.0,20.0,Manual payment method,MANUAL_PAYMENT,OFF-AUTOPAY:-48,OFF-AUTOPAY:R3_POSITIVE_EV,no_action_needed,3,0
7520-HQWJU,treatment,0.0378,below,4172.0,67.45,66,,,0.0,0.0,0.0,20.0,No tech support add-on; Rolling month-to-month contract,NO_TECH_SUPPORT|MONTH_TO_MONTH,OFF-TECHSUP-12:-48|OFF-CONTRACT-1Y:-62|OFF-CONTRACT-2Y:-93,OFF-TECHSUP-12:R3_POSITIVE_EV|OFF-CONTRACT-1Y:R3_POSITIVE_EV|OFF-CONTRACT-2Y:R3_POSITIVE_EV,no_action_needed,3,0
5924-SNGKP,treatment,0.0109,below,3972.0,20.25,41,,,0.0,0.0,0.0,20.0,Phone-only account,NO_INTERNET,,,no_action_needed,3,0
0513-RBGPE,treatment,0.0614,below,5229.0,62.8,37,,,0.0,0.0,0.0,20.0,,,,,no_action_needed,3,0
4115-NZRKS,treatment,0.6083,above,2415.0,89.15,7,OFF-CONTRACT-2Y,2-year contract at 15% off,160.47,0.18,103.96,20.0,"No tech support add-on; No online security add-on; No device protection; Rolling month-to-month contract; Manual payment method; High bill, few add-ons; Under 12 months tenure; Premium fiber plan",NO_TECH_SUPPORT|NO_ONLINE_SECURITY|NO_DEVICE_PROTECTION|MONTH_TO_MONTH|MANUAL_PAYMENT|HIGH_CHARGE_LOW_BUNDLE|NEW_CUSTOMER|FIBER_PREMIUM,OFF-CONTRACT-2Y:104|OFF-BUNDLE-ALL:85|OFF-CONTRACT-1Y:69|OFF-TECHSUP-12:57|OFF-SEC-12:13|OFF-AUTOPAY:-1,,recommended,3,0
6158-HDPXZ,treatment,0.5608,above,4193.0,25.35,1,OFF-CONTRACT-1Y,1-year contract at 10% off,30.42,0.12,251.75,20.0,No tech support add-on; No online security add-on; No device protection; Rolling month-to-month contract; Manual payment method; Under 12 months tenure,NO_TECH_SUPPORT|NO_ONLINE_SECURITY|NO_DEVICE_PROTECTION|MONTH_TO_MONTH|MANUAL_PAYMENT|NEW_CUSTOMER,OFF-CONTRACT-1Y:252|OFF-BUNDLE-ALL:209|OFF-TECHSUP-12:128|OFF-SEC-12:57|OFF-AUTOPAY:34,,recommended,3,0
6583-SZVGP,treatment,0.3065,above,5994.0,108.1,48,OFF-BUNDLE-ALL,"Tech Support + Online Security bundle, 12 months",120.51,0.14,136.69,20.0,No tech support add-on; No online security add-on; Premium fiber plan,NO_TECH_SUPPORT|NO_ONLINE_SECURITY|FIBER_PREMIUM,OFF-BUNDLE-ALL:137|OFF-TECHSUP-12:87|OFF-SEC-12:32,,recommended,3,0
5495-GPSRW,treatment,0.0194,below,2120.0,19.7,20,,,0.0,0.0,0.0,20.0,Manual payment method; Phone-only account,MANUAL_PAYMENT|NO_INTERNET,OFF-AUTOPAY:-58,OFF-AUTOPAY:R2_MARGIN_FLOOR,no_action_needed,3,0
7606-BPHHN,control,0.01,below,5368.0,19.8,72,,,0.0,0.0,0.0,20.0,Phone-only account,NO_INTERNET,,,no_action_needed,3,0
4360-PNRQB,treatment,0.2907,above,4030.0,75.6,18,OFF-CONTRACT-2Y,2-year contract at 15% off,136.08,0.18,74.79,20.0,No tech support add-on; No online security add-on; No device protection; Rolling month-to-month contract; Premium fiber plan,NO_TECH_SUPPORT|NO_ONLINE_SECURITY|NO_DEVICE_PROTECTION|MONTH_TO_MONTH|FIBER_PREMIUM,OFF-CONTRACT-2Y:75|OFF-CONTRACT-1Y:50|OFF-BUNDLE-ALL:44|OFF-TECHSUP-12:33|OFF-SEC-12:-2,,recommended,3,0
4376-KFVRS,treatment,0.0307,below,4842.0,114.05,72,,,0.0,0.0,0.0,20.0,Premium fiber plan,FIBER_PREMIUM,,,no_action_needed,3,0
0732-OCQOC,treatment,0.05,below,5674.0,25.05,52,,,0.0,0.0,0.0,20.0,Phone-only account,NO_INTERNET,,,no_action_needed,3,0
1090-ESELR,treatment,0.0295,below,5534.0,105.5,72,,,0.0,0.0,0.0,20.0,No device protection; Premium fiber plan,NO_DEVICE_PROTECTION|FIBER_PREMIUM,,,no_action_needed,3,0
4785-FCIFB,control,0.0263,below,4900.0,24.4,61,,,0.0,0.0,0.0,20.0,Manual payment method; Phone-only account,MANUAL_PAYMENT|NO_INTERNET,OFF-AUTOPAY:-55,OFF-AUTOPAY:R2_MARGIN_FLOOR,no_action_needed,3,0
4237-CLSMM,treatment,0.185,below,4823.0,20.0,2,OFF-CONTRACT-1Y,1-year contract at 10% off,24.0,0.12,83.07,20.0,Rolling month-to-month contract; Manual payment method; Under 12 months tenure; Phone-only account,MONTH_TO_MONTH|MANUAL_PAYMENT|NEW_CUSTOMER|NO_INTERNET,OFF-CONTRACT-1Y:83|OFF-AUTOPAY:-24,,recommended,3,0
3780-DDGSE,treatment,0.0466,below,5479.0,76.05,35,,,0.0,0.0,0.0,20.0,No online security add-on; No device protection; Rolling month-to-month contract; Manual payment method,NO_ONLINE_SECURITY|NO_DEVICE_PROTECTION|MONTH_TO_MONTH|MANUAL_PAYMENT,OFF-SEC-12:-47|OFF-AUTOPAY:-50|OFF-CONTRACT-1Y:-61|OFF-CONTRACT-2Y:-91,OFF-SEC-12:R3_POSITIVE_EV|OFF-AUTOPAY:R3_POSITIVE_EV|OFF-CONTRACT-1Y:R3_POSITIVE_EV|OFF-CONTRACT-2Y:R3_POSITIVE_EV,no_action_needed,3,0
7971-HLVXI,treatment,0.01,below,6202.0,84.5,72,,,0.0,0.0,0.0,20.0,"No tech support add-on; No online security add-on; No device protection; High bill, few add-ons; Premium fiber plan",NO_TECH_SUPPORT|NO_ONLINE_SECURITY|NO_DEVICE_PROTECTION|HIGH_CHARGE_LOW_BUNDLE|FIBER_PREMIUM,OFF-TECHSUP-12:-55|OFF-SEC-12:-57|OFF-BUNDLE-ALL:-112,OFF-TECHSUP-12:R3_POSITIVE_EV|OFF-SEC-12:R3_POSITIVE_EV|OFF-BUNDLE-ALL:R3_POSITIVE_EV,no_action_needed,3,0
3649-JPUGY,treatment,0.01,below,5842.0,88.6,72,,,0.0,0.0,0.0,20.0,No online security add-on,NO_ONLINE_SECURITY,OFF-SEC-12:-57,OFF-SEC-12:R3_POSITIVE_EV,no_action_needed,3,0
7803-XOCCZ,treatment,0.0377,below,6099.0,84.05,52,,,0.0,0.0,0.0,20.0,Rolling month-to-month contract; Premium fiber plan,MONTH_TO_MONTH|FIBER_PREMIUM,OFF-CONTRACT-1Y:-73|OFF-CONTRACT-2Y:-110,OFF-CONTRACT-1Y:R3_POSITIVE_EV|OFF-CONTRACT-2Y:R3_POSITIVE_EV,no_action_needed,3,0
4332-MUOEZ,treatment,0.1987,below,2574.0,94.3,20,,,0.0,0.0,0.0,20.0,Premium fiber plan,FIBER_PREMIUM,,,no_action_needed,3,0
6705-LXORM,treatment,0.5501,above,2064.0,70.05,5,OFF-CONTRACT-1Y,1-year contract at 10% off,84.06,0.12,52.19,20.0,No tech support add-on; No online security add-on; No device protection; Rolling month-to-month contract; Manual payment method; Under 12 months tenure; Premium fiber plan,NO_TECH_SUPPORT|NO_ONLINE_SECURITY|NO_DEVICE_PROTECTION|MONTH_TO_MONTH|MANUAL_PAYMENT|NEW_CUSTOMER|FIBER_PREMIUM,OFF-CONTRACT-1Y:52|OFF-BUNDLE-ALL:38|OFF-TECHSUP-12:30|OFF-SEC-12:-3|OFF-AUTOPAY:-15,,recommended,3,0
7531-GQHME,treatment,0.089,below,4996.0,20.05,12,OFF-CONTRACT-2Y,2-year contract at 15% off,36.09,0.18,43.95,20.0,Rolling month-to-month contract; Phone-only account,MONTH_TO_MONTH|NO_INTERNET,OFF-CONTRACT-2Y:44|OFF-CONTRACT-1Y:29,,recommended,3,0
0913-XWSCN,treatment,0.0536,below,6411.0,85.5,55,,,0.0,0.0,0.0,20.0,"No tech support add-on; No online security add-on; No device protection; Rolling month-to-month contract; High bill, few add-ons; Premium fiber plan",NO_TECH_SUPPORT|NO_ONLINE_SECURITY|NO_DEVICE_PROTECTION|MONTH_TO_MONTH|HIGH_CHARGE_LOW_BUNDLE|FIBER_PREMIUM,OFF-TECHSUP-12:-33|OFF-SEC-12:-43|OFF-CONTRACT-1Y:-61|OFF-BUNDLE-ALL:-72|OFF-CONTRACT-2Y:-92,OFF-TECHSUP-12:R3_POSITIVE_EV|OFF-SEC-12:R3_POSITIVE_EV|OFF-CONTRACT-1Y:R3_POSITIVE_EV|OFF-BUNDLE-ALL:R3_POSITIVE_EV|OFF-CONTRACT-2Y:R3_POSITIVE_EV,no_action_needed,3,0
3571-DPYUH,treatment,0.0102,below,5653.0,94.7,58,,,0.0,0.0,0.0,20.0,No online security add-on; No device protection; Premium fiber plan,NO_ONLINE_SECURITY|NO_DEVICE_PROTECTION|FIBER_PREMIUM,OFF-SEC-12:-57,OFF-SEC-12:R3_POSITIVE_EV,no_action_needed,3,0
1403-GYAFU,treatment,0.01,below,4485.0,20.05,70,,,0.0,0.0,0.0,20.0,Phone-only account,NO_INTERNET,,,no_action_needed,3,0
2782-LFZVW,treatment,0.3121,above,3880.0,58.95,11,OFF-CONTRACT-2Y,2-year contract at 15% off,106.11,0.18,111.86,20.0,No tech support add-on; No online security add-on; No device protection; Rolling month-to-month contract; Manual payment method; Under 12 months tenure,NO_TECH_SUPPORT|NO_ONLINE_SECURITY|NO_DEVICE_PROTECTION|MONTH_TO_MONTH|MANUAL_PAYMENT|NEW_CUSTOMER,OFF-CONTRACT-2Y:112|OFF-CONTRACT-1Y:75|OFF-BUNDLE-ALL:49|OFF-TECHSUP-12:37|OFF-SEC-12:0|OFF-AUTOPAY:-12,,recommended,3,0
2075-PUEPR,control,0.0236,below,5248.0,19.35,55,,,0.0,0.0,0.0,20.0,Phone-only account,NO_INTERNET,,,no_action_needed,3,0
2501-XWWTZ,treatment,0.3902,above,2535.0,70.2,11,OFF-CONTRACT-2Y,2-year contract at 15% off,126.36,0.18,51.69,20.0,No tech support add-on; No online security add-on; No device protection; Rolling month-to-month contract; Manual payment method; Under 12 months tenure; Premium fiber plan,NO_TECH_SUPPORT|NO_ONLINE_SECURITY|NO_DEVICE_PROTECTION|MONTH_TO_MONTH|MANUAL_PAYMENT|NEW_CUSTOMER|FIBER_PREMIUM,OFF-CONTRACT-2Y:52|OFF-CONTRACT-1Y:34|OFF-TECHSUP-12:19|OFF-BUNDLE-ALL:18|OFF-SEC-12:-11|OFF-AUTOPAY:-20,,recommended,3,0
6815-ABQFQ,treatment,0.378,above,5800.0,107.25,56,OFF-SEC-12,Online Security bundled free for 12 months,60.16,0.05,49.46,20.0,No online security add-on; No device protection; Manual payment method; Premium fiber plan,NO_ONLINE_SECURITY|NO_DEVICE_PROTECTION|MANUAL_PAYMENT|FIBER_PREMIUM,OFF-SEC-12:49|OFF-AUTOPAY:28,,recommended,3,0
2001-MCUUW,treatment,0.2156,below,4210.0,108.65,46,,,0.0,0.0,0.0,20.0,No online security add-on; Manual payment method; Premium fiber plan,NO_ONLINE_SECURITY|MANUAL_PAYMENT|FIBER_PREMIUM,OFF-SEC-12:-15|OFF-AUTOPAY:-24,OFF-SEC-12:R3_POSITIVE_EV|OFF-AUTOPAY:R3_POSITIVE_EV,no_action_needed,3,0
7134-MJPDY,treatment,0.3641,above,5569.0,102.85,66,OFF-SEC-12,Online Security bundled free for 12 months,60.16,0.05,41.22,20.0,No online security add-on; Premium fiber plan,NO_ONLINE_SECURITY|FIBER_PREMIUM,OFF-SEC-12:41,,recommended,3,0
5240-CAOYT,treatment,0.1074,below,4882.0,87.55,57,,,0.0,0.0,0.0,20.0,No device protection; Rolling month-to-month contract; Premium fiber plan,NO_DEVICE_PROTECTION|MONTH_TO_MONTH|FIBER_PREMIUM,OFF-CONTRACT-1Y:-42|OFF-CONTRACT-2Y:-63,OFF-CONTRACT-1Y:R3_POSITIVE_EV|OFF-CONTRACT-2Y:R3_POSITIVE_EV,no_action_needed,3,0
0516-UXRMT,treatment,0.0614,below,5801.0,92.05,62,,,0.0,0.0,0.0,20.0,No tech support add-on; Manual payment method; Premium fiber plan,NO_TECH_SUPPORT|MANUAL_PAYMENT|FIBER_PREMIUM,OFF-TECHSUP-12:-32|OFF-AUTOPAY:-46,OFF-TECHSUP-12:R3_POSITIVE_EV|OFF-AUTOPAY:R3_POSITIVE_EV,no_action_needed,3,0
5016-IBERQ,treatment,0.5113,above,2781.0,84.25,23,OFF-CONTRACT-2Y,2-year contract at 15% off,151.65,0.18,104.3,20.0,"No tech support add-on; No online security add-on; Rolling month-to-month contract; Manual payment method; High bill, few add-ons; Premium fiber plan",NO_TECH_SUPPORT|NO_ONLINE_SECURITY|MONTH_TO_MONTH|MANUAL_PAYMENT|HIGH_CHARGE_LOW_BUNDLE|FIBER_PREMIUM,OFF-CONTRACT-2Y:104|OFF-BUNDLE-ALL:79|OFF-CONTRACT-1Y:70|OFF-TECHSUP-12:53|OFF-SEC-12:11|OFF-AUTOPAY:-3,,recommended,3,0
9931-KGHOA,treatment,0.2218,below,5928.0,55.0,46,OFF-CONTRACT-2Y,2-year contract at 15% off,99.0,0.18,137.67,20.0,No tech support add-on; No device protection; Rolling month-to-month contract,NO_TECH_SUPPORT|NO_DEVICE_PROTECTION|MONTH_TO_MONTH,OFF-CONTRACT-2Y:138|OFF-CONTRACT-1Y:92|OFF-TECHSUP-12:45,,recommended,3,0
5845-BZZIB,treatment,0.01,below,4517.0,20.1,35,,,0.0,0.0,0.0,20.0,Manual payment method; Phone-only account,MANUAL_PAYMENT|NO_INTERNET,OFF-AUTOPAY:-58,OFF-AUTOPAY:R2_MARGIN_FLOOR,no_action_needed,3,0
7838-LAZFO,treatment,0.1519,below,4192.0,78.8,45,,,0.0,0.0,0.0,20.0,No tech support add-on,NO_TECH_SUPPORT,OFF-TECHSUP-12:-9,OFF-TECHSUP-12:R3_POSITIVE_EV,no_action_needed,3,0
5533-RJFTJ,treatment,0.2409,below,5214.0,30.2,49,OFF-CONTRACT-2Y,2-year contract at 15% off,54.36,0.18,171.73,20.0,No tech support add-on; No online security add-on; Rolling month-to-month contract,NO_TECH_SUPPORT|NO_ONLINE_SECURITY|MONTH_TO_MONTH,OFF-CONTRACT-2Y:172|OFF-CONTRACT-1Y:114|OFF-BUNDLE-ALL:55|OFF-TECHSUP-12:40|OFF-SEC-12:3,,recommended,3,0
3088-FVYWK,treatment,0.0193,below,5794.0,25.55,53,,,0.0,0.0,0.0,20.0,Phone-only account,NO_INTERNET,,,no_action_needed,3,0
3729-OWRVL,treatment,0.2296,below,4295.0,110.35,65,,,0.0,0.0,0.0,20.0,Manual payment method; Premium fiber plan,MANUAL_PAYMENT|FIBER_PREMIUM,OFF-AUTOPAY:-21,OFF-AUTOPAY:R3_POSITIVE_EV,no_action_needed,3,0
7251-LJBQN,treatment,0.3674,above,3568.0,103.75,40,,,0.0,0.0,0.0,20.0,No online security add-on; Premium fiber plan,NO_ONLINE_SECURITY|FIBER_PREMIUM,OFF-SEC-12:5,OFF-SEC-12:R3_POSITIVE_EV,review_no_profitable_offer,3,0
1536-HBSWP,treatment,0.3854,above,4667.0,49.9,1,OFF-CONTRACT-1Y,1-year contract at 10% off,59.88,0.12,155.96,20.0,No online security add-on; No device protection; Rolling month-to-month contract; Manual payment method; Under 12 months tenure,NO_ONLINE_SECURITY|NO_DEVICE_PROTECTION|MONTH_TO_MONTH|MANUAL_PAYMENT|NEW_CUSTOMER,OFF-CONTRACT-1Y:156|OFF-SEC-12:30|OFF-AUTOPAY:12,,recommended,3,0
5313-FPXWG,treatment,0.0585,below,4886.0,24.6,51,,,0.0,0.0,0.0,20.0,Phone-only account,NO_INTERNET,,,no_action_needed,3,0
8338-QIUNR,treatment,0.0132,below,4397.0,66.5,72,,,0.0,0.0,0.0,20.0,,,,,no_action_needed,3,0
1525-LNLOJ,treatment,0.058,below,4186.0,63.3,66,,,0.0,0.0,0.0,20.0,No tech support add-on; No online security add-on,NO_TECH_SUPPORT|NO_ONLINE_SECURITY,OFF-TECHSUP-12:-41|OFF-SEC-12:-48|OFF-BUNDLE-ALL:-87,OFF-TECHSUP-12:R3_POSITIVE_EV|OFF-SEC-12:R3_POSITIVE_EV|OFF-BUNDLE-ALL:R3_POSITIVE_EV,no_action_needed,3,0
9450-TRJUU,treatment,0.4815,above,2332.0,83.15,35,OFF-CONTRACT-2Y,2-year contract at 15% off,149.67,0.18,52.44,20.0,"No tech support add-on; No online security add-on; No device protection; Rolling month-to-month contract; Manual payment method; High bill, few add-ons; Premium fiber plan",NO_TECH_SUPPORT|NO_ONLINE_SECURITY|NO_DEVICE_PROTECTION|MONTH_TO_MONTH|MANUAL_PAYMENT|HIGH_CHARGE_LOW_BUNDLE|FIBER_PREMIUM,OFF-CONTRACT-2Y:52|OFF-BUNDLE-ALL:37|OFF-CONTRACT-1Y:35|OFF-TECHSUP-12:29|OFF-SEC-12:-4|OFF-AUTOPAY:-15,,recommended,3,0
4312-KFRXN,treatment,0.01,below,5512.0,25.4,72,,,0.0,0.0,0.0,20.0,Manual payment method; Phone-only account,MANUAL_PAYMENT|NO_INTERNET,OFF-AUTOPAY:-58,OFF-AUTOPAY:R2_MARGIN_FLOOR,no_action_needed,3,0
5575-TPIZQ,treatment,0.2528,below,5593.0,89.15,46,OFF-CONTRACT-2Y,2-year contract at 15% off,160.47,0.18,94.03,20.0,"No tech support add-on; No device protection; Rolling month-to-month contract; High bill, few add-ons; Premium fiber plan",NO_TECH_SUPPORT|NO_DEVICE_PROTECTION|MONTH_TO_MONTH|HIGH_CHARGE_LOW_BUNDLE|FIBER_PREMIUM,OFF-CONTRACT-2Y:94|OFF-CONTRACT-1Y:63|OFF-TECHSUP-12:53,,recommended,3,0
9944-AEXBM,treatment,0.4116,above,2383.0,85.65,32,OFF-CONTRACT-2Y,2-year contract at 15% off,154.17,0.18,22.38,20.0,"No tech support add-on; No online security add-on; No device protection; Rolling month-to-month contract; High bill, few add-ons; Premium fiber plan",NO_TECH_SUPPORT|NO_ONLINE_SECURITY|NO_DEVICE_PROTECTION|MONTH_TO_MONTH|HIGH_CHARGE_LOW_BUNDLE|FIBER_PREMIUM,OFF-CONTRACT-2Y:22|OFF-TECHSUP-12:18|OFF-BUNDLE-ALL:17|OFF-CONTRACT-1Y:15|OFF-SEC-12:-11,,recommended,3,0
4018-PPNDW,treatment,0.0294,below,5970.0,24.1,61,,,0.0,0.0,0.0,20.0,Manual payment method; Phone-only account,MANUAL_PAYMENT|NO_INTERNET,OFF-AUTOPAY:-53,OFF-AUTOPAY:R2_MARGIN_FLOOR,no_action_needed,3,0
6919-ELBGL,treatment,0.0207,below,6268.0,114.95,72,,,0.0,0.0,0.0,20.0,Premium fiber plan,FIBER_PREMIUM,,,no_action_needed,3,0
3966-HRMZA,treatment,0.5168,above,3545.0,75.05,3,OFF-BUNDLE-ALL,"Tech Support + Online Security bundle, 12 months",120.51,0.14,135.98,20.0,No tech support add-on; No online security add-on; Rolling month-to-month contract; Manual payment method; Under 12 months tenure; Premium fiber plan,NO_TECH_SUPPORT|NO_ONLINE_SECURITY|MONTH_TO_MONTH|MANUAL_PAYMENT|NEW_CUSTOMER|FIBER_PREMIUM,OFF-BUNDLE-ALL:136|OFF-CONTRACT-1Y:130|OFF-TECHSUP-12:86|OFF-SEC-12:31|OFF-AUTOPAY:13,,recommended,3,0
3115-CZMZD,treatment,0.069,below,5504.0,20.25,0,,,0.0,0.0,0.0,20.0,Manual payment method; Under 12 months tenure; Phone-only account,MANUAL_PAYMENT|NEW_CUSTOMER|NO_INTERNET,OFF-AUTOPAY:-45,OFF-AUTOPAY:R2_MARGIN_FLOOR,no_action_needed,3,0
4013-GUXND,treatment,0.3755,above,3678.0,20.8,1,OFF-CONTRACT-1Y,1-year contract at 10% off,24.96,0.12,140.77,20.0,Rolling month-to-month contract; Manual payment method; Under 12 months tenure; Phone-only account,MONTH_TO_MONTH|MANUAL_PAYMENT|NEW_CUSTOMER|NO_INTERNET,OFF-CONTRACT-1Y:141|OFF-AUTOPAY:-5,,recommended,3,0
8728-SKJLR,control,0.421,above,3277.0,74.25,41,OFF-CONTRACT-2Y,2-year contract at 15% off,133.65,0.18,114.68,20.0,No online security add-on; No device protection; Rolling month-to-month contract; Manual payment method; Premium fiber plan,NO_ONLINE_SECURITY|NO_DEVICE_PROTECTION|MONTH_TO_MONTH|MANUAL_PAYMENT|FIBER_PREMIUM,OFF-CONTRACT-2Y:115|OFF-CONTRACT-1Y:76|OFF-SEC-12:9|OFF-AUTOPAY:-5,,recommended,3,0
3442-ZHHCC,treatment,0.2254,below,5355.0,76.9,68,OFF-TECHSUP-12,Tech Support bundled free for 12 months,60.35,0.08,36.21,20.0,No tech support add-on,NO_TECH_SUPPORT,OFF-TECHSUP-12:36,,recommended,3,0
2040-OBMLJ,treatment,0.1132,below,4850.0,81.7,31,,,0.0,0.0,0.0,20.0,"No online security add-on; No device protection; High bill, few add-ons; Premium fiber plan",NO_ONLINE_SECURITY|NO_DEVICE_PROTECTION|HIGH_CHARGE_LOW_BUNDLE|FIBER_PREMIUM,OFF-SEC-12:-33,OFF-SEC-12:R3_POSITIVE_EV,no_action_needed,3,0
5671-RQRLP,treatment,0.1914,below,4181.0,75.65,70,,,0.0,0.0,0.0,20.0,No tech support add-on; No online security add-on; No device protection; Premium fiber plan,NO_TECH_SUPPORT|NO_ONLINE_SECURITY|NO_DEVICE_PROTECTION|FIBER_PREMIUM,OFF-TECHSUP-12:4|OFF-BUNDLE-ALL:-8|OFF-SEC-12:-20,OFF-TECHSUP-12:R3_POSITIVE_EV|OFF-BUNDLE-ALL:R3_POSITIVE_EV|OFF-SEC-12:R3_POSITIVE_EV,no_action_needed,3,0
9926-PJHDQ,treatment,0.0335,below,5120.0,76.8,72,,,0.0,0.0,0.0,20.0,No tech support add-on; No online security add-on,NO_TECH_SUPPORT|NO_ONLINE_SECURITY,OFF-TECHSUP-12:-47|OFF-SEC-12:-52|OFF-BUNDLE-ALL:-96,OFF-TECHSUP-12:R3_POSITIVE_EV|OFF-SEC-12:R3_POSITIVE_EV|OFF-BUNDLE-ALL:R3_POSITIVE_EV,no_action_needed,3,0
2798-NYLMZ,treatment,0.2634,below,4111.0,108.55,71,,,0.0,0.0,0.0,20.0,Premium fiber plan,FIBER_PREMIUM,,,no_action_needed,3,0
5318-YKDPV,treatment,0.0511,below,3716.0,79.15,43,,,0.0,0.0,0.0,20.0,,,,,no_action_needed,3,0
3487-EARAT,treatment,0.2073,below,6325.0,74.1,70,,,0.0,0.0,0.0,20.0,,,,,no_action_needed,3,0
7408-OFWXJ,control,0.01,below,5762.0,89.8,72,,,0.0,0.0,0.0,20.0,,,,,no_action_needed,3,0
8713-IGZSO,treatment,0.2218,below,5983.0,24.85,2,OFF-CONTRACT-1Y,1-year contract at 10% off,29.82,0.12,129.42,20.0,Rolling month-to-month contract; Manual payment method; Under 12 months tenure; Phone-only account,MONTH_TO_MONTH|MANUAL_PAYMENT|NEW_CUSTOMER|NO_INTERNET,OFF-CONTRACT-1Y:129|OFF-AUTOPAY:-7,,recommended,3,0
9777-IQHWP,treatment,0.01,below,6249.0,93.4,64,,,0.0,0.0,0.0,20.0,No tech support add-on; Premium fiber plan,NO_TECH_SUPPORT|FIBER_PREMIUM,OFF-TECHSUP-12:-55,OFF-TECHSUP-12:R3_POSITIVE_EV,no_action_needed,3,0
0979-MOZQI,treatment,0.0758,below,4987.0,39.0,62,,,0.0,0.0,0.0,20.0,No online security add-on; No device protection,NO_ONLINE_SECURITY|NO_DEVICE_PROTECTION,OFF-SEC-12:-41,OFF-SEC-12:R3_POSITIVE_EV,no_action_needed,3,0
5170-PTRKA,treatment,0.0625,below,4865.0,35.8,49,,,0.0,0.0,0.0,20.0,No device protection,NO_DEVICE_PROTECTION,,,no_action_needed,3,0
0048-LUMLS,treatment,0.01,below,5263.0,91.2,37,,,0.0,0.0,0.0,20.0,"No tech support add-on; No online security add-on; No device protection; High bill, few add-ons; Premium fiber plan",NO_TECH_SUPPORT|NO_ONLINE_SECURITY|NO_DEVICE_PROTECTION|HIGH_CHARGE_LOW_BUNDLE|FIBER_PREMIUM,OFF-TECHSUP-12:-56|OFF-SEC-12:-58|OFF-BUNDLE-ALL:-113,OFF-TECHSUP-12:R3_POSITIVE_EV|OFF-SEC-12:R3_POSITIVE_EV|OFF-BUNDLE-ALL:R3_POSITIVE_EV,no_action_needed,3,0
7997-EASSD,treatment,0.0629,below,6063.0,81.2,63,,,0.0,0.0,0.0,20.0,"No online security add-on; No device protection; High bill, few add-ons; Premium fiber plan",NO_ONLINE_SECURITY|NO_DEVICE_PROTECTION|HIGH_CHARGE_LOW_BUNDLE|FIBER_PREMIUM,OFF-SEC-12:-41,OFF-SEC-12:R3_POSITIVE_EV,no_action_needed,3,0
0730-KOAVE,treatment,0.3766,above,4219.0,94.3,30,OFF-CONTRACT-2Y,2-year contract at 15% off,169.74,0.18,116.26,20.0,No tech support add-on; No device protection; Rolling month-to-month contract; Premium fiber plan,NO_TECH_SUPPORT|NO_DEVICE_PROTECTION|MONTH_TO_MONTH|FIBER_PREMIUM,OFF-CONTRACT-2Y:116|OFF-CONTRACT-1Y:78|OFF-TECHSUP-12:67,,recommended,3,0
1051-GEJLJ,treatment,0.2434,below,4836.0,19.5,2,OFF-CONTRACT-1Y,1-year contract at 10% off,23.4,0.12,117.85,20.0,Rolling month-to-month contract; Manual payment method; Under 12 months tenure; Phone-only account,MONTH_TO_MONTH|MANUAL_PAYMENT|NEW_CUSTOMER|NO_INTERNET,OFF-CONTRACT-1Y:118|OFF-AUTOPAY:-13,,recommended,3,0
0379-DJQHR,treatment,0.144,below,4219.0,81.35,67,,,0.0,0.0,0.0,20.0,No tech support add-on,NO_TECH_SUPPORT,OFF-TECHSUP-12:-12,OFF-TECHSUP-12:R3_POSITIVE_EV,no_action_needed,3,0
0297-RBCSG,treatment,0.1259,below,2051.0,65.35,19,,,0.0,0.0,0.0,20.0,No online security add-on; No device protection,NO_ONLINE_SECURITY|NO_DEVICE_PROTECTION,OFF-SEC-12:-47,OFF-SEC-12:R3_POSITIVE_EV,no_action_needed,3,0
4301-VVZKA,treatment,0.6047,above,5432.0,75.4,16,OFF-CONTRACT-2Y,2-year contract at 15% off,135.72,0.18,455.53,20.0,No tech support add-on; No online security add-on; No device protection; Rolling month-to-month contract; Manual payment method; Premium fiber plan,NO_TECH_SUPPORT|NO_ONLINE_SECURITY|NO_DEVICE_PROTECTION|MONTH_TO_MONTH|MANUAL_PAYMENT|FIBER_PREMIUM,OFF-CONTRACT-2Y:456|OFF-BUNDLE-ALL:339|OFF-CONTRACT-1Y:304|OFF-TECHSUP-12:202|OFF-SEC-12:104|OFF-AUTOPAY:71,,recommended,3,0
6630-UJZMY,treatment,0.8612,above,5251.0,83.25,4,OFF-BUNDLE-ALL,"Tech Support + Online Security bundle, 12 months",120.51,0.14,512.59,20.0,"No tech support add-on; No online security add-on; No device protection; Rolling month-to-month contract; Manual payment method; High bill, few add-ons; Under 12 months tenure; Premium fiber plan",NO_TECH_SUPPORT|NO_ONLINE_SECURITY|NO_DEVICE_PROTECTION|MONTH_TO_MONTH|MANUAL_PAYMENT|HIGH_CHARGE_LOW_BUNDLE|NEW_CUSTOMER|FIBER_PREMIUM,OFF-BUNDLE-ALL:513|OFF-CONTRACT-1Y:443|OFF-TECHSUP-12:301|OFF-SEC-12:166|OFF-AUTOPAY:121,,recommended,3,0
5709-LVOEQ,treatment,0.0938,below,2048.0,80.85,0,,,0.0,0.0,0.0,20.0,No tech support add-on; Manual payment method; Under 12 months tenure,NO_TECH_SUPPORT|MANUAL_PAYMENT|NEW_CUSTOMER,OFF-TECHSUP-12:-45|OFF-AUTOPAY:-52,OFF-TECHSUP-12:R3_POSITIVE_EV|OFF-AUTOPAY:R3_POSITIVE_EV,no_action_needed,3,0
6169-PPETC,treatment,0.01,below,2009.0,20.5,35,,,0.0,0.0,0.0,20.0,Phone-only account,NO_INTERNET,,,no_action_needed,3,0
5382-SOYZL,treatment,0.6705,above,3729.0,95.1,22,OFF-CONTRACT-2Y,2-year contract at 15% off,171.18,0.18,278.87,20.0,"No tech support add-on; No online security add-on; No device protection; Rolling month-to-month contract; Manual payment method; High bill, few add-ons; Premium fiber plan",NO_TECH_SUPPORT|NO_ONLINE_SECURITY|NO_DEVICE_PROTECTION|MONTH_TO_MONTH|MANUAL_PAYMENT|HIGH_CHARGE_LOW_BUNDLE|FIBER_PREMIUM,OFF-CONTRACT-2Y:279|OFF-BUNDLE-ALL:230|OFF-CONTRACT-1Y:186|OFF-TECHSUP-12:140|OFF-SEC-12:65|OFF-AUTOPAY:40,,recommended,3,0
4002-BQWPQ,treatment,0.1527,below,5917.0,81.75,25,,,0.0,0.0,0.0,20.0,Rolling month-to-month contract,MONTH_TO_MONTH,OFF-CONTRACT-2Y:15|OFF-CONTRACT-1Y:10,OFF-CONTRACT-2Y:R3_POSITIVE_EV|OFF-CONTRACT-1Y:R3_POSITIVE_EV,no_action_needed,3,0
5651-YLPRD,treatment,0.0624,below,4970.0,86.1,32,,,0.0,0.0,0.0,20.0,"No tech support add-on; No online security add-on; No device protection; Rolling month-to-month contract; Manual payment method; High bill, few add-ons; Premium fiber plan",NO_TECH_SUPPORT|NO_ONLINE_SECURITY|NO_DEVICE_PROTECTION|MONTH_TO_MONTH|MANUAL_PAYMENT|HIGH_CHARGE_LOW_BUNDLE|FIBER_PREMIUM,OFF-TECHSUP-12:-36|OFF-SEC-12:-45|OFF-AUTOPAY:-48|OFF-CONTRACT-1Y:-66|OFF-BUNDLE-ALL:-77|OFF-CONTRACT-2Y:-99,OFF-TECHSUP-12:R3_POSITIVE_EV|OFF-SEC-12:R3_POSITIVE_EV|OFF-AUTOPAY:R3_POSITIVE_EV|OFF-CONTRACT-1Y:R3_POSITIVE_EV|OFF-BUNDLE-ALL:R3_POSITIVE_EV|OFF-CONTRACT-2Y:R3_POSITIVE_EV,no_action_needed,3,0
7764-BDPEE,treatment,0.1074,below,5868.0,20.85,3,OFF-CONTRACT-1Y,1-year contract at 10% off,25.02,0.12,50.61,20.0,Rolling month-to-month contract; Manual payment method; Under 12 months tenure; Phone-only account,MONTH_TO_MONTH|MANUAL_PAYMENT|NEW_CUSTOMER|NO_INTERNET,OFF-CONTRACT-1Y:51|OFF-AUTOPAY:-35,,recommended,3,0
3429-IFLEM,treatment,0.01,below,4846.0,77.35,71,,,0.0,0.0,0.0,20.0,,,,,no_action_needed,3,0
6461-PPAXN,treatment,0.0715,below,4858.0,54.95,35,,,0.0,0.0,0.0,20.0,No device protection,NO_DEVICE_PROTECTION,,,no_action_needed,3,0
8165-ZJRNM,treatment,0.01,below,4923.0,23.75,72,,,0.0,0.0,0.0,20.0,Phone-only account,NO_INTERNET,,,no_action_needed,3,0
9108-EQPNQ,treatment,0.01,below,3179.0,26.1,10,,,0.0,0.0,0.0,20.0,Under 12 months tenure; Phone-only account,NEW_CUSTOMER|NO_INTERNET,,,no_action_needed,3,0
7649-SIJJF,treatment,0.01,below,6045.0,80.1,71,,,0.0,0.0,0.0,20.0,Manual payment method,MANUAL_PAYMENT,OFF-AUTOPAY:-58,OFF-AUTOPAY:R3_POSITIVE_EV,no_action_needed,3,0
7460-ITWWP,treatment,0.4006,above,2701.0,86.1,45,OFF-CONTRACT-2Y,2-year contract at 15% off,154.98,0.18,39.78,20.0,"No tech support add-on; No online security add-on; Rolling month-to-month contract; Manual payment method; High bill, few add-ons; Premium fiber plan",NO_TECH_SUPPORT|NO_ONLINE_SECURITY|MONTH_TO_MONTH|MANUAL_PAYMENT|HIGH_CHARGE_LOW_BUNDLE|FIBER_PREMIUM,OFF-CONTRACT-2Y:40|OFF-BUNDLE-ALL:31|OFF-CONTRACT-1Y:27|OFF-TECHSUP-12:26|OFF-SEC-12:-6|OFF-AUTOPAY:-17,,recommended,3,0
2632-TACXW,treatment,0.0328,below,4671.0,23.65,62,,,0.0,0.0,0.0,20.0,Phone-only account,NO_INTERNET,,,no_action_needed,3,0
1767-CJKBA,treatment,0.01,below,6025.0,25.1,66,,,0.0,0.0,0.0,20.0,Manual payment method; Phone-only account,MANUAL_PAYMENT|NO_INTERNET,OFF-AUTOPAY:-58,OFF-AUTOPAY:R2_MARGIN_FLOOR,no_action_needed,3,0
6445-TNRXS,treatment,0.01,below,5671.0,114.7,68,,,0.0,0.0,0.0,20.0,Premium fiber plan,FIBER_PREMIUM,,,no_action_needed,3,0
4581-LNWUM,treatment,0.4618,above,3000.0,49.15,13,OFF-CONTRACT-2Y,2-year contract at 15% off,88.47,0.18,160.9,20.0,No tech support add-on; No online security add-on; Rolling month-to-month contract; Manual payment method,NO_TECH_SUPPORT|NO_ONLINE_SECURITY|MONTH_TO_MONTH|MANUAL_PAYMENT,OFF-CONTRACT-2Y:161|OFF-CONTRACT-1Y:107|OFF-BUNDLE-ALL:73|OFF-TECHSUP-12:50|OFF-SEC-12:9|OFF-AUTOPAY:-5,,recommended,3,0
3354-OADJP,treatment,0.115,below,2237.0,54.25,8,,,0.0,0.0,0.0,20.0,No device protection; Under 12 months tenure,NO_DEVICE_PROTECTION|NEW_CUSTOMER,,,no_action_needed,3,0
3524-WQDSG,treatment,0.137,below,3280.0,99.3,43,,,0.0,0.0,0.0,20.0,No tech support add-on; No online security add-on; Rolling month-to-month contract; Premium fiber plan,NO_TECH_SUPPORT|NO_ONLINE_SECURITY|MONTH_TO_MONTH|FIBER_PREMIUM,OFF-TECHSUP-12:-24|OFF-SEC-12:-38|OFF-BUNDLE-ALL:-58|OFF-CONTRACT-1Y:-65|OFF-CONTRACT-2Y:-98,OFF-TECHSUP-12:R3_POSITIVE_EV|OFF-SEC-12:R3_POSITIVE_EV|OFF-BUNDLE-ALL:R3_POSITIVE_EV|OFF-CONTRACT-1Y:R3_POSITIVE_EV|OFF-CONTRACT-2Y:R3_POSITIVE_EV,no_action_needed,3,0
1730-VFMWO,control,0.1215,below,4352.0,50.2,34,,,0.0,0.0,0.0,20.0,No online security add-on; No device protection; Rolling month-to-month contract,NO_ONLINE_SECURITY|NO_DEVICE_PROTECTION|MONTH_TO_MONTH,OFF-CONTRACT-2Y:5|OFF-CONTRACT-1Y:3|OFF-SEC-12:-34,OFF-CONTRACT-2Y:R3_POSITIVE_EV|OFF-CONTRACT-1Y:R3_POSITIVE_EV|OFF-SEC-12:R3_POSITIVE_EV,no_action_needed,3,0
4121-AGSIN,treatment,0.0813,below,4455.0,24.5,58,,,0.0,0.0,0.0,20.0,Phone-only account,NO_INTERNET,,,no_action_needed,3,0
1751-NCDLI,treatment,0.6662,above,2641.0,98.85,46,OFF-CONTRACT-2Y,2-year contract at 15% off,177.93,0.18,138.77,20.0,No tech support add-on; No online security add-on; Rolling month-to-month contract; Manual payment method; Premium fiber plan,NO_TECH_SUPPORT|NO_ONLINE_SECURITY|MONTH_TO_MONTH|MANUAL_PAYMENT|FIBER_PREMIUM,OFF-CONTRACT-2Y:139|OFF-BUNDLE-ALL:126|OFF-CONTRACT-1Y:93|OFF-TECHSUP-12:80|OFF-SEC-12:28|OFF-AUTOPAY:10,,recommended,3,0
8590-YFFQO,treatment,0.055,below,5669.0,64.95,70,,,0.0,0.0,0.0,20.0,,,,,no_action_needed,3,0
8717-VCTXJ,treatment,0.0371,below,5293.0,19.55,42,,,0.0,0.0,0.0,20.0,Manual payment method; Phone-only account,MANUAL_PAYMENT|NO_INTERNET,OFF-AUTOPAY:-52,OFF-AUTOPAY:R2_MARGIN_FLOOR,no_action_needed,3,0
7363-QTBIW,treatment,0.7239,above,4654.0,79.75,9,OFF-CONTRACT-2Y,2-year contract at 15% off,143.55,0.18,462.88,20.0,No tech support add-on; No online security add-on; No device protection; Rolling month-to-month contract; Manual payment method; Under 12 months tenure; Premium fiber plan,NO_TECH_SUPPORT|NO_ONLINE_SECURITY|NO_DEVICE_PROTECTION|MONTH_TO_MONTH|MANUAL_PAYMENT|NEW_CUSTOMER|FIBER_PREMIUM,OFF-CONTRACT-2Y:463|OFF-BUNDLE-ALL:351|OFF-CONTRACT-1Y:309|OFF-TECHSUP-12:209|OFF-SEC-12:108|OFF-AUTOPAY:75,,recommended,3,0
3312-UUMZW,treatment,0.582,above,3981.0,98.85,32,OFF-CONTRACT-2Y,2-year contract at 15% off,177.93,0.18,239.12,20.0,No tech support add-on; No online security add-on; No device protection; Rolling month-to-month contract; Premium fiber plan,NO_TECH_SUPPORT|NO_ONLINE_SECURITY|NO_DEVICE_PROTECTION|MONTH_TO_MONTH|FIBER_PREMIUM,OFF-CONTRACT-2Y:239|OFF-BUNDLE-ALL:204|OFF-CONTRACT-1Y:159|OFF-TECHSUP-12:125|OFF-SEC-12:56,,recommended,3,0
1271-UODNO,treatment,0.0657,below,2380.0,53.85,39,,,0.0,0.0,0.0,20.0,No online security add-on; No device protection,NO_ONLINE_SECURITY|NO_DEVICE_PROTECTION,OFF-SEC-12:-52,OFF-SEC-12:R3_POSITIVE_EV,no_action_needed,3,0
6900-RBKER,treatment,0.0946,below,5386.0,89.45,52,,,0.0,0.0,0.0,20.0,"No tech support add-on; No online security add-on; High bill, few add-ons; Premium fiber plan",NO_TECH_SUPPORT|NO_ONLINE_SECURITY|HIGH_CHARGE_LOW_BUNDLE|FIBER_PREMIUM,OFF-TECHSUP-12:-20|OFF-SEC-12:-35|OFF-BUNDLE-ALL:-49,OFF-TECHSUP-12:R3_POSITIVE_EV|OFF-SEC-12:R3_POSITIVE_EV|OFF-BUNDLE-ALL:R3_POSITIVE_EV,no_action_needed,3,0
1459-QNFQT,treatment,0.0391,below,4031.0,59.5,70,,,0.0,0.0,0.0,20.0,,,,,no_action_needed,3,0
0074-HDKDG,control,0.1072,below,3807.0,61.6,25,,,0.0,0.0,0.0,20.0,No tech support add-on,NO_TECH_SUPPORT,OFF-TECHSUP-12:-28,OFF-TECHSUP-12:R3_POSITIVE_EV,no_action_needed,3,0
9330-DHBFL,control,0.0728,below,2072.0,66.25,23,,,0.0,0.0,0.0,20.0,Manual payment method,MANUAL_PAYMENT,OFF-AUTOPAY:-54,OFF-AUTOPAY:R3_POSITIVE_EV,no_action_needed,3,0
2446-ZKVAF,treatment,0.3146,above,5558.0,56.8,18,OFF-CONTRACT-2Y,2-year contract at 15% off,102.24,0.18,212.5,20.0,No tech support add-on; No online security add-on; No device protection; Rolling month-to-month contract,NO_TECH_SUPPORT|NO_ONLINE_SECURITY|NO_DEVICE_PROTECTION|MONTH_TO_MONTH,OFF-CONTRACT-2Y:212|OFF-CONTRACT-1Y:142|OFF-BUNDLE-ALL:124|OFF-TECHSUP-12:80|OFF-SEC-12:27,,recommended,3,0
8992-CEUEN,treatment,0.1885,below,5084.0,18.85,1,OFF-CONTRACT-1Y,1-year contract at 10% off,22.62,0.12,92.38,20.0,Rolling month-to-month contract; Manual payment method; Under 12 months tenure; Phone-only account,MONTH_TO_MONTH|MANUAL_PAYMENT|NEW_CUSTOMER|NO_INTERNET,OFF-CONTRACT-1Y:92|OFF-AUTOPAY:-22,,recommended,3,0
8777-PVYGU,treatment,0.0629,below,4405.0,64.3,52,,,0.0,0.0,0.0,20.0,No tech support add-on; Manual payment method,NO_TECH_SUPPORT|MANUAL_PAYMENT,OFF-TECHSUP-12:-38|OFF-AUTOPAY:-49,OFF-TECHSUP-12:R3_POSITIVE_EV|OFF-AUTOPAY:R3_POSITIVE_EV,no_action_needed,3,0
8292-ITGYJ,treatment,0.01,below,3043.0,24.65,45,,,0.0,0.0,0.0,20.0,Phone-only account,NO_INTERNET,,,no_action_needed,3,0
9359-UGBTK,control,0.0882,below,4910.0,72.35,67,,,0.0,0.0,0.0,20.0,,,,,no_action_needed,3,0
7129-ACFOG,treatment,0.4683,above,2182.0,53.8,5,OFF-CONTRACT-1Y,1-year contract at 10% off,64.56,0.12,58.06,20.0,No tech support add-on; No device protection; Rolling month-to-month contract; Manual payment method; Under 12 months tenure,NO_TECH_SUPPORT|NO_DEVICE_PROTECTION|MONTH_TO_MONTH|MANUAL_PAYMENT|NEW_CUSTOMER,OFF-CONTRACT-1Y:58|OFF-TECHSUP-12:21|OFF-AUTOPAY:-19,,recommended,3,0
1346-UFHAX,treatment,0.4276,above,5577.0,80.0,13,OFF-CONTRACT-2Y,2-year contract at 15% off,144.0,0.18,285.25,20.0,No tech support add-on; No device protection; Rolling month-to-month contract; Premium fiber plan,NO_TECH_SUPPORT|NO_DEVICE_PROTECTION|MONTH_TO_MONTH|FIBER_PREMIUM,OFF-CONTRACT-2Y:285|OFF-CONTRACT-1Y:190|OFF-TECHSUP-12:130,,recommended,3,0
5461-QKNTN,treatment,0.4316,above,2040.0,94.3,43,,,0.0,0.0,0.0,20.0,No online security add-on; No device protection; Rolling month-to-month contract; Manual payment method; Premium fiber plan,NO_ONLINE_SECURITY|NO_DEVICE_PROTECTION|MONTH_TO_MONTH|MANUAL_PAYMENT|FIBER_PREMIUM,OFF-CONTRACT-1Y:-8|OFF-CONTRACT-2Y:-11|OFF-SEC-12:-16|OFF-AUTOPAY:-25,OFF-CONTRACT-1Y:R3_POSITIVE_EV|OFF-CONTRACT-2Y:R3_POSITIVE_EV|OFF-SEC-12:R3_POSITIVE_EV|OFF-AUTOPAY:R3_POSITIVE_EV,review_no_profitable_offer,3,0
4660-IRIBM,treatment,0.1295,below,5192.0,87.9,18,,,0.0,0.0,0.0,20.0,No tech support add-on; Rolling month-to-month contract; Manual payment method; Premium fiber plan,NO_TECH_SUPPORT|MONTH_TO_MONTH|MANUAL_PAYMENT|FIBER_PREMIUM,OFF-TECHSUP-12:-7|OFF-CONTRACT-1Y:-25|OFF-AUTOPAY:-33|OFF-CONTRACT-2Y:-37,OFF-TECHSUP-12:R3_POSITIVE_EV|OFF-CONTRACT-1Y:R3_POSITIVE_EV|OFF-AUTOPAY:R3_POSITIVE_EV|OFF-CONTRACT-2Y:R3_POSITIVE_EV,no_action_needed,3,0
8089-UZWLX,treatment,0.1208,below,4113.0,104.05,71,,,0.0,0.0,0.0,20.0,No tech support add-on; No online security add-on; Premium fiber plan,NO_TECH_SUPPORT|NO_ONLINE_SECURITY|FIBER_PREMIUM,OFF-TECHSUP-12:-21|OFF-SEC-12:-35|OFF-BUNDLE-ALL:-51,OFF-TECHSUP-12:R3_POSITIVE_EV|OFF-SEC-12:R3_POSITIVE_EV|OFF-BUNDLE-ALL:R3_POSITIVE_EV,no_action_needed,3,0
6077-BDPXA,treatment,0.5805,above,2228.0,70.15,3,OFF-CONTRACT-1Y,1-year contract at 10% off,84.18,0.12,71.02,20.0,No tech support add-on; No online security add-on; No device protection; Rolling month-to-month contract; Manual payment method; Under 12 months tenure; Premium fiber plan,NO_TECH_SUPPORT|NO_ONLINE_SECURITY|NO_DEVICE_PROTECTION|MONTH_TO_MONTH|MANUAL_PAYMENT|NEW_CUSTOMER|FIBER_PREMIUM,OFF-CONTRACT-1Y:71|OFF-BUNDLE-ALL:61|OFF-TECHSUP-12:43|OFF-SEC-12:5|OFF-AUTOPAY:-8,,recommended,3,0
0013-MHZWF,treatment,0.1731,below,5108.0,69.4,9,OFF-CONTRACT-2Y,2-year contract at 15% off,124.92,0.18,34.24,20.0,No online security add-on; No device protection; Rolling month-to-month contract; Under 12 months tenure,NO_ONLINE_SECURITY|NO_DEVICE_PROTECTION|MONTH_TO_MONTH|NEW_CUSTOMER,OFF-CONTRACT-2Y:34|OFF-CONTRACT-1Y:23|OFF-SEC-12:-16,,recommended,3,0
0040-HALCW,treatment,0.01,below,6393.0,20.4,54,,,0.0,0.0,0.0,20.0,Phone-only account,NO_INTERNET,,,no_action_needed,3,0
2294-DMMUS,treatment,0.0102,below,5057.0,70.45,62,,,0.0,0.0,0.0,20.0,No tech support add-on; No online security add-on; No device protection; Rolling month-to-month contract,NO_TECH_SUPPORT|NO_ONLINE_SECURITY|NO_DEVICE_PROTECTION|MONTH_TO_MONTH,OFF-TECHSUP-12:-56|OFF-SEC-12:-58|OFF-CONTRACT-1Y:-78|OFF-BUNDLE-ALL:-113|OFF-CONTRACT-2Y:-118,OFF-TECHSUP-12:R3_POSITIVE_EV|OFF-SEC-12:R3_POSITIVE_EV|OFF-CONTRACT-1Y:R3_POSITIVE_EV|OFF-BUNDLE-ALL:R3_POSITIVE_EV|OFF-CONTRACT-2Y:R3_POSITIVE_EV,no_action_needed,3,0
2788-CJQAQ,control,0.0296,below,3799.0,19.45,13,,,0.0,0.0,0.0,20.0,Manual payment method; Phone-only account,MANUAL_PAYMENT|NO_INTERNET,OFF-AUTOPAY:-56,OFF-AUTOPAY:R2_MARGIN_FLOOR,no_action_needed,3,0
0668-OGMHD,treatment,0.3398,above,3766.0,28.5,21,OFF-CONTRACT-2Y,2-year contract at 15% off,51.3,0.18,179.04,20.0,No tech support add-on; No device protection; Rolling month-to-month contract; Manual payment method,NO_TECH_SUPPORT|NO_DEVICE_PROTECTION|MONTH_TO_MONTH|MANUAL_PAYMENT,OFF-CONTRACT-2Y:179|OFF-CONTRACT-1Y:119|OFF-TECHSUP-12:42|OFF-AUTOPAY:-9,,recommended,3,0
6507-ZJSUR,control,0.569,above,5272.0,90.45,23,OFF-CONTRACT-2Y,2-year contract at 15% off,162.81,0.18,377.15,20.0,"No tech support add-on; No online security add-on; No device protection; Rolling month-to-month contract; Manual payment method; High bill, few add-ons; Premium fiber plan",NO_TECH_SUPPORT|NO_ONLINE_SECURITY|NO_DEVICE_PROTECTION|MONTH_TO_MONTH|MANUAL_PAYMENT|HIGH_CHARGE_LOW_BUNDLE|FIBER_PREMIUM,OFF-CONTRACT-2Y:377|OFF-BUNDLE-ALL:299|OFF-CONTRACT-1Y:251|OFF-TECHSUP-12:180|OFF-SEC-12:90|OFF-AUTOPAY:60,,recommended,3,0
6766-HFKLA,treatment,0.1726,below,4534.0,103.2,56,,,0.0,0.0,0.0,20.0,No online security add-on; Premium fiber plan,NO_ONLINE_SECURITY|FIBER_PREMIUM,OFF-SEC-12:-21,OFF-SEC-12:R3_POSITIVE_EV,no_action_needed,3,0
9220-ZNKJI,treatment,0.0592,below,4291.0,88.8,55,,,0.0,0.0,0.0,20.0,No online security add-on; Premium fiber plan,NO_ONLINE_SECURITY|FIBER_PREMIUM,OFF-SEC-12:-47,OFF-SEC-12:R3_POSITIVE_EV,no_action_needed,3,0
9992-UJOEL,treatment,0.4888,above,5870.0,50.3,2,OFF-CONTRACT-1Y,1-year contract at 10% off,60.36,0.12,283.95,20.0,No tech support add-on; No online security add-on; No device protection; Rolling month-to-month contract; Manual payment method; Under 12 months tenure,NO_TECH_SUPPORT|NO_ONLINE_SECURITY|NO_DEVICE_PROTECTION|MONTH_TO_MONTH|MANUAL_PAYMENT|NEW_CUSTOMER,OFF-CONTRACT-1Y:284|OFF-BUNDLE-ALL:281|OFF-TECHSUP-12:169|OFF-SEC-12:83|OFF-AUTOPAY:55,,recommended,3,0
4821-WQOYN,treatment,0.01,below,4603.0,20.1,72,,,0.0,0.0,0.0,20.0,Phone-only account,NO_INTERNET,,,no_action_needed,3,0
2388-LAESQ,treatment,0.0129,below,4796.0,114.85,72,,,0.0,0.0,0.0,20.0,Premium fiber plan,FIBER_PREMIUM,,,no_action_needed,3,0
8711-LOBKY,treatment,0.01,below,6144.0,19.85,59,,,0.0,0.0,0.0,20.0,Manual payment method; Phone-only account,MANUAL_PAYMENT|NO_INTERNET,OFF-AUTOPAY:-58,OFF-AUTOPAY:R2_MARGIN_FLOOR,no_action_needed,3,0
8985-OOPOS,treatment,0.1623,below,2900.0,74.1,1,,,0.0,0.0,0.0,20.0,No online security add-on; Under 12 months tenure,NO_ONLINE_SECURITY|NEW_CUSTOMER,OFF-SEC-12:-37,OFF-SEC-12:R3_POSITIVE_EV,no_action_needed,3,0
2616-FLVQC,treatment,0.032,below,6036.0,19.55,64,,,0.0,0.0,0.0,20.0,Manual payment method; Phone-only account,MANUAL_PAYMENT|NO_INTERNET,OFF-AUTOPAY:-52,OFF-AUTOPAY:R2_MARGIN_FLOOR,no_action_needed,3,0
9968-FFVVH,control,0.0102,below,5082.0,68.8,63,,,0.0,0.0,0.0,20.0,,,,,no_action_needed,3,0
8390-FESFV,treatment,0.0209,below,5466.0,84.5,62,,,0.0,0.0,0.0,20.0,No online security add-on,NO_ONLINE_SECURITY,OFF-SEC-12:-54,OFF-SEC-12:R3_POSITIVE_EV,no_action_needed,3,0
6729-GDNGC,control,0.3007,above,3111.0,80.7,20,OFF-CONTRACT-2Y,2-year contract at 15% off,145.26,0.18,23.13,20.0,"No tech support add-on; No online security add-on; No device protection; Rolling month-to-month contract; High bill, few add-ons; Premium fiber plan",NO_TECH_SUPPORT|NO_ONLINE_SECURITY|NO_DEVICE_PROTECTION|MONTH_TO_MONTH|HIGH_CHARGE_LOW_BUNDLE|FIBER_PREMIUM,OFF-CONTRACT-2Y:23|OFF-CONTRACT-1Y:15|OFF-TECHSUP-12:14|OFF-BUNDLE-ALL:10|OFF-SEC-12:-13,,recommended,3,0
4945-RVMTE,treatment,0.1286,below,3354.0,59.55,28,,,0.0,0.0,0.0,20.0,No tech support add-on; No online security add-on; Rolling month-to-month contract,NO_TECH_SUPPORT|NO_ONLINE_SECURITY|MONTH_TO_MONTH,OFF-CONTRACT-1Y:-20|OFF-TECHSUP-12:-26|OFF-CONTRACT-2Y:-30|OFF-SEC-12:-39|OFF-BUNDLE-ALL:-60,OFF-CONTRACT-1Y:R3_POSITIVE_EV|OFF-TECHSUP-12:R3_POSITIVE_EV|OFF-CONTRACT-2Y:R3_POSITIVE_EV|OFF-SEC-12:R3_POSITIVE_EV|OFF-BUNDLE-ALL:R3_POSITIVE_EV,no_action_needed,3,0
9788-YTFGE,treatment,0.1897,below,3331.0,19.95,7,OFF-CONTRACT-2Y,2-year contract at 15% off,35.91,0.18,77.83,20.0,Rolling month-to-month contract; Manual payment method; Under 12 months tenure; Phone-only account,MONTH_TO_MONTH|MANUAL_PAYMENT|NEW_CUSTOMER|NO_INTERNET,OFF-CONTRACT-2Y:78|OFF-CONTRACT-1Y:52|OFF-AUTOPAY:-35,,recommended,3,0
3161-ONRWK,treatment,0.0179,below,4053.0,65.85,60,,,0.0,0.0,0.0,20.0,,,,,no_action_needed,3,0
3910-MRQOY,control,0.01,below,5398.0,19.4,72,,,0.0,0.0,0.0,20.0,Phone-only account,NO_INTERNET,,,no_action_needed,3,0
0121-SNYRK,treatment,0.0272,below,5052.0,35.4,50,,,0.0,0.0,0.0,20.0,No device protection; Manual payment method,NO_DEVICE_PROTECTION|MANUAL_PAYMENT,OFF-AUTOPAY:-54,OFF-AUTOPAY:R3_POSITIVE_EV,no_action_needed,3,0
7690-KPNCU,control,0.1983,below,4515.0,73.05,64,,,0.0,0.0,0.0,20.0,No tech support add-on,NO_TECH_SUPPORT,OFF-TECHSUP-12:11,OFF-TECHSUP-12:R3_POSITIVE_EV,no_action_needed,3,0
2293-IJWPS,control,0.4009,above,6354.0,100.75,57,OFF-BUNDLE-ALL,"Tech Support + Online Security bundle, 12 months",120.51,0.14,236.11,20.0,No tech support add-on; No online security add-on; Premium fiber plan,NO_TECH_SUPPORT|NO_ONLINE_SECURITY|FIBER_PREMIUM,OFF-BUNDLE-ALL:236|OFF-TECHSUP-12:143|OFF-SEC-12:67,,recommended,3,0
5469-NUJUR,treatment,0.0193,below,2831.0,19.95,19,,,0.0,0.0,0.0,20.0,Manual payment method; Phone-only account,MANUAL_PAYMENT|NO_INTERNET,OFF-AUTOPAY:-58,OFF-AUTOPAY:R2_MARGIN_FLOOR,no_action_needed,3,0
7266-GSSJX,treatment,0.0592,below,2606.0,20.45,11,,,0.0,0.0,0.0,20.0,Rolling month-to-month contract; Manual payment method; Under 12 months tenure; Phone-only account,MONTH_TO_MONTH|MANUAL_PAYMENT|NEW_CUSTOMER|NO_INTERNET,OFF-CONTRACT-1Y:-6|OFF-CONTRACT-2Y:-9|OFF-AUTOPAY:-54,OFF-CONTRACT-1Y:R3_POSITIVE_EV|OFF-CONTRACT-2Y:R3_POSITIVE_EV|OFF-AUTOPAY:R2_MARGIN_FLOOR,no_action_needed,3,0
3071-MVJCD,treatment,0.01,below,4162.0,82.3,72,,,0.0,0.0,0.0,20.0,,,,,no_action_needed,3,0
1131-SUEKT,treatment,0.01,below,4000.0,98.45,61,,,0.0,0.0,0.0,20.0,No online security add-on; No device protection; Premium fiber plan,NO_ONLINE_SECURITY|NO_DEVICE_PROTECTION|FIBER_PREMIUM,OFF-SEC-12:-58,OFF-SEC-12:R3_POSITIVE_EV,no_action_needed,3,0
3717-OEAUQ,treatment,0.5014,above,2388.0,70.7,2,OFF-CONTRACT-1Y,1-year contract at 10% off,84.84,0.12,58.84,20.0,No tech support add-on; No online security add-on; No device protection; Rolling month-to-month contract; Manual payment method; Under 12 months tenure; Premium fiber plan,NO_TECH_SUPPORT|NO_ONLINE_SECURITY|NO_DEVICE_PROTECTION|MONTH_TO_MONTH|MANUAL_PAYMENT|NEW_CUSTOMER|FIBER_PREMIUM,OFF-CONTRACT-1Y:59|OFF-BUNDLE-ALL:47|OFF-TECHSUP-12:35|OFF-SEC-12:-0|OFF-AUTOPAY:-12,,recommended,3,0
9089-UOWJG,treatment,0.0843,below,5068.0,58.35,12,,,0.0,0.0,0.0,20.0,No tech support add-on; No online security add-on; Rolling month-to-month contract,NO_TECH_SUPPORT|NO_ONLINE_SECURITY|MONTH_TO_MONTH,OFF-CONTRACT-1Y:-19|OFF-TECHSUP-12:-26|OFF-CONTRACT-2Y:-28|OFF-SEC-12:-39|OFF-BUNDLE-ALL:-61,OFF-CONTRACT-1Y:R3_POSITIVE_EV|OFF-TECHSUP-12:R3_POSITIVE_EV|OFF-CONTRACT-2Y:R3_POSITIVE_EV|OFF-SEC-12:R3_POSITIVE_EV|OFF-BUNDLE-ALL:R3_POSITIVE_EV,no_action_needed,3,0
3569-EDBPQ,treatment,0.4152,above,2198.0,84.35,24,,,0.0,0.0,0.0,20.0,"No device protection; Rolling month-to-month contract; Manual payment method; High bill, few add-ons; Premium fiber plan",NO_DEVICE_PROTECTION|MONTH_TO_MONTH|MANUAL_PAYMENT|HIGH_CHARGE_LOW_BUNDLE|FIBER_PREMIUM,OFF-CONTRACT-2Y:12|OFF-CONTRACT-1Y:8|OFF-AUTOPAY:-24,OFF-CONTRACT-2Y:R3_POSITIVE_EV|OFF-CONTRACT-1Y:R3_POSITIVE_EV|OFF-AUTOPAY:R3_POSITIVE_EV,review_no_profitable_offer,3,0
8785-CJSHH,treatment,0.4542,above,6213.0,99.8,60,OFF-CONTRACT-2Y,2-year contract at 15% off,179.64,0.18,328.31,20.0,No tech support add-on; No online security add-on; No device protection; Rolling month-to-month contract; Manual payment method; Premium fiber plan,NO_TECH_SUPPORT|NO_ONLINE_SECURITY|NO_DEVICE_PROTECTION|MONTH_TO_MONTH|MANUAL_PAYMENT|FIBER_PREMIUM,OFF-CONTRACT-2Y:328|OFF-BUNDLE-ALL:275|OFF-CONTRACT-1Y:219|OFF-TECHSUP-12:165|OFF-SEC-12:81|OFF-AUTOPAY:53,,recommended,3,0
7677-SJJJK,treatment,0.0502,below,3152.0,19.9,8,,,0.0,0.0,0.0,20.0,Under 12 months tenure; Phone-only account,NEW_CUSTOMER|NO_INTERNET,,,no_action_needed,3,0
2480-EJWYP,treatment,0.3762,above,6019.0,97.8,58,OFF-BUNDLE-ALL,"Tech Support + Online Security bundle, 12 months",120.51,0.14,196.5,20.0,No tech support add-on; No online security add-on; No device protection; Premium fiber plan,NO_TECH_SUPPORT|NO_ONLINE_SECURITY|NO_DEVICE_PROTECTION|FIBER_PREMIUM,OFF-BUNDLE-ALL:196|OFF-TECHSUP-12:121|OFF-SEC-12:53,,recommended,3,0
7055-HNEOJ,treatment,0.3727,above,2662.0,55.8,3,OFF-CONTRACT-1Y,1-year contract at 10% off,66.96,0.12,52.1,20.0,No online security add-on; Rolling month-to-month contract; Manual payment method; Under 12 months tenure,NO_ONLINE_SECURITY|MONTH_TO_MONTH|MANUAL_PAYMENT|NEW_CUSTOMER,OFF-CONTRACT-1Y:52|OFF-SEC-12:-11|OFF-AUTOPAY:-20,,recommended,3,0
5514-YQENT,treatment,0.0109,below,5038.0,111.15,41,,,0.0,0.0,0.0,20.0,Manual payment method; Premium fiber plan,MANUAL_PAYMENT|FIBER_PREMIUM,OFF-AUTOPAY:-58,OFF-AUTOPAY:R3_POSITIVE_EV,no_action_needed,3,0
8445-DNBAE,treatment,0.4721,above,5523.0,50.05,1,OFF-CONTRACT-1Y,1-year contract at 10% off,60.06,0.12,252.83,20.0,No tech support add-on; No online security add-on; No device protection; Rolling month-to-month contract; Manual payment method; Under 12 months tenure,NO_TECH_SUPPORT|NO_ONLINE_SECURITY|NO_DEVICE_PROTECTION|MONTH_TO_MONTH|MANUAL_PAYMENT|NEW_CUSTOMER,OFF-CONTRACT-1Y:253|OFF-BUNDLE-ALL:245|OFF-TECHSUP-12:148|OFF-SEC-12:70|OFF-AUTOPAY:44,,recommended,3,0
2958-NHPPS,treatment,0.0918,below,4263.0,20.85,23,OFF-CONTRACT-2Y,2-year contract at 15% off,37.53,0.18,32.91,20.0,Rolling month-to-month contract; Manual payment method; Phone-only account,MONTH_TO_MONTH|MANUAL_PAYMENT|NO_INTERNET,OFF-CONTRACT-2Y:33|OFF-CONTRACT-1Y:22|OFF-AUTOPAY:-44,,recommended,3,0
6890-PFRQX,treatment,0.1756,below,4466.0,69.5,18,,,0.0,0.0,0.0,20.0,No tech support add-on; Rolling month-to-month contract; Manual payment method,NO_TECH_SUPPORT|MONTH_TO_MONTH|MANUAL_PAYMENT,OFF-CONTRACT-2Y:16|OFF-CONTRACT-1Y:11|OFF-TECHSUP-12:2|OFF-AUTOPAY:-29,OFF-CONTRACT-2Y:R3_POSITIVE_EV|OFF-CONTRACT-1Y:R3_POSITIVE_EV|OFF-TECHSUP-12:R3_POSITIVE_EV|OFF-AUTOPAY:R3_POSITIVE_EV,no_action_needed,3,0
6234-PFPXL,treatment,0.3928,above,3207.0,95.9,22,OFF-CONTRACT-2Y,2-year contract at 15% off,172.62,0.18,54.13,20.0,No device protection; Rolling month-to-month contract; Premium fiber plan,NO_DEVICE_PROTECTION|MONTH_TO_MONTH|FIBER_PREMIUM,OFF-CONTRACT-2Y:54|OFF-CONTRACT-1Y:36,,recommended,3,0
9824-QCJPK,treatment,0.0377,below,4175.0,20.0,36,,,0.0,0.0,0.0,20.0,Manual payment method; Phone-only account,MANUAL_PAYMENT|NO_INTERNET,OFF-AUTOPAY:-54,OFF-AUTOPAY:R2_MARGIN_FLOOR,no_action_needed,3,0
8970-ANWXO,treatment,0.1701,below,3483.0,73.75,23,,,0.0,0.0,0.0,20.0,No online security add-on; No device protection; Manual payment method,NO_ONLINE_SECURITY|NO_DEVICE_PROTECTION|MANUAL_PAYMENT,OFF-SEC-12:-31|OFF-AUTOPAY:-36,OFF-SEC-12:R3_POSITIVE_EV|OFF-AUTOPAY:R3_POSITIVE_EV,no_action_needed,3,0
9480-BQJEI,treatment,0.0642,below,6468.0,92.3,62,,,0.0,0.0,0.0,20.0,No tech support add-on; No device protection; Premium fiber plan,NO_TECH_SUPPORT|NO_DEVICE_PROTECTION|FIBER_PREMIUM,OFF-TECHSUP-12:-27,OFF-TECHSUP-12:R3_POSITIVE_EV,no_action_needed,3,0
2924-KHUVI,treatment,0.4614,above,4847.0,100.55,56,OFF-TECHSUP-12,Tech Support bundled free for 12 months,60.35,0.08,118.56,20.0,No tech support add-on; No device protection; Manual payment method; Premium fiber plan,NO_TECH_SUPPORT|NO_DEVICE_PROTECTION|MANUAL_PAYMENT|FIBER_PREMIUM,OFF-TECHSUP-12:119|OFF-AUTOPAY:29,,recommended,3,0
6184-DYUOB,treatment,0.2506,below,2941.0,19.6,3,OFF-CONTRACT-1Y,1-year contract at 10% off,23.52,0.12,64.92,20.0,Rolling month-to-month contract; Manual payment method; Under 12 months tenure; Phone-only account,MONTH_TO_MONTH|MANUAL_PAYMENT|NEW_CUSTOMER|NO_INTERNET,OFF-CONTRACT-1Y:65|OFF-AUTOPAY:-31,,recommended,3,0
9327-QSDED,treatment,0.2597,below,3266.0,43.55,8,OFF-CONTRACT-2Y,2-year contract at 15% off,78.39,0.18,74.28,20.0,No tech support add-on; No online security add-on; No device protection; Rolling month-to-month contract; Manual payment method; Under 12 months tenure,NO_TECH_SUPPORT|NO_ONLINE_SECURITY|NO_DEVICE_PROTECTION|MONTH_TO_MONTH|MANUAL_PAYMENT|NEW_CUSTOMER,OFF-CONTRACT-2Y:74|OFF-CONTRACT-1Y:50|OFF-TECHSUP-12:8|OFF-BUNDLE-ALL:-2|OFF-SEC-12:-18|OFF-AUTOPAY:-26,,recommended,3,0
3794-NFNCH,treatment,0.1849,below,4715.0,50.0,30,OFF-CONTRACT-2Y,2-year contract at 15% off,90.0,0.18,66.92,20.0,No tech support add-on; No online security add-on; Rolling month-to-month contract; Manual payment method,NO_TECH_SUPPORT|NO_ONLINE_SECURITY|MONTH_TO_MONTH|MANUAL_PAYMENT,OFF-CONTRACT-2Y:67|OFF-CONTRACT-1Y:45|OFF-TECHSUP-12:9|OFF-BUNDLE-ALL:2|OFF-SEC-12:-17|OFF-AUTOPAY:-25,,recommended,3,0
7114-AEOZE,treatment,0.0379,below,6213.0,19.85,60,,,0.0,0.0,0.0,20.0,Phone-only account,NO_INTERNET,,,no_action_needed,3,0
2245-ADZFJ,treatment,0.0815,below,3491.0,80.55,31,,,0.0,0.0,0.0,20.0,No online security add-on; No device protection,NO_ONLINE_SECURITY|NO_DEVICE_PROTECTION,OFF-SEC-12:-46,OFF-SEC-12:R3_POSITIVE_EV,no_action_needed,3,0
9313-QOLTZ,treatment,0.0642,below,5895.0,20.9,26,OFF-CONTRACT-2Y,2-year contract at 15% off,37.62,0.18,30.5,20.0,Rolling month-to-month contract; Manual payment method; Phone-only account,MONTH_TO_MONTH|MANUAL_PAYMENT|NO_INTERNET,OFF-CONTRACT-2Y:30|OFF-CONTRACT-1Y:20|OFF-AUTOPAY:-45,,recommended,3,0
4672-FOTSD,treatment,0.2317,below,4334.0,67.25,12,OFF-CONTRACT-2Y,2-year contract at 15% off,121.05,0.18,59.7,20.0,No device protection; Rolling month-to-month contract; Manual payment method,NO_DEVICE_PROTECTION|MONTH_TO_MONTH|MANUAL_PAYMENT,OFF-CONTRACT-2Y:60|OFF-CONTRACT-1Y:40|OFF-AUTOPAY:-20,,recommended,3,0
7338-ERIVA,treatment,0.0623,below,4003.0,45.05,39,,,0.0,0.0,0.0,20.0,No device protection,NO_DEVICE_PROTECTION,,,no_action_needed,3,0
4751-ERMAN,treatment,0.0289,below,4171.0,75.4,72,,,0.0,0.0,0.0,20.0,No tech support add-on; No online security add-on,NO_TECH_SUPPORT|NO_ONLINE_SECURITY,OFF-TECHSUP-12:-51|OFF-SEC-12:-54|OFF-BUNDLE-ALL:-104,OFF-TECHSUP-12:R3_POSITIVE_EV|OFF-SEC-12:R3_POSITIVE_EV|OFF-BUNDLE-ALL:R3_POSITIVE_EV,no_action_needed,3,0
1436-ZMJAN,control,0.3074,above,2709.0,67.8,10,OFF-CONTRACT-2Y,2-year contract at 15% off,122.04,0.18,27.85,20.0,No tech support add-on; No online security add-on; Rolling month-to-month contract; Under 12 months tenure,NO_TECH_SUPPORT|NO_ONLINE_SECURITY|MONTH_TO_MONTH|NEW_CUSTOMER,OFF-CONTRACT-2Y:28|OFF-CONTRACT-1Y:19|OFF-TECHSUP-12:6|OFF-BUNDLE-ALL:-4|OFF-SEC-12:-19,,recommended,3,0
3292-PBZEJ,treatment,0.6834,above,3175.0,111.4,11,OFF-CONTRACT-2Y,2-year contract at 15% off,200.52,0.18,190.04,20.0,No online security add-on; Rolling month-to-month contract; Manual payment method; Under 12 months tenure; Premium fiber plan,NO_ONLINE_SECURITY|MONTH_TO_MONTH|MANUAL_PAYMENT|NEW_CUSTOMER|FIBER_PREMIUM,OFF-CONTRACT-2Y:190|OFF-CONTRACT-1Y:127|OFF-SEC-12:48|OFF-AUTOPAY:27,,recommended,3,0
5014-WUQMG,treatment,0.0109,below,5793.0,96.1,47,,,0.0,0.0,0.0,20.0,No tech support add-on; Manual payment method; Premium fiber plan,NO_TECH_SUPPORT|MANUAL_PAYMENT|FIBER_PREMIUM,OFF-TECHSUP-12:-55|OFF-AUTOPAY:-57,OFF-TECHSUP-12:R3_POSITIVE_EV|OFF-AUTOPAY:R3_POSITIVE_EV,no_action_needed,3,0
2720-FVBQP,treatment,0.312,above,3061.0,48.95,6,OFF-CONTRACT-2Y,2-year contract at 15% off,88.11,0.18,83.8,20.0,No tech support add-on; No online security add-on; No device protection; Rolling month-to-month contract; Under 12 months tenure,NO_TECH_SUPPORT|NO_ONLINE_SECURITY|NO_DEVICE_PROTECTION|MONTH_TO_MONTH|NEW_CUSTOMER,OFF-CONTRACT-2Y:84|OFF-CONTRACT-1Y:56|OFF-TECHSUP-12:16|OFF-BUNDLE-ALL:13|OFF-SEC-12:-12,,recommended,3,0
9906-NHHVC,treatment,0.0467,below,5693.0,53.5,65,,,0.0,0.0,0.0,20.0,No tech support add-on; No online security add-on,NO_TECH_SUPPORT|NO_ONLINE_SECURITY,OFF-TECHSUP-12:-39|OFF-SEC-12:-47|OFF-BUNDLE-ALL:-83,OFF-TECHSUP-12:R3_POSITIVE_EV|OFF-SEC-12:R3_POSITIVE_EV|OFF-BUNDLE-ALL:R2_MARGIN_FLOOR,no_action_needed,3,0
3766-EJLFL,treatment,0.0193,below,6391.0,109.05,68,,,0.0,0.0,0.0,20.0,Premium fiber plan,FIBER_PREMIUM,,,no_action_needed,3,0
6374-NTQLP,treatment,0.01,below,5092.0,104.1,72,,,0.0,0.0,0.0,20.0,Premium fiber plan,FIBER_PREMIUM,,,no_action_needed,3,0
2812-REYAT,treatment,0.0382,below,5579.0,20.05,49,,,0.0,0.0,0.0,20.0,Phone-only account,NO_INTERNET,,,no_action_needed,3,0
2439-LYPMQ,treatment,0.5993,above,5469.0,102.6,38,OFF-CONTRACT-2Y,2-year contract at 15% off,184.68,0.18,405.28,20.0,No tech support add-on; No online security add-on; Rolling month-to-month contract; Manual payment method; Premium fiber plan,NO_TECH_SUPPORT|NO_ONLINE_SECURITY|MONTH_TO_MONTH|MANUAL_PAYMENT|FIBER_PREMIUM,OFF-CONTRACT-2Y:405|OFF-BUNDLE-ALL:338|OFF-CONTRACT-1Y:270|OFF-TECHSUP-12:202|OFF-SEC-12:104|OFF-AUTOPAY:71,,recommended,3,0
2988-PLAHS,treatment,0.3548,above,2754.0,69.95,3,,,0.0,0.0,0.0,20.0,No tech support add-on; No online security add-on; Manual payment method; Under 12 months tenure,NO_TECH_SUPPORT|NO_ONLINE_SECURITY|MANUAL_PAYMENT|NEW_CUSTOMER,OFF-TECHSUP-12:18|OFF-BUNDLE-ALL:16|OFF-SEC-12:-11|OFF-AUTOPAY:-21,OFF-TECHSUP-12:R3_POSITIVE_EV|OFF-BUNDLE-ALL:R3_POSITIVE_EV|OFF-SEC-12:R3_POSITIVE_EV|OFF-AUTOPAY:R3_POSITIVE_EV,review_no_profitable_offer,3,0
7426-WEIJX,treatment,0.0279,below,6214.0,80.95,60,,,0.0,0.0,0.0,20.0,"No tech support add-on; No device protection; Rolling month-to-month contract; Manual payment method; High bill, few add-ons; Premium fiber plan",NO_TECH_SUPPORT|NO_DEVICE_PROTECTION|MONTH_TO_MONTH|MANUAL_PAYMENT|HIGH_CHARGE_LOW_BUNDLE|FIBER_PREMIUM,OFF-TECHSUP-12:-46|OFF-AUTOPAY:-53|OFF-CONTRACT-1Y:-76|OFF-CONTRACT-2Y:-114,OFF-TECHSUP-12:R3_POSITIVE_EV|OFF-AUTOPAY:R3_POSITIVE_EV|OFF-CONTRACT-1Y:R3_POSITIVE_EV|OFF-CONTRACT-2Y:R3_POSITIVE_EV,no_action_needed,3,0
6625-FLENO,treatment,0.0514,below,4927.0,20.75,58,,,0.0,0.0,0.0,20.0,Manual payment method; Phone-only account,MANUAL_PAYMENT|NO_INTERNET,OFF-AUTOPAY:-50,OFF-AUTOPAY:R2_MARGIN_FLOOR,no_action_needed,3,0
2967-MXRAV,treatment,0.0632,below,5160.0,18.8,1,,,0.0,0.0,0.0,20.0,Manual payment method; Under 12 months tenure; Phone-only account,MANUAL_PAYMENT|NEW_CUSTOMER|NO_INTERNET,OFF-AUTOPAY:-47,OFF-AUTOPAY:R2_MARGIN_FLOOR,no_action_needed,3,0
4735-BJKOU,treatment,0.01,below,3915.0,20.15,40,,,0.0,0.0,0.0,20.0,Manual payment method; Phone-only account,MANUAL_PAYMENT|NO_INTERNET,OFF-AUTOPAY:-58,OFF-AUTOPAY:R2_MARGIN_FLOOR,no_action_needed,3,0
7359-WWYJV,treatment,0.0293,below,6274.0,114.45,72,,,0.0,0.0,0.0,20.0,Premium fiber plan,FIBER_PREMIUM,,,no_action_needed,3,0
3795-GWTRD,treatment,0.0371,below,4626.0,75.55,63,,,0.0,0.0,0.0,20.0,,,,,no_action_needed,3,0
6223-DHJGV,treatment,0.0109,below,5956.0,20.65,42,,,0.0,0.0,0.0,20.0,Manual payment method; Phone-only account,MANUAL_PAYMENT|NO_INTERNET,OFF-AUTOPAY:-57,OFF-AUTOPAY:R2_MARGIN_FLOOR,no_action_needed,3,0
8158-WPEZG,treatment,0.3217,above,4986.0,35.65,11,OFF-CONTRACT-2Y,2-year contract at 15% off,64.17,0.18,224.55,20.0,No online security add-on; No device protection; Rolling month-to-month contract; Manual payment method; Under 12 months tenure,NO_ONLINE_SECURITY|NO_DEVICE_PROTECTION|MONTH_TO_MONTH|MANUAL_PAYMENT|NEW_CUSTOMER,OFF-CONTRACT-2Y:225|OFF-CONTRACT-1Y:150|OFF-SEC-12:20|OFF-AUTOPAY:4,,recommended,3,0
0727-BNRLG,treatment,0.0701,below,5709.0,97.65,69,,,0.0,0.0,0.0,20.0,No online security add-on; Premium fiber plan,NO_ONLINE_SECURITY|FIBER_PREMIUM,OFF-SEC-12:-40,OFF-SEC-12:R3_POSITIVE_EV,no_action_needed,3,0
7279-NMVJC,treatment,0.0873,below,2093.0,19.9,17,,,0.0,0.0,0.0,20.0,Phone-only account,NO_INTERNET,,,no_action_needed,3,0
5136-RGMZO,treatment,0.218,below,4443.0,71.05,31,OFF-CONTRACT-2Y,2-year contract at 15% off,127.89,0.18,46.45,20.0,No online security add-on; No device protection; Rolling month-to-month contract; Manual payment method,NO_ONLINE_SECURITY|NO_DEVICE_PROTECTION|MONTH_TO_MONTH|MANUAL_PAYMENT,OFF-CONTRACT-2Y:46|OFF-CONTRACT-1Y:31|OFF-SEC-12:-12|OFF-AUTOPAY:-21,,recommended,3,0
8345-MVDYC,treatment,0.0179,below,5937.0,81.65,45,,,0.0,0.0,0.0,20.0,,,,,no_action_needed,3,0
1015-OWJKI,treatment,0.1696,below,5279.0,19.05,1,OFF-CONTRACT-1Y,1-year contract at 10% off,22.86,0.12,84.58,20.0,Rolling month-to-month contract; Manual payment method; Under 12 months tenure; Phone-only account,MONTH_TO_MONTH|MANUAL_PAYMENT|NEW_CUSTOMER|NO_INTERNET,OFF-CONTRACT-1Y:85|OFF-AUTOPAY:-24,,recommended,3,0
8646-JCOMS,treatment,0.1365,below,4958.0,90.55,66,,,0.0,0.0,0.0,20.0,No online security add-on; Premium fiber plan,NO_ONLINE_SECURITY|FIBER_PREMIUM,OFF-SEC-12:-26,OFF-SEC-12:R3_POSITIVE_EV,no_action_needed,3,0
4137-JOPHL,control,0.0379,below,5306.0,89.7,50,,,0.0,0.0,0.0,20.0,No online security add-on; Premium fiber plan,NO_ONLINE_SECURITY|FIBER_PREMIUM,OFF-SEC-12:-50,OFF-SEC-12:R3_POSITIVE_EV,no_action_needed,3,0
0134-XWXCE,treatment,0.1414,below,3253.0,74.85,44,,,0.0,0.0,0.0,20.0,No online security add-on,NO_ONLINE_SECURITY,OFF-SEC-12:-37,OFF-SEC-12:R3_POSITIVE_EV,no_action_needed,3,0
2511-MORQY,treatment,0.124,below,4322.0,54.9,50,,,0.0,0.0,0.0,20.0,No tech support add-on; No online security add-on,NO_TECH_SUPPORT|NO_ONLINE_SECURITY,OFF-TECHSUP-12:-17|OFF-SEC-12:-33|OFF-BUNDLE-ALL:-45,OFF-TECHSUP-12:R3_POSITIVE_EV|OFF-SEC-12:R3_POSITIVE_EV|OFF-BUNDLE-ALL:R2_MARGIN_FLOOR,no_action_needed,3,0
8763-KIAFH,treatment,0.0195,below,2269.0,20.55,27,,,0.0,0.0,0.0,20.0,Manual payment method; Phone-only account,MANUAL_PAYMENT|NO_INTERNET,OFF-AUTOPAY:-58,OFF-AUTOPAY:R2_MARGIN_FLOOR,no_action_needed,3,0
3055-VTCGS,control,0.0514,below,6312.0,58.55,63,,,0.0,0.0,0.0,20.0,No tech support add-on; No online security add-on,NO_TECH_SUPPORT|NO_ONLINE_SECURITY,OFF-TECHSUP-12:-34|OFF-SEC-12:-44|OFF-BUNDLE-ALL:-75,OFF-TECHSUP-12:R3_POSITIVE_EV|OFF-SEC-12:R3_POSITIVE_EV|OFF-BUNDLE-ALL:R3_POSITIVE_EV,no_action_needed,3,0
5207-PLSTK,treatment,0.334,above,5068.0,48.75,1,OFF-CONTRACT-1Y,1-year contract at 10% off,58.5,0.12,144.63,20.0,No tech support add-on; No device protection; Rolling month-to-month contract; Manual payment method; Under 12 months tenure,NO_TECH_SUPPORT|NO_DEVICE_PROTECTION|MONTH_TO_MONTH|MANUAL_PAYMENT|NEW_CUSTOMER,OFF-CONTRACT-1Y:145|OFF-TECHSUP-12:75|OFF-AUTOPAY:8,,recommended,3,0
2307-FYNNL,treatment,0.2643,below,5692.0,109.05,65,,,0.0,0.0,0.0,20.0,Manual payment method; Premium fiber plan,MANUAL_PAYMENT|FIBER_PREMIUM,OFF-AUTOPAY:0,OFF-AUTOPAY:R3_POSITIVE_EV,no_action_needed,3,0
2155-AMQRX,treatment,0.1566,below,2885.0,54.9,28,,,0.0,0.0,0.0,20.0,No online security add-on; No device protection; Rolling month-to-month contract,NO_ONLINE_SECURITY|NO_DEVICE_PROTECTION|MONTH_TO_MONTH,OFF-CONTRACT-1Y:-12|OFF-CONTRACT-2Y:-18|OFF-SEC-12:-38,OFF-CONTRACT-1Y:R3_POSITIVE_EV|OFF-CONTRACT-2Y:R3_POSITIVE_EV|OFF-SEC-12:R3_POSITIVE_EV,no_action_needed,3,0
8623-ULFNQ,treatment,0.2115,below,3225.0,66.05,26,,,0.0,0.0,0.0,20.0,No online security add-on; No device protection; Rolling month-to-month contract; Manual payment method,NO_ONLINE_SECURITY|NO_DEVICE_PROTECTION|MONTH_TO_MONTH|MANUAL_PAYMENT,OFF-CONTRACT-2Y:4|OFF-CONTRACT-1Y:3|OFF-SEC-12:-26|OFF-AUTOPAY:-33,OFF-CONTRACT-2Y:R3_POSITIVE_EV|OFF-CONTRACT-1Y:R3_POSITIVE_EV|OFF-SEC-12:R3_POSITIVE_EV|OFF-AUTOPAY:R3_POSITIVE_EV,no_action_needed,3,0
8401-EMUWF,treatment,0.0406,below,4701.0,69.4,42,,,0.0,0.0,0.0,20.0,No tech support add-on; No device protection; Rolling month-to-month contract,NO_TECH_SUPPORT|NO_DEVICE_PROTECTION|MONTH_TO_MONTH,OFF-TECHSUP-12:-45|OFF-CONTRACT-1Y:-60|OFF-CONTRACT-2Y:-91,OFF-TECHSUP-12:R3_POSITIVE_EV|OFF-CONTRACT-1Y:R3_POSITIVE_EV|OFF-CONTRACT-2Y:R3_POSITIVE_EV,no_action_needed,3,0
3506-OVLKD,treatment,0.0799,below,4419.0,26.2,35,,,0.0,0.0,0.0,20.0,Phone-only account,NO_INTERNET,,,no_action_needed,3,0
2178-PMGCJ,treatment,0.3321,above,4838.0,69.7,22,OFF-CONTRACT-2Y,2-year contract at 15% off,125.46,0.18,163.75,20.0,No tech support add-on; No online security add-on; No device protection; Rolling month-to-month contract; Manual payment method; Premium fiber plan,NO_TECH_SUPPORT|NO_ONLINE_SECURITY|NO_DEVICE_PROTECTION|MONTH_TO_MONTH|MANUAL_PAYMENT|FIBER_PREMIUM,OFF-CONTRACT-2Y:164|OFF-CONTRACT-1Y:109|OFF-BUNDLE-ALL:104|OFF-TECHSUP-12:68|OFF-SEC-12:20|OFF-AUTOPAY:4,,recommended,3,0
7492-TAFJD,treatment,0.0715,below,3345.0,38.55,7,,,0.0,0.0,0.0,20.0,No tech support add-on; Manual payment method; Under 12 months tenure,NO_TECH_SUPPORT|MANUAL_PAYMENT|NEW_CUSTOMER,OFF-TECHSUP-12:-41|OFF-AUTOPAY:-50,OFF-TECHSUP-12:R3_POSITIVE_EV|OFF-AUTOPAY:R3_POSITIVE_EV,no_action_needed,3,0
1927-QEWMY,treatment,0.01,below,6302.0,20.5,72,,,0.0,0.0,0.0,20.0,Phone-only account,NO_INTERNET,,,no_action_needed,3,0
0794-YVSGE,treatment,0.01,below,5265.0,20.3,72,,,0.0,0.0,0.0,20.0,Phone-only account,NO_INTERNET,,,no_action_needed,3,0
3030-YDNRM,treatment,0.6409,above,5514.0,74.85,8,OFF-CONTRACT-2Y,2-year contract at 15% off,134.73,0.18,501.38,20.0,No tech support add-on; No online security add-on; No device protection; Rolling month-to-month contract; Manual payment method; Under 12 months tenure; Premium fiber plan,NO_TECH_SUPPORT|NO_ONLINE_SECURITY|NO_DEVICE_PROTECTION|MONTH_TO_MONTH|MANUAL_PAYMENT|NEW_CUSTOMER|FIBER_PREMIUM,OFF-CONTRACT-2Y:501|OFF-BUNDLE-ALL:374|OFF-CONTRACT-1Y:334|OFF-TECHSUP-12:222|OFF-SEC-12:117|OFF-AUTOPAY:81,,recommended,3,0
8058-DMYRU,treatment,0.3383,above,5232.0,90.05,54,OFF-CONTRACT-2Y,2-year contract at 15% off,162.09,0.18,156.51,20.0,"No tech support add-on; No online security add-on; No device protection; Rolling month-to-month contract; Manual payment method; High bill, few add-ons; Premium fiber plan",NO_TECH_SUPPORT|NO_ONLINE_SECURITY|NO_DEVICE_PROTECTION|MONTH_TO_MONTH|MANUAL_PAYMENT|HIGH_CHARGE_LOW_BUNDLE|FIBER_PREMIUM,OFF-CONTRACT-2Y:157|OFF-BUNDLE-ALL:127|OFF-CONTRACT-1Y:104|OFF-TECHSUP-12:81|OFF-SEC-12:28|OFF-AUTOPAY:11,,recommended,3,0
1265-HVPZB,treatment,0.0715,below,6432.0,66.4,59,,,0.0,0.0,0.0,20.0,No tech support add-on,NO_TECH_SUPPORT,OFF-TECHSUP-12:-24,OFF-TECHSUP-12:R3_POSITIVE_EV,no_action_needed,3,0
7369-TRPFD,treatment,0.01,below,2916.0,18.8,19,,,0.0,0.0,0.0,20.0,Manual payment method; Phone-only account,MANUAL_PAYMENT|NO_INTERNET,OFF-AUTOPAY:-59,OFF-AUTOPAY:R2_MARGIN_FLOOR,no_action_needed,3,0
5296-BFCYD,treatment,0.01,below,3392.0,20.1,46,,,0.0,0.0,0.0,20.0,Manual payment method; Phone-only account,MANUAL_PAYMENT|NO_INTERNET,OFF-AUTOPAY:-59,OFF-AUTOPAY:R2_MARGIN_FLOOR,no_action_needed,3,0
9637-CDTKZ,treatment,0.0102,below,4965.0,114.1,72,,,0.0,0.0,0.0,20.0,Premium fiber plan,FIBER_PREMIUM,,,no_action_needed,3,0
0463-WZZKO,treatment,0.1849,below,2406.0,20.75,3,OFF-CONTRACT-1Y,1-year contract at 10% off,24.9,0.12,28.48,20.0,Rolling month-to-month contract; Under 12 months tenure; Phone-only account,MONTH_TO_MONTH|NEW_CUSTOMER|NO_INTERNET,OFF-CONTRACT-1Y:28,,recommended,3,0
4524-QCSSM,control,0.2987,above,4512.0,44.65,26,OFF-CONTRACT-2Y,2-year contract at 15% off,80.37,0.18,162.22,20.0,No tech support add-on; No device protection; Rolling month-to-month contract,NO_TECH_SUPPORT|NO_DEVICE_PROTECTION|MONTH_TO_MONTH,OFF-CONTRACT-2Y:162|OFF-CONTRACT-1Y:108|OFF-TECHSUP-12:47,,recommended,3,0
3466-WAESX,treatment,0.2755,above,5172.0,69.1,16,OFF-CONTRACT-2Y,2-year contract at 15% off,124.38,0.18,132.1,20.0,No tech support add-on; No device protection; Rolling month-to-month contract; Manual payment method,NO_TECH_SUPPORT|NO_DEVICE_PROTECTION|MONTH_TO_MONTH|MANUAL_PAYMENT,OFF-CONTRACT-2Y:132|OFF-CONTRACT-1Y:88|OFF-TECHSUP-12:54|OFF-AUTOPAY:-3,,recommended,3,0
3750-YHRYO,treatment,0.0614,below,2874.0,20.65,7,,,0.0,0.0,0.0,20.0,Manual payment method; Under 12 months tenure; Phone-only account,MANUAL_PAYMENT|NEW_CUSTOMER|NO_INTERNET,OFF-AUTOPAY:-53,OFF-AUTOPAY:R2_MARGIN_FLOOR,no_action_needed,3,0
0019-EFAEP,treatment,0.01,below,5513.0,101.3,72,,,0.0,0.0,0.0,20.0,No tech support add-on; Premium fiber plan,NO_TECH_SUPPORT|FIBER_PREMIUM,OFF-TECHSUP-12:-56,OFF-TECHSUP-12:R3_POSITIVE_EV,no_action_needed,3,0
4703-MQYKT,treatment,0.0134,below,4562.0,19.6,21,,,0.0,0.0,0.0,20.0,Manual payment method; Phone-only account,MANUAL_PAYMENT|NO_INTERNET,OFF-AUTOPAY:-58,OFF-AUTOPAY:R2_MARGIN_FLOOR,no_action_needed,3,0
3365-SAIGS,treatment,0.4804,above,5564.0,83.55,17,OFF-CONTRACT-2Y,2-year contract at 15% off,150.39,0.18,330.74,20.0,"No tech support add-on; No online security add-on; No device protection; Rolling month-to-month contract; Manual payment method; High bill, few add-ons; Premium fiber plan",NO_TECH_SUPPORT|NO_ONLINE_SECURITY|NO_DEVICE_PROTECTION|MONTH_TO_MONTH|MANUAL_PAYMENT|HIGH_CHARGE_LOW_BUNDLE|FIBER_PREMIUM,OFF-CONTRACT-2Y:331|OFF-BUNDLE-ALL:254|OFF-CONTRACT-1Y:220|OFF-TECHSUP-12:153|OFF-SEC-12:73|OFF-AUTOPAY:47,,recommended,3,0
1492-QGCLU,treatment,0.0495,below,5957.0,85.7,53,,,0.0,0.0,0.0,20.0,Rolling month-to-month contract; Manual payment method,MONTH_TO_MONTH|MANUAL_PAYMENT,OFF-AUTOPAY:-48|OFF-CONTRACT-1Y:-67|OFF-CONTRACT-2Y:-101,OFF-AUTOPAY:R3_POSITIVE_EV|OFF-CONTRACT-1Y:R3_POSITIVE_EV|OFF-CONTRACT-2Y:R3_POSITIVE_EV,no_action_needed,3,0
5155-AZQPB,treatment,0.0485,below,5250.0,49.9,28,,,0.0,0.0,0.0,20.0,No tech support add-on; No online security add-on; No device protection; Rolling month-to-month contract; Manual payment method,NO_TECH_SUPPORT|NO_ONLINE_SECURITY|NO_DEVICE_PROTECTION|MONTH_TO_MONTH|MANUAL_PAYMENT,OFF-CONTRACT-1Y:-29|OFF-TECHSUP-12:-40|OFF-CONTRACT-2Y:-44|OFF-SEC-12:-47|OFF-AUTOPAY:-50|OFF-BUNDLE-ALL:-85,OFF-CONTRACT-1Y:R3_POSITIVE_EV|OFF-TECHSUP-12:R3_POSITIVE_EV|OFF-CONTRACT-2Y:R3_POSITIVE_EV|OFF-SEC-12:R3_POSITIVE_EV|OFF-AUTOPAY:R3_POSITIVE_EV|OFF-BUNDLE-ALL:R2_MARGIN_FLOOR,no_action_needed,3,0
0181-RITDD,treatment,0.01,below,5298.0,108.15,62,,,0.0,0.0,0.0,20.0,Manual payment method; Premium fiber plan,MANUAL_PAYMENT|FIBER_PREMIUM,OFF-AUTOPAY:-58,OFF-AUTOPAY:R3_POSITIVE_EV,no_action_needed,3,0
9720-JJJOR,control,0.1955,below,4565.0,60.3,41,,,0.0,0.0,0.0,20.0,No tech support add-on,NO_TECH_SUPPORT,OFF-TECHSUP-12:11,OFF-TECHSUP-12:R3_POSITIVE_EV,no_action_needed,3,0
8775-ERLNB,treatment,0.7773,above,2968.0,74.3,1,OFF-BUNDLE-ALL,"Tech Support + Online Security bundle, 12 months",120.51,0.14,202.47,20.0,No tech support add-on; No online security add-on; No device protection; Rolling month-to-month contract; Manual payment method; Under 12 months tenure; Premium fiber plan,NO_TECH_SUPPORT|NO_ONLINE_SECURITY|NO_DEVICE_PROTECTION|MONTH_TO_MONTH|MANUAL_PAYMENT|NEW_CUSTOMER|FIBER_PREMIUM,OFF-BUNDLE-ALL:202|OFF-CONTRACT-1Y:188|OFF-TECHSUP-12:124|OFF-SEC-12:55|OFF-AUTOPAY:32,,recommended,3,0
6557-BZXLQ,treatment,0.4982,above,5610.0,69.65,16,OFF-CONTRACT-2Y,2-year contract at 15% off,125.37,0.18,377.71,20.0,No tech support add-on; No online security add-on; No device protection; Rolling month-to-month contract; Manual payment method; Premium fiber plan,NO_TECH_SUPPORT|NO_ONLINE_SECURITY|NO_DEVICE_PROTECTION|MONTH_TO_MONTH|MANUAL_PAYMENT|FIBER_PREMIUM,OFF-CONTRACT-2Y:378|OFF-BUNDLE-ALL:271|OFF-CONTRACT-1Y:252|OFF-TECHSUP-12:163|OFF-SEC-12:80|OFF-AUTOPAY:52,,recommended,3,0
7061-OVMIM,treatment,0.1055,below,5203.0,19.55,30,,,0.0,0.0,0.0,20.0,Phone-only account,NO_INTERNET,,,no_action_needed,3,0
5804-HYIEZ,treatment,0.089,below,4583.0,106.05,70,,,0.0,0.0,0.0,20.0,No tech support add-on; No device protection; Rolling month-to-month contract; Manual payment method; Premium fiber plan,NO_TECH_SUPPORT|NO_DEVICE_PROTECTION|MONTH_TO_MONTH|MANUAL_PAYMENT|FIBER_PREMIUM,OFF-TECHSUP-12:-28|OFF-AUTOPAY:-44|OFF-CONTRACT-1Y:-78|OFF-CONTRACT-2Y:-117,OFF-TECHSUP-12:R3_POSITIVE_EV|OFF-AUTOPAY:R3_POSITIVE_EV|OFF-CONTRACT-1Y:R3_POSITIVE_EV|OFF-CONTRACT-2Y:R3_POSITIVE_EV,no_action_needed,3,0
9919-FZDED,treatment,0.0102,below,4671.0,84.1,72,,,0.0,0.0,0.0,20.0,No tech support add-on,NO_TECH_SUPPORT,OFF-TECHSUP-12:-57,OFF-TECHSUP-12:R3_POSITIVE_EV,no_action_needed,3,0
5934-TSSAU,treatment,0.0751,below,5903.0,75.3,23,,,0.0,0.0,0.0,20.0,No tech support add-on; No online security add-on; Rolling month-to-month contract; Premium fiber plan,NO_TECH_SUPPORT|NO_ONLINE_SECURITY|MONTH_TO_MONTH|FIBER_PREMIUM,OFF-TECHSUP-12:-25|OFF-CONTRACT-1Y:-37|OFF-SEC-12:-38|OFF-CONTRACT-2Y:-56|OFF-BUNDLE-ALL:-58,OFF-TECHSUP-12:R3_POSITIVE_EV|OFF-CONTRACT-1Y:R3_POSITIVE_EV|OFF-SEC-12:R3_POSITIVE_EV|OFF-CONTRACT-2Y:R3_POSITIVE_EV|OFF-BUNDLE-ALL:R3_POSITIVE_EV,no_action_needed,3,0
6784-XYJAE,treatment,0.0879,below,4770.0,55.8,36,,,0.0,0.0,0.0,20.0,No tech support add-on; No online security add-on; Manual payment method,NO_TECH_SUPPORT|NO_ONLINE_SECURITY|MANUAL_PAYMENT,OFF-TECHSUP-12:-27|OFF-SEC-12:-39|OFF-AUTOPAY:-43|OFF-BUNDLE-ALL:-62,OFF-TECHSUP-12:R3_POSITIVE_EV|OFF-SEC-12:R3_POSITIVE_EV|OFF-AUTOPAY:R3_POSITIVE_EV|OFF-BUNDLE-ALL:R3_POSITIVE_EV,no_action_needed,3,0
2190-BCXEC,treatment,0.435,above,5257.0,78.85,40,OFF-CONTRACT-2Y,2-year contract at 15% off,141.93,0.18,269.69,20.0,No online security add-on; No device protection; Rolling month-to-month contract; Premium fiber plan,NO_ONLINE_SECURITY|NO_DEVICE_PROTECTION|MONTH_TO_MONTH|FIBER_PREMIUM,OFF-CONTRACT-2Y:270|OFF-CONTRACT-1Y:180|OFF-SEC-12:54,,recommended,3,0
2911-WDXMV,treatment,0.1469,below,5334.0,80.55,18,,,0.0,0.0,0.0,20.0,"No tech support add-on; No online security add-on; Rolling month-to-month contract; High bill, few add-ons; Premium fiber plan",NO_TECH_SUPPORT|NO_ONLINE_SECURITY|MONTH_TO_MONTH|HIGH_CHARGE_LOW_BUNDLE|FIBER_PREMIUM,OFF-TECHSUP-12:2|OFF-CONTRACT-1Y:-3|OFF-CONTRACT-2Y:-4|OFF-BUNDLE-ALL:-11|OFF-SEC-12:-21,OFF-TECHSUP-12:R3_POSITIVE_EV|OFF-CONTRACT-1Y:R3_POSITIVE_EV|OFF-CONTRACT-2Y:R3_POSITIVE_EV|OFF-BUNDLE-ALL:R3_POSITIVE_EV|OFF-SEC-12:R3_POSITIVE_EV,no_action_needed,3,0
9779-DPNEJ,treatment,0.093,below,4732.0,80.15,22,,,0.0,0.0,0.0,20.0,"No tech support add-on; No online security add-on; No device protection; Rolling month-to-month contract; Manual payment method; High bill, few add-ons; Premium fiber plan",NO_TECH_SUPPORT|NO_ONLINE_SECURITY|NO_DEVICE_PROTECTION|MONTH_TO_MONTH|MANUAL_PAYMENT|HIGH_CHARGE_LOW_BUNDLE|FIBER_PREMIUM,OFF-TECHSUP-12:-25|OFF-SEC-12:-38|OFF-AUTOPAY:-42|OFF-CONTRACT-1Y:-43|OFF-BUNDLE-ALL:-59|OFF-CONTRACT-2Y:-65,OFF-TECHSUP-12:R3_POSITIVE_EV|OFF-SEC-12:R3_POSITIVE_EV|OFF-AUTOPAY:R3_POSITIVE_EV|OFF-CONTRACT-1Y:R3_POSITIVE_EV|OFF-BUNDLE-ALL:R3_POSITIVE_EV|OFF-CONTRACT-2Y:R3_POSITIVE_EV,no_action_needed,3,0
1379-FRVEB,treatment,0.3762,above,4602.0,91.0,15,OFF-CONTRACT-2Y,2-year contract at 15% off,163.8,0.18,147.83,20.0,"No tech support add-on; No online security add-on; No device protection; Rolling month-to-month contract; Manual payment method; High bill, few add-ons; Premium fiber plan",NO_TECH_SUPPORT|NO_ONLINE_SECURITY|NO_DEVICE_PROTECTION|MONTH_TO_MONTH|MANUAL_PAYMENT|HIGH_CHARGE_LOW_BUNDLE|FIBER_PREMIUM,OFF-CONTRACT-2Y:148|OFF-BUNDLE-ALL:122|OFF-CONTRACT-1Y:99|OFF-TECHSUP-12:78|OFF-SEC-12:26|OFF-AUTOPAY:9,,recommended,3,0
6288-CHQJB,treatment,0.0378,below,5077.0,69.95,54,,,0.0,0.0,0.0,20.0,,,,,no_action_needed,3,0
8160-HOWOX,treatment,0.4273,above,4858.0,66.85,7,OFF-CONTRACT-2Y,2-year contract at 15% off,120.33,0.18,253.32,20.0,No tech support add-on; No online security add-on; No device protection; Rolling month-to-month contract; Manual payment method; Under 12 months tenure,NO_TECH_SUPPORT|NO_ONLINE_SECURITY|NO_DEVICE_PROTECTION|MONTH_TO_MONTH|MANUAL_PAYMENT|NEW_CUSTOMER,OFF-CONTRACT-2Y:253|OFF-BUNDLE-ALL:170|OFF-CONTRACT-1Y:169|OFF-TECHSUP-12:106|OFF-SEC-12:44|OFF-AUTOPAY:23,,recommended,3,0
4223-BKEOR,control,0.0811,below,3302.0,64.85,21,,,0.0,0.0,0.0,20.0,No tech support add-on; Manual payment method,NO_TECH_SUPPORT|MANUAL_PAYMENT,OFF-TECHSUP-12:-39|OFF-AUTOPAY:-49,OFF-TECHSUP-12:R3_POSITIVE_EV|OFF-AUTOPAY:R3_POSITIVE_EV,no_action_needed,3,0
4079-VTGLK,treatment,0.1286,below,5610.0,74.85,30,,,0.0,0.0,0.0,20.0,No tech support add-on; No online security add-on; Manual payment method,NO_TECH_SUPPORT|NO_ONLINE_SECURITY|MANUAL_PAYMENT,OFF-TECHSUP-12:-3|OFF-BUNDLE-ALL:-20|OFF-SEC-12:-24|OFF-AUTOPAY:-31,OFF-TECHSUP-12:R3_POSITIVE_EV|OFF-BUNDLE-ALL:R3_POSITIVE_EV|OFF-SEC-12:R3_POSITIVE_EV|OFF-AUTOPAY:R3_POSITIVE_EV,no_action_needed,3,0
5628-FCGYG,treatment,0.5682,above,4649.0,84.1,21,OFF-CONTRACT-2Y,2-year contract at 15% off,151.38,0.18,324.1,20.0,"No tech support add-on; No online security add-on; No device protection; Rolling month-to-month contract; Manual payment method; High bill, few add-ons; Premium fiber plan",NO_TECH_SUPPORT|NO_ONLINE_SECURITY|NO_DEVICE_PROTECTION|MONTH_TO_MONTH|MANUAL_PAYMENT|HIGH_CHARGE_LOW_BUNDLE|FIBER_PREMIUM,OFF-CONTRACT-2Y:324|OFF-BUNDLE-ALL:249|OFF-CONTRACT-1Y:216|OFF-TECHSUP-12:151|OFF-SEC-12:72|OFF-AUTOPAY:46,,recommended,3,0
4335-UPJSI,treatment,0.01,below,2639.0,19.75,24,,,0.0,0.0,0.0,20.0,Manual payment method; Phone-only account,MANUAL_PAYMENT|NO_INTERNET,OFF-AUTOPAY:-59,OFF-AUTOPAY:R2_MARGIN_FLOOR,no_action_needed,3,0
1895-QTKDO,treatment,0.4078,above,5684.0,43.95,1,OFF-CONTRACT-1Y,1-year contract at 10% off,52.74,0.12,225.41,20.0,No tech support add-on; No online security add-on; No device protection; Rolling month-to-month contract; Under 12 months tenure,NO_TECH_SUPPORT|NO_ONLINE_SECURITY|NO_DEVICE_PROTECTION|MONTH_TO_MONTH|NEW_CUSTOMER,OFF-CONTRACT-1Y:225|OFF-BUNDLE-ALL:204|OFF-TECHSUP-12:125|OFF-SEC-12:56,,recommended,3,0
7311-MQJCH,treatment,0.0579,below,2575.0,19.55,5,,,0.0,0.0,0.0,20.0,Manual payment method; Under 12 months tenure; Phone-only account,MANUAL_PAYMENT|NEW_CUSTOMER|NO_INTERNET,OFF-AUTOPAY:-54,OFF-AUTOPAY:R2_MARGIN_FLOOR,no_action_needed,3,0
7375-WMVMT,treatment,0.0179,below,6412.0,95.5,71,,,0.0,0.0,0.0,20.0,No online security add-on; Premium fiber plan,NO_ONLINE_SECURITY|FIBER_PREMIUM,OFF-SEC-12:-54,OFF-SEC-12:R3_POSITIVE_EV,no_action_needed,3,0
1136-XGEQU,treatment,0.1905,below,4625.0,84.15,50,,,0.0,0.0,0.0,20.0,No online security add-on,NO_ONLINE_SECURITY,OFF-SEC-12:-16,OFF-SEC-12:R3_POSITIVE_EV,no_action_needed,3,0
8532-UEFWH,treatment,0.01,below,4676.0,25.75,52,,,0.0,0.0,0.0,20.0,Manual payment method; Phone-only account,MANUAL_PAYMENT|NO_INTERNET,OFF-AUTOPAY:-58,OFF-AUTOPAY:R2_MARGIN_FLOOR,no_action_needed,3,0
7036-TYDEC,treatment,0.2912,above,5902.0,104.0,69,OFF-SEC-12,Online Security bundled free for 12 months,60.16,0.05,25.77,20.0,No online security add-on; Manual payment method; Premium fiber plan,NO_ONLINE_SECURITY|MANUAL_PAYMENT|FIBER_PREMIUM,OFF-SEC-12:26|OFF-AUTOPAY:9,,recommended,3,0
0839-JTCUD,treatment,0.0598,below,4082.0,89.9,66,,,0.0,0.0,0.0,20.0,,,,,no_action_needed,3,0
1302-UHBDD,treatment,0.4108,above,4812.0,89.95,20,OFF-CONTRACT-2Y,2-year contract at 15% off,161.91,0.18,193.91,20.0,"No tech support add-on; No online security add-on; No device protection; Rolling month-to-month contract; Manual payment method; High bill, few add-ons; Premium fiber plan",NO_TECH_SUPPORT|NO_ONLINE_SECURITY|NO_DEVICE_PROTECTION|MONTH_TO_MONTH|MANUAL_PAYMENT|HIGH_CHARGE_LOW_BUNDLE|FIBER_PREMIUM,OFF-CONTRACT-2Y:194|OFF-BUNDLE-ALL:156|OFF-CONTRACT-1Y:129|OFF-TECHSUP-12:98|OFF-SEC-12:39|OFF-AUTOPAY:19,,recommended,3,0
8619-IJNDK,treatment,0.024,below,4374.0,64.05,71,,,0.0,0.0,0.0,20.0,,,,,no_action_needed,3,0
8378-LKJAF,treatment,0.0673,below,3738.0,101.15,38,,,0.0,0.0,0.0,20.0,No tech support add-on; No online security add-on; Rolling month-to-month contract; Premium fiber plan,NO_TECH_SUPPORT|NO_ONLINE_SECURITY|MONTH_TO_MONTH|FIBER_PREMIUM,OFF-TECHSUP-12:-40|OFF-SEC-12:-48|OFF-BUNDLE-ALL:-85|OFF-CONTRACT-1Y:-91|OFF-CONTRACT-2Y:-137,OFF-TECHSUP-12:R3_POSITIVE_EV|OFF-SEC-12:R3_POSITIVE_EV|OFF-BUNDLE-ALL:R3_POSITIVE_EV|OFF-CONTRACT-1Y:R3_POSITIVE_EV|OFF-CONTRACT-2Y:R3_POSITIVE_EV,no_action_needed,3,0
0788-DXBFY,treatment,0.2115,below,4801.0,19.55,58,,,0.0,0.0,0.0,20.0,Manual payment method; Phone-only account,MANUAL_PAYMENT|NO_INTERNET,OFF-AUTOPAY:-19,OFF-AUTOPAY:R2_MARGIN_FLOOR,no_action_needed,3,0
4500-HKANN,treatment,0.0613,below,3464.0,59.7,23,,,0.0,0.0,0.0,20.0,No online security add-on; No device protection; Manual payment method,NO_ONLINE_SECURITY|NO_DEVICE_PROTECTION|MANUAL_PAYMENT,OFF-SEC-12:-50|OFF-AUTOPAY:-52,OFF-SEC-12:R3_POSITIVE_EV|OFF-AUTOPAY:R3_POSITIVE_EV,no_action_needed,3,0
9917-KWRBE,treatment,0.1955,below,2894.0,78.35,41,,,0.0,0.0,0.0,20.0,No tech support add-on,NO_TECH_SUPPORT,OFF-TECHSUP-12:-15,OFF-TECHSUP-12:R3_POSITIVE_EV,no_action_needed,3,0
2212-LYASK,treatment,0.2158,below,2068.0,45.85,27,,,0.0,0.0,0.0,20.0,No tech support add-on; No online security add-on,NO_TECH_SUPPORT|NO_ONLINE_SECURITY,OFF-TECHSUP-12:-25|OFF-SEC-12:-38|OFF-BUNDLE-ALL:-58,OFF-TECHSUP-12:R3_POSITIVE_EV|OFF-SEC-12:R3_POSITIVE_EV|OFF-BUNDLE-ALL:R2_MARGIN_FLOOR,no_action_needed,3,0
7322-OCWHC,control,0.01,below,4988.0,93.05,72,,,0.0,0.0,0.0,20.0,Premium fiber plan,FIBER_PREMIUM,,,no_action_needed,3,0
9537-VHDTA,treatment,0.345,above,3699.0,51.2,1,OFF-CONTRACT-1Y,1-year contract at 10% off,61.44,0.12,91.7,20.0,No tech support add-on; No device protection; Rolling month-to-month contract; Manual payment method; Under 12 months tenure,NO_TECH_SUPPORT|NO_DEVICE_PROTECTION|MONTH_TO_MONTH|MANUAL_PAYMENT|NEW_CUSTOMER,OFF-CONTRACT-1Y:92|OFF-TECHSUP-12:42|OFF-AUTOPAY:-9,,recommended,3,0
9030-QGZNL,treatment,0.0298,below,4249.0,20.85,8,,,0.0,0.0,0.0,20.0,Manual payment method; Under 12 months tenure; Phone-only account,MANUAL_PAYMENT|NEW_CUSTOMER|NO_INTERNET,OFF-AUTOPAY:-55,OFF-AUTOPAY:R2_MARGIN_FLOOR,no_action_needed,3,0
7205-BAIAD,treatment,0.01,below,3091.0,20.6,40,,,0.0,0.0,0.0,20.0,Phone-only account,NO_INTERNET,,,no_action_needed,3,0
0015-UOCOJ,treatment,0.3822,above,5525.0,48.2,7,OFF-CONTRACT-2Y,2-year contract at 15% off,86.76,0.18,293.34,20.0,No tech support add-on; No device protection; Rolling month-to-month contract; Manual payment method; Under 12 months tenure,NO_TECH_SUPPORT|NO_DEVICE_PROTECTION|MONTH_TO_MONTH|MANUAL_PAYMENT|NEW_CUSTOMER,OFF-CONTRACT-2Y:293|OFF-CONTRACT-1Y:196|OFF-TECHSUP-12:109|OFF-AUTOPAY:24,,recommended,3,0
5334-AFQJB,treatment,0.01,below,5751.0,25.1,72,,,0.0,0.0,0.0,20.0,Phone-only account,NO_INTERNET,,,no_action_needed,3,0
2754-SDJRD,treatment,0.9227,above,5157.0,100.15,8,OFF-CONTRACT-2Y,2-year contract at 15% off,180.27,0.18,676.24,20.0,No online security add-on; No device protection; Rolling month-to-month contract; Under 12 months tenure; Premium fiber plan,NO_ONLINE_SECURITY|NO_DEVICE_PROTECTION|MONTH_TO_MONTH|NEW_CUSTOMER|FIBER_PREMIUM,OFF-CONTRACT-2Y:676|OFF-CONTRACT-1Y:451|OFF-SEC-12:178,,recommended,3,0
1465-LNTLJ,treatment,0.1955,below,4537.0,64.4,8,OFF-CONTRACT-2Y,2-year contract at 15% off,115.92,0.18,43.74,20.0,No online security add-on; Rolling month-to-month contract; Under 12 months tenure,NO_ONLINE_SECURITY|MONTH_TO_MONTH|NEW_CUSTOMER,OFF-CONTRACT-2Y:44|OFF-CONTRACT-1Y:29|OFF-SEC-12:-16,,recommended,3,0
7401-JIXNM,treatment,0.0463,below,5907.0,91.3,54,,,0.0,0.0,0.0,20.0,,,,,no_action_needed,3,0
9339-FIIJL,treatment,0.01,below,6450.0,85.95,72,,,0.0,0.0,0.0,20.0,No online security add-on,NO_ONLINE_SECURITY,OFF-SEC-12:-57,OFF-SEC-12:R3_POSITIVE_EV,no_action_needed,3,0
4706-DGAHW,treatment,0.6022,above,4576.0,45.2,1,OFF-CONTRACT-1Y,1-year contract at 10% off,54.24,0.12,276.44,20.0,No tech support add-on; No online security add-on; No device protection; Rolling month-to-month contract; Manual payment method; Under 12 months tenure,NO_TECH_SUPPORT|NO_ONLINE_SECURITY|NO_DEVICE_PROTECTION|MONTH_TO_MONTH|MANUAL_PAYMENT|NEW_CUSTOMER,OFF-CONTRACT-1Y:276|OFF-BUNDLE-ALL:265|OFF-TECHSUP-12:160|OFF-SEC-12:78|OFF-AUTOPAY:50,,recommended,3,0
4947-DSMXK,treatment,0.0564,below,5789.0,97.7,34,,,0.0,0.0,0.0,20.0,No tech support add-on; No online security add-on; No device protection; Rolling month-to-month contract; Premium fiber plan,NO_TECH_SUPPORT|NO_ONLINE_SECURITY|NO_DEVICE_PROTECTION|MONTH_TO_MONTH|FIBER_PREMIUM,OFF-TECHSUP-12:-34|OFF-SEC-12:-44|OFF-BUNDLE-ALL:-75|OFF-CONTRACT-1Y:-78|OFF-CONTRACT-2Y:-117,OFF-TECHSUP-12:R3_POSITIVE_EV|OFF-SEC-12:R3_POSITIVE_EV|OFF-BUNDLE-ALL:R3_POSITIVE_EV|OFF-CONTRACT-1Y:R3_POSITIVE_EV|OFF-CONTRACT-2Y:R3_POSITIVE_EV,no_action_needed,3,0
3324-OIRTO,treatment,0.01,below,6101.0,104.65,71,,,0.0,0.0,0.0,20.0,No tech support add-on; Premium fiber plan,NO_TECH_SUPPORT|FIBER_PREMIUM,OFF-TECHSUP-12:-55,OFF-TECHSUP-12:R3_POSITIVE_EV,no_action_needed,3,0
7928-VJYAB,treatment,0.1497,below,2004.0,90.6,11,,,0.0,0.0,0.0,20.0,"No tech support add-on; No online security add-on; No device protection; Rolling month-to-month contract; Manual payment method; High bill, few add-ons; Under 12 months tenure; Premium fiber plan",NO_TECH_SUPPORT|NO_ONLINE_SECURITY|NO_DEVICE_PROTECTION|MONTH_TO_MONTH|MANUAL_PAYMENT|HIGH_CHARGE_LOW_BUNDLE|NEW_CUSTOMER|FIBER_PREMIUM,OFF-TECHSUP-12:-36|OFF-SEC-12:-45|OFF-AUTOPAY:-48|OFF-CONTRACT-1Y:-73|OFF-BUNDLE-ALL:-79|OFF-CONTRACT-2Y:-109,OFF-TECHSUP-12:R3_POSITIVE_EV|OFF-SEC-12:R3_POSITIVE_EV|OFF-AUTOPAY:R3_POSITIVE_EV|OFF-CONTRACT-1Y:R3_POSITIVE_EV|OFF-BUNDLE-ALL:R3_POSITIVE_EV|OFF-CONTRACT-2Y:R3_POSITIVE_EV,no_action_needed,3,0
2972-YDYUW,treatment,0.1301,below,4507.0,94.7,57,,,0.0,0.0,0.0,20.0,No online security add-on; No device protection; Manual payment method; Premium fiber plan,NO_ONLINE_SECURITY|NO_DEVICE_PROTECTION|MANUAL_PAYMENT|FIBER_PREMIUM,OFF-SEC-12:-31|OFF-AUTOPAY:-37,OFF-SEC-12:R3_POSITIVE_EV|OFF-AUTOPAY:R3_POSITIVE_EV,no_action_needed,3,0
4981-FLTMF,treatment,0.0179,below,4491.0,65.2,57,,,0.0,0.0,0.0,20.0,No device protection; Rolling month-to-month contract,NO_DEVICE_PROTECTION|MONTH_TO_MONTH,OFF-CONTRACT-1Y:-69|OFF-CONTRACT-2Y:-103,OFF-CONTRACT-1Y:R3_POSITIVE_EV|OFF-CONTRACT-2Y:R3_POSITIVE_EV,no_action_needed,3,0
4277-BWBML,control,0.01,below,5092.0,19.95,72,,,0.0,0.0,0.0,20.0,Phone-only account,NO_INTERNET,,,no_action_needed,3,0
4304-TSPVK,treatment,0.1487,below,5782.0,114.9,68,,,0.0,0.0,0.0,20.0,Premium fiber plan,FIBER_PREMIUM,,,no_action_needed,3,0
8739-XNIKG,treatment,0.8433,above,4456.0,84.0,5,OFF-BUNDLE-ALL,"Tech Support + Online Security bundle, 12 months",120.51,0.14,405.57,20.0,"No tech support add-on; No online security add-on; No device protection; Rolling month-to-month contract; Manual payment method; High bill, few add-ons; Under 12 months tenure; Premium fiber plan",NO_TECH_SUPPORT|NO_ONLINE_SECURITY|NO_DEVICE_PROTECTION|MONTH_TO_MONTH|MANUAL_PAYMENT|HIGH_CHARGE_LOW_BUNDLE|NEW_CUSTOMER|FIBER_PREMIUM,OFF-BUNDLE-ALL:406|OFF-CONTRACT-1Y:350|OFF-TECHSUP-12:240|OFF-SEC-12:128|OFF-AUTOPAY:90,,recommended,3,0
9755-JHNMN,treatment,0.0378,below,5075.0,67.4,49,,,0.0,0.0,0.0,20.0,,,,,no_action_needed,3,0
5498-IBWPI,treatment,0.01,below,5232.0,49.4,66,,,0.0,0.0,0.0,20.0,No online security add-on; No device protection,NO_ONLINE_SECURITY|NO_DEVICE_PROTECTION,OFF-SEC-12:-58,OFF-SEC-12:R3_POSITIVE_EV,no_action_needed,3,0
9308-ANMVE,treatment,0.1441,below,5491.0,55.3,47,OFF-CONTRACT-2Y,2-year contract at 15% off,99.54,0.18,42.89,20.0,No tech support add-on; No device protection; Rolling month-to-month contract; Manual payment method,NO_TECH_SUPPORT|NO_DEVICE_PROTECTION|MONTH_TO_MONTH|MANUAL_PAYMENT,OFF-CONTRACT-2Y:43|OFF-CONTRACT-1Y:29|OFF-TECHSUP-12:3|OFF-AUTOPAY:-28,,recommended,3,0
7649-PHJVR,treatment,0.028,below,5825.0,19.5,11,,,0.0,0.0,0.0,20.0,Manual payment method; Under 12 months tenure; Phone-only account,MANUAL_PAYMENT|NEW_CUSTOMER|NO_INTERNET,OFF-AUTOPAY:-53,OFF-AUTOPAY:R2_MARGIN_FLOOR,no_action_needed,3,0
3787-TRIAL,control,0.2058,below,4302.0,26.05,21,OFF-CONTRACT-2Y,2-year contract at 15% off,46.89,0.18,112.47,20.0,No tech support add-on; No online security add-on; No device protection; Rolling month-to-month contract; Manual payment method,NO_TECH_SUPPORT|NO_ONLINE_SECURITY|NO_DEVICE_PROTECTION|MONTH_TO_MONTH|MANUAL_PAYMENT,OFF-CONTRACT-2Y:112|OFF-CONTRACT-1Y:75|OFF-TECHSUP-12:10|OFF-BUNDLE-ALL:3|OFF-SEC-12:-16|OFF-AUTOPAY:-25,,recommended,3,0
3893-JRNFS,treatment,0.1654,below,6270.0,39.9,68,OFF-CONTRACT-2Y,2-year contract at 15% off,71.82,0.18,114.85,20.0,No tech support add-on; No online security add-on; Rolling month-to-month contract,NO_TECH_SUPPORT|NO_ONLINE_SECURITY|MONTH_TO_MONTH,OFF-CONTRACT-2Y:115|OFF-CONTRACT-1Y:77|OFF-BUNDLE-ALL:25|OFF-TECHSUP-12:23|OFF-SEC-12:-8,,recommended,3,0
1133-KXCGE,treatment,0.0442,below,2910.0,20.1,18,,,0.0,0.0,0.0,20.0,Manual payment method; Phone-only account,MANUAL_PAYMENT|NO_INTERNET,OFF-AUTOPAY:-55,OFF-AUTOPAY:R2_MARGIN_FLOOR,no_action_needed,3,0
9481-SFCQY,treatment,0.1726,below,5962.0,59.8,14,OFF-CONTRACT-2Y,2-year contract at 15% off,107.64,0.18,77.59,20.0,No tech support add-on; No online security add-on; Rolling month-to-month contract,NO_TECH_SUPPORT|NO_ONLINE_SECURITY|MONTH_TO_MONTH,OFF-CONTRACT-2Y:78|OFF-CONTRACT-1Y:52|OFF-BUNDLE-ALL:24|OFF-TECHSUP-12:22|OFF-SEC-12:-9,,recommended,3,0
2171-UDMFD,treatment,0.0461,below,4363.0,19.45,32,,,0.0,0.0,0.0,20.0,Rolling month-to-month contract; Phone-only account,MONTH_TO_MONTH|NO_INTERNET,OFF-CONTRACT-2Y:1|OFF-CONTRACT-1Y:1,OFF-CONTRACT-2Y:R3_POSITIVE_EV|OFF-CONTRACT-1Y:R3_POSITIVE_EV,no_action_needed,3,0
1475-VWVDO,treatment,0.5672,above,5335.0,74.9,7,OFF-CONTRACT-2Y,2-year contract at 15% off,134.82,0.18,409.86,20.0,No tech support add-on; No online security add-on; Rolling month-to-month contract; Manual payment method; Under 12 months tenure; Premium fiber plan,NO_TECH_SUPPORT|NO_ONLINE_SECURITY|MONTH_TO_MONTH|MANUAL_PAYMENT|NEW_CUSTOMER|FIBER_PREMIUM,OFF-CONTRACT-2Y:410|OFF-BUNDLE-ALL:303|OFF-CONTRACT-1Y:273|OFF-TECHSUP-12:182|OFF-SEC-12:91|OFF-AUTOPAY:61,,recommended,3,0
5198-EFNBM,treatment,0.1834,below,5636.0,90.65,57,OFF-BUNDLE-ALL,"Tech Support + Online Security bundle, 12 months",120.51,0.14,24.2,20.0,No tech support add-on; No online security add-on; Manual payment method; Premium fiber plan,NO_TECH_SUPPORT|NO_ONLINE_SECURITY|MANUAL_PAYMENT|FIBER_PREMIUM,OFF-BUNDLE-ALL:24|OFF-TECHSUP-12:22|OFF-SEC-12:-8|OFF-AUTOPAY:-19,,recommended,3,0
2230-XTUWL,treatment,0.01,below,5461.0,19.55,48,,,0.0,0.0,0.0,20.0,Manual payment method; Phone-only account,MANUAL_PAYMENT|NO_INTERNET,OFF-AUTOPAY:-58,OFF-AUTOPAY:R2_MARGIN_FLOOR,no_action_needed,3,0
7717-BICXI,treatment,0.01,below,4020.0,20.55,60,,,0.0,0.0,0.0,20.0,Manual payment method; Phone-only account,MANUAL_PAYMENT|NO_INTERNET,OFF-AUTOPAY:-58,OFF-AUTOPAY:R2_MARGIN_FLOOR,no_action_needed,3,0
6559-RAKOZ,treatment,0.0102,below,4301.0,97.95,49,,,0.0,0.0,0.0,20.0,No online security add-on; No device protection; Manual payment method; Premium fiber plan,NO_ONLINE_SECURITY|NO_DEVICE_PROTECTION|MANUAL_PAYMENT|FIBER_PREMIUM,OFF-SEC-12:-58|OFF-AUTOPAY:-58,OFF-SEC-12:R3_POSITIVE_EV|OFF-AUTOPAY:R3_POSITIVE_EV,no_action_needed,3,0
3200-MNQTF,treatment,0.0952,below,4361.0,70.9,67,,,0.0,0.0,0.0,20.0,,,,,no_action_needed,3,0
6164-HXUGH,treatment,0.1132,below,5060.0,19.85,6,OFF-CONTRACT-2Y,2-year contract at 15% off,35.73,0.18,67.37,20.0,Rolling month-to-month contract; Manual payment method; Under 12 months tenure; Phone-only account,MONTH_TO_MONTH|MANUAL_PAYMENT|NEW_CUSTOMER|NO_INTERNET,OFF-CONTRACT-2Y:67|OFF-CONTRACT-1Y:45|OFF-AUTOPAY:-37,,recommended,3,0
1088-AUUZZ,treatment,0.01,below,5314.0,75.85,56,,,0.0,0.0,0.0,20.0,No device protection,NO_DEVICE_PROTECTION,,,no_action_needed,3,0
1174-FGIFN,treatment,0.0109,below,5823.0,90.45,28,,,0.0,0.0,0.0,20.0,"No online security add-on; No device protection; Manual payment method; High bill, few add-ons; Premium fiber plan",NO_ONLINE_SECURITY|NO_DEVICE_PROTECTION|MANUAL_PAYMENT|HIGH_CHARGE_LOW_BUNDLE|FIBER_PREMIUM,OFF-SEC-12:-57|OFF-AUTOPAY:-57,OFF-SEC-12:R3_POSITIVE_EV|OFF-AUTOPAY:R3_POSITIVE_EV,no_action_needed,3,0
7641-TQFHN,treatment,0.01,below,3124.0,100.55,39,,,0.0,0.0,0.0,20.0,No online security add-on; No device protection; Manual payment method; Premium fiber plan,NO_ONLINE_SECURITY|NO_DEVICE_PROTECTION|MANUAL_PAYMENT|FIBER_PREMIUM,OFF-SEC-12:-59|OFF-AUTOPAY:-59,OFF-SEC-12:R3_POSITIVE_EV|OFF-AUTOPAY:R3_POSITIVE_EV,no_action_needed,3,0
8622-ZLFKO,treatment,0.8834,above,4297.0,90.75,6,OFF-CONTRACT-2Y,2-year contract at 15% off,163.35,0.18,519.92,20.0,"No tech support add-on; No online security add-on; No device protection; Rolling month-to-month contract; Manual payment method; High bill, few add-ons; Under 12 months tenure; Premium fiber plan",NO_TECH_SUPPORT|NO_ONLINE_SECURITY|NO_DEVICE_PROTECTION|MONTH_TO_MONTH|MANUAL_PAYMENT|HIGH_CHARGE_LOW_BUNDLE|NEW_CUSTOMER|FIBER_PREMIUM,OFF-CONTRACT-2Y:520|OFF-BUNDLE-ALL:411|OFF-CONTRACT-1Y:347|OFF-TECHSUP-12:243|OFF-SEC-12:130|OFF-AUTOPAY:92,,recommended,3,0
6061-GWWAV,treatment,0.01,below,5365.0,70.2,41,,,0.0,0.0,0.0,20.0,No tech support add-on; Manual payment method,NO_TECH_SUPPORT|MANUAL_PAYMENT,OFF-TECHSUP-12:-56|OFF-AUTOPAY:-58,OFF-TECHSUP-12:R3_POSITIVE_EV|OFF-AUTOPAY:R3_POSITIVE_EV,no_action_needed,3,0
9067-SQTNS,treatment,0.01,below,2471.0,20.6,44,,,0.0,0.0,0.0,20.0,Phone-only account,NO_INTERNET,,,no_action_needed,3,0
1776-SPBWV,treatment,0.0102,below,2272.0,20.1,34,,,0.0,0.0,0.0,20.0,Phone-only account,NO_INTERNET,,,no_action_needed,3,0
8735-SDUFN,control,0.01,below,4397.0,24.3,72,,,0.0,0.0,0.0,20.0,Phone-only account,NO_INTERNET,,,no_action_needed,3,0
9405-GPBBG,treatment,0.092,below,5718.0,110.5,64,,,0.0,0.0,0.0,20.0,No online security add-on; Premium fiber plan,NO_ONLINE_SECURITY|FIBER_PREMIUM,OFF-SEC-12:-34,OFF-SEC-12:R3_POSITIVE_EV,no_action_needed,3,0
1926-QUZNN,treatment,0.01,below,4551.0,25.25,72,,,0.0,0.0,0.0,20.0,Phone-only account,NO_INTERNET,,,no_action_needed,3,0
4927-WWOOZ,treatment,0.8863,above,4889.0,91.45,2,OFF-BUNDLE-ALL,"Tech Support + Online Security bundle, 12 months",120.51,0.14,486.13,20.0,"No tech support add-on; No online security add-on; Rolling month-to-month contract; Manual payment method; High bill, few add-ons; Under 12 months tenure; Premium fiber plan",NO_TECH_SUPPORT|NO_ONLINE_SECURITY|MONTH_TO_MONTH|MANUAL_PAYMENT|HIGH_CHARGE_LOW_BUNDLE|NEW_CUSTOMER|FIBER_PREMIUM,OFF-BUNDLE-ALL:486|OFF-CONTRACT-1Y:410|OFF-TECHSUP-12:286|OFF-SEC-12:156|OFF-AUTOPAY:113,,recommended,3,0
0661-KBKPA,treatment,0.01,below,5052.0,78.75,53,,,0.0,0.0,0.0,20.0,No online security add-on; Manual payment method,NO_ONLINE_SECURITY|MANUAL_PAYMENT,OFF-SEC-12:-58|OFF-AUTOPAY:-58,OFF-SEC-12:R3_POSITIVE_EV|OFF-AUTOPAY:R3_POSITIVE_EV,no_action_needed,3,0
8129-GMVGI,treatment,0.01,below,5172.0,20.05,56,,,0.0,0.0,0.0,20.0,Manual payment method; Phone-only account,MANUAL_PAYMENT|NO_INTERNET,OFF-AUTOPAY:-58,OFF-AUTOPAY:R2_MARGIN_FLOOR,no_action_needed,3,0
5380-XPJNZ,treatment,0.0209,below,4539.0,20.05,38,,,0.0,0.0,0.0,20.0,Manual payment method; Phone-only account,MANUAL_PAYMENT|NO_INTERNET,OFF-AUTOPAY:-56,OFF-AUTOPAY:R2_MARGIN_FLOOR,no_action_needed,3,0
7996-BPXHY,treatment,0.01,below,4734.0,25.0,13,,,0.0,0.0,0.0,20.0,Phone-only account,NO_INTERNET,,,no_action_needed,3,0
2266-FUBDZ,treatment,0.01,below,2742.0,19.35,15,,,0.0,0.0,0.0,20.0,Manual payment method; Phone-only account,MANUAL_PAYMENT|NO_INTERNET,OFF-AUTOPAY:-59,OFF-AUTOPAY:R2_MARGIN_FLOOR,no_action_needed,3,0
1074-AMIOH,treatment,0.0493,below,5989.0,108.25,53,,,0.0,0.0,0.0,20.0,No online security add-on; Rolling month-to-month contract; Premium fiber plan,NO_ONLINE_SECURITY|MONTH_TO_MONTH|FIBER_PREMIUM,OFF-SEC-12:-45|OFF-CONTRACT-1Y:-94|OFF-CONTRACT-2Y:-142,OFF-SEC-12:R3_POSITIVE_EV|OFF-CONTRACT-1Y:R3_POSITIVE_EV|OFF-CONTRACT-2Y:R3_POSITIVE_EV,no_action_needed,3,0
7748-UMTRK,treatment,0.2463,below,2440.0,101.3,30,,,0.0,0.0,0.0,20.0,No online security add-on; No device protection; Rolling month-to-month contract; Manual payment method; Premium fiber plan,NO_ONLINE_SECURITY|NO_DEVICE_PROTECTION|MONTH_TO_MONTH|MANUAL_PAYMENT|FIBER_PREMIUM,OFF-SEC-12:-30|OFF-AUTOPAY:-36|OFF-CONTRACT-1Y:-49|OFF-CONTRACT-2Y:-74,OFF-SEC-12:R3_POSITIVE_EV|OFF-AUTOPAY:R3_POSITIVE_EV|OFF-CONTRACT-1Y:R3_POSITIVE_EV|OFF-CONTRACT-2Y:R3_POSITIVE_EV,no_action_needed,3,0
4526-ZJJTM,treatment,0.4006,above,4849.0,88.4,25,OFF-CONTRACT-2Y,2-year contract at 15% off,159.12,0.18,190.53,20.0,No tech support add-on; No online security add-on; Rolling month-to-month contract; Premium fiber plan,NO_TECH_SUPPORT|NO_ONLINE_SECURITY|MONTH_TO_MONTH|FIBER_PREMIUM,OFF-CONTRACT-2Y:191|OFF-BUNDLE-ALL:151|OFF-CONTRACT-1Y:127|OFF-TECHSUP-12:95|OFF-SEC-12:37,,recommended,3,0
0962-CQPWQ,treatment,0.01,below,4574.0,20.3,62,,,0.0,0.0,0.0,20.0,Phone-only account,NO_INTERNET,,,no_action_needed,3,0
0164-APGRB,treatment,0.0109,below,4589.0,114.9,72,,,0.0,0.0,0.0,20.0,Manual payment method; Premium fiber plan,MANUAL_PAYMENT|FIBER_PREMIUM,OFF-AUTOPAY:-58,OFF-AUTOPAY:R3_POSITIVE_EV,no_action_needed,3,0
6481-ESCNL,treatment,0.3556,above,4847.0,100.55,29,OFF-CONTRACT-2Y,2-year contract at 15% off,180.99,0.18,129.26,20.0,No tech support add-on; No online security add-on; Rolling month-to-month contract; Premium fiber plan,NO_TECH_SUPPORT|NO_ONLINE_SECURITY|MONTH_TO_MONTH|FIBER_PREMIUM,OFF-CONTRACT-2Y:129|OFF-BUNDLE-ALL:121|OFF-CONTRACT-1Y:86|OFF-TECHSUP-12:78|OFF-SEC-12:26,,recommended,3,0
4213-HKBJO,treatment,0.0554,below,3378.0,25.7,33,,,0.0,0.0,0.0,20.0,Phone-only account,NO_INTERNET,,,no_action_needed,3,0
5893-PYOLZ,treatment,0.0505,below,4399.0,81.8,56,,,0.0,0.0,0.0,20.0,No online security add-on,NO_ONLINE_SECURITY,OFF-SEC-12:-49,OFF-SEC-12:R3_POSITIVE_EV,no_action_needed,3,0
3027-YNWZU,treatment,0.0263,below,5538.0,25.0,64,,,0.0,0.0,0.0,20.0,Phone-only account,NO_INTERNET,,,no_action_needed,3,0
5609-IMCGG,treatment,0.3515,above,3314.0,84.35,15,OFF-CONTRACT-2Y,2-year contract at 15% off,151.83,0.18,57.85,20.0,"No tech support add-on; Rolling month-to-month contract; High bill, few add-ons; Premium fiber plan",NO_TECH_SUPPORT|MONTH_TO_MONTH|HIGH_CHARGE_LOW_BUNDLE|FIBER_PREMIUM,OFF-CONTRACT-2Y:58|OFF-CONTRACT-1Y:39|OFF-TECHSUP-12:33,,recommended,3,0
5140-FOMCQ,control,0.2862,above,5186.0,109.15,59,OFF-TECHSUP-12,Tech Support bundled free for 12 months,60.35,0.08,58.39,20.0,No tech support add-on; Premium fiber plan,NO_TECH_SUPPORT|FIBER_PREMIUM,OFF-TECHSUP-12:58,,recommended,3,0
6242-SGYTS,treatment,0.01,below,4262.0,94.95,62,,,0.0,0.0,0.0,20.0,No tech support add-on; No device protection; Premium fiber plan,NO_TECH_SUPPORT|NO_DEVICE_PROTECTION|FIBER_PREMIUM,OFF-TECHSUP-12:-57,OFF-TECHSUP-12:R3_POSITIVE_EV,no_action_needed,3,0
8166-ORCHU,treatment,0.2073,below,4414.0,93.55,33,,,0.0,0.0,0.0,20.0,No device protection; Manual payment method; Premium fiber plan,NO_DEVICE_PROTECTION|MANUAL_PAYMENT|FIBER_PREMIUM,OFF-AUTOPAY:-23,OFF-AUTOPAY:R3_POSITIVE_EV,no_action_needed,3,0
2150-OEGBV,treatment,0.0481,below,3428.0,20.1,27,,,0.0,0.0,0.0,20.0,Phone-only account,NO_INTERNET,,,no_action_needed,3,0
1855-CFULU,treatment,0.1769,below,3460.0,20.05,4,OFF-CONTRACT-1Y,1-year contract at 10% off,24.06,0.12,49.39,20.0,Rolling month-to-month contract; Manual payment method; Under 12 months tenure; Phone-only account,MONTH_TO_MONTH|MANUAL_PAYMENT|NEW_CUSTOMER|NO_INTERNET,OFF-CONTRACT-1Y:49|OFF-AUTOPAY:-36,,recommended,3,0
9674-EHPPG,treatment,0.0586,below,2519.0,40.4,46,,,0.0,0.0,0.0,20.0,,,,,no_action_needed,3,0
5440-VHLUL,treatment,0.4823,above,6247.0,105.2,69,OFF-SEC-12,Online Security bundled free for 12 months,60.16,0.05,90.49,20.0,No online security add-on; No device protection; Premium fiber plan,NO_ONLINE_SECURITY|NO_DEVICE_PROTECTION|FIBER_PREMIUM,OFF-SEC-12:90,,recommended,3,0
5213-TWWJU,treatment,0.2627,below,2448.0,91.0,28,,,0.0,0.0,0.0,20.0,No online security add-on; Rolling month-to-month contract; Manual payment method; Premium fiber plan,NO_ONLINE_SECURITY|MONTH_TO_MONTH|MANUAL_PAYMENT|FIBER_PREMIUM,OFF-SEC-12:-28|OFF-CONTRACT-1Y:-32|OFF-AUTOPAY:-34|OFF-CONTRACT-2Y:-48,OFF-SEC-12:R3_POSITIVE_EV|OFF-CONTRACT-1Y:R3_POSITIVE_EV|OFF-AUTOPAY:R3_POSITIVE_EV|OFF-CONTRACT-2Y:R3_POSITIVE_EV,no_action_needed,3,0
7629-WIXZF,treatment,0.2058,below,4770.0,59.1,7,,,0.0,0.0,0.0,20.0,No tech support add-on; No device protection; Manual payment method; Under 12 months tenure,NO_TECH_SUPPORT|NO_DEVICE_PROTECTION|MANUAL_PAYMENT|NEW_CUSTOMER,OFF-TECHSUP-12:18|OFF-AUTOPAY:-21,OFF-TECHSUP-12:R3_POSITIVE_EV|OFF-AUTOPAY:R3_POSITIVE_EV,no_action_needed,3,0
0254-KCJGT,treatment,0.1132,below,4628.0,81.4,52,,,0.0,0.0,0.0,20.0,,,,,no_action_needed,3,0
9508-ILZDG,treatment,0.4607,above,5425.0,96.35,34,OFF-CONTRACT-2Y,2-year contract at 15% off,173.43,0.18,276.44,20.0,No online security add-on; No device protection; Rolling month-to-month contract; Manual payment method; Premium fiber plan,NO_ONLINE_SECURITY|NO_DEVICE_PROTECTION|MONTH_TO_MONTH|MANUAL_PAYMENT|FIBER_PREMIUM,OFF-CONTRACT-2Y:276|OFF-CONTRACT-1Y:184|OFF-SEC-12:65|OFF-AUTOPAY:40,,recommended,3,0
1697-LYYYX,treatment,0.01,below,4376.0,19.1,61,,,0.0,0.0,0.0,20.0,Phone-only account,NO_INTERNET,,,no_action_needed,3,0
1942-OQFRW,treatment,0.4713,above,2785.0,44.0,1,OFF-CONTRACT-1Y,1-year contract at 10% off,52.8,0.12,104.71,20.0,No tech support add-on; No online security add-on; No device protection; Rolling month-to-month contract; Manual payment method; Under 12 months tenure,NO_TECH_SUPPORT|NO_ONLINE_SECURITY|NO_DEVICE_PROTECTION|MONTH_TO_MONTH|MANUAL_PAYMENT|NEW_CUSTOMER,OFF-CONTRACT-1Y:105|OFF-BUNDLE-ALL:63|OFF-TECHSUP-12:45|OFF-SEC-12:5|OFF-AUTOPAY:-8,,recommended,3,0
9640-ZSLDC,control,0.0103,below,4854.0,60.6,53,,,0.0,0.0,0.0,20.0,No tech support add-on; No online security add-on,NO_TECH_SUPPORT|NO_ONLINE_SECURITY,OFF-TECHSUP-12:-56|OFF-SEC-12:-58|OFF-BUNDLE-ALL:-114,OFF-TECHSUP-12:R3_POSITIVE_EV|OFF-SEC-12:R3_POSITIVE_EV|OFF-BUNDLE-ALL:R3_POSITIVE_EV,no_action_needed,3,0
6128-AQBMT,control,0.582,above,3920.0,53.95,41,OFF-CONTRACT-2Y,2-year contract at 15% off,97.11,0.18,313.55,20.0,No tech support add-on; No online security add-on; Rolling month-to-month contract; Manual payment method,NO_TECH_SUPPORT|NO_ONLINE_SECURITY|MONTH_TO_MONTH|MANUAL_PAYMENT,OFF-CONTRACT-2Y:314|OFF-CONTRACT-1Y:209|OFF-BUNDLE-ALL:199|OFF-TECHSUP-12:122|OFF-SEC-12:54|OFF-AUTOPAY:31,,recommended,3,0
1110-KYLGQ,treatment,0.0728,below,5331.0,108.25,63,,,0.0,0.0,0.0,20.0,No tech support add-on; Rolling month-to-month contract; Premium fiber plan,NO_TECH_SUPPORT|MONTH_TO_MONTH|FIBER_PREMIUM,OFF-TECHSUP-12:-29|OFF-CONTRACT-1Y:-83|OFF-CONTRACT-2Y:-125,OFF-TECHSUP-12:R3_POSITIVE_EV|OFF-CONTRACT-1Y:R3_POSITIVE_EV|OFF-CONTRACT-2Y:R3_POSITIVE_EV,no_action_needed,3,0
3948-KXDUF,treatment,0.0109,below,5454.0,68.75,66,,,0.0,0.0,0.0,20.0,,,,,no_action_needed,3,0
2323-ARSVR,treatment,0.2094,below,6103.0,111.05,67,,,0.0,0.0,0.0,20.0,Manual payment method; Premium fiber plan,MANUAL_PAYMENT|FIBER_PREMIUM,OFF-AUTOPAY:-9,OFF-AUTOPAY:R3_POSITIVE_EV,no_action_needed,3,0
5468-BPMMO,treatment,0.1612,below,5092.0,19.6,46,OFF-CONTRACT-2Y,2-year contract at 15% off,35.28,0.18,112.47,20.0,Rolling month-to-month contract; Manual payment method; Phone-only account,MONTH_TO_MONTH|MANUAL_PAYMENT|NO_INTERNET,OFF-CONTRACT-2Y:112|OFF-CONTRACT-1Y:75|OFF-AUTOPAY:-27,,recommended,3,0
1194-SPVSP,control,0.2522,below,3625.0,19.65,1,OFF-CONTRACT-1Y,1-year contract at 10% off,23.58,0.12,86.13,20.0,Rolling month-to-month contract; Under 12 months tenure; Phone-only account,MONTH_TO_MONTH|NEW_CUSTOMER|NO_INTERNET,OFF-CONTRACT-1Y:86,,recommended,3,0
9534-NSXEM,control,0.0109,below,2194.0,20.65,26,,,0.0,0.0,0.0,20.0,Phone-only account,NO_INTERNET,,,no_action_needed,3,0
2250-IVBWA,treatment,0.0284,below,5168.0,81.05,64,,,0.0,0.0,0.0,20.0,"No tech support add-on; No device protection; Rolling month-to-month contract; Manual payment method; High bill, few add-ons; Premium fiber plan",NO_TECH_SUPPORT|NO_DEVICE_PROTECTION|MONTH_TO_MONTH|MANUAL_PAYMENT|HIGH_CHARGE_LOW_BUNDLE|FIBER_PREMIUM,OFF-TECHSUP-12:-49|OFF-AUTOPAY:-54|OFF-CONTRACT-1Y:-80|OFF-CONTRACT-2Y:-119,OFF-TECHSUP-12:R3_POSITIVE_EV|OFF-AUTOPAY:R3_POSITIVE_EV|OFF-CONTRACT-1Y:R3_POSITIVE_EV|OFF-CONTRACT-2Y:R3_POSITIVE_EV,no_action_needed,3,0
6366-XIVKZ,treatment,0.1131,below,5916.0,63.15,13,,,0.0,0.0,0.0,20.0,No tech support add-on; Rolling month-to-month contract; Manual payment method,NO_TECH_SUPPORT|MONTH_TO_MONTH|MANUAL_PAYMENT,OFF-CONTRACT-2Y:7|OFF-CONTRACT-1Y:5|OFF-TECHSUP-12:-7|OFF-AUTOPAY:-33,OFF-CONTRACT-2Y:R3_POSITIVE_EV|OFF-CONTRACT-1Y:R3_POSITIVE_EV|OFF-TECHSUP-12:R3_POSITIVE_EV|OFF-AUTOPAY:R3_POSITIVE_EV,no_action_needed,3,0
3470-OBUET,treatment,0.0102,below,4188.0,74.0,67,,,0.0,0.0,0.0,20.0,No device protection,NO_DEVICE_PROTECTION,,,no_action_needed,3,0
2770-NSVDG,treatment,0.4463,above,4636.0,29.1,24,OFF-CONTRACT-2Y,2-year contract at 15% off,52.38,0.18,320.05,20.0,No tech support add-on; No online security add-on; Rolling month-to-month contract; Manual payment method,NO_TECH_SUPPORT|NO_ONLINE_SECURITY|MONTH_TO_MONTH|MANUAL_PAYMENT,OFF-CONTRACT-2Y:320|OFF-CONTRACT-1Y:213|OFF-BUNDLE-ALL:169|OFF-TECHSUP-12:105|OFF-SEC-12:43|OFF-AUTOPAY:23,,recommended,3,0
4760-THGOT,treatment,0.4585,above,4392.0,94.1,43,OFF-CONTRACT-2Y,2-year contract at 15% off,169.38,0.18,193.09,20.0,No tech support add-on; No device protection; Rolling month-to-month contract; Manual payment method; Premium fiber plan,NO_TECH_SUPPORT|NO_DEVICE_PROTECTION|MONTH_TO_MONTH|MANUAL_PAYMENT|FIBER_PREMIUM,OFF-CONTRACT-2Y:193|OFF-CONTRACT-1Y:129|OFF-TECHSUP-12:101|OFF-AUTOPAY:21,,recommended,3,0
4016-BJKTZ,treatment,0.236,below,4398.0,108.9,25,,,0.0,0.0,0.0,20.0,No online security add-on; Manual payment method; Premium fiber plan,NO_ONLINE_SECURITY|MANUAL_PAYMENT|FIBER_PREMIUM,OFF-SEC-12:-8|OFF-AUTOPAY:-18,OFF-SEC-12:R3_POSITIVE_EV|OFF-AUTOPAY:R3_POSITIVE_EV,no_action_needed,3,0
0581-MDMPW,treatment,0.4284,above,5557.0,88.95,24,OFF-CONTRACT-2Y,2-year contract at 15% off,160.11,0.18,268.4,20.0,"No tech support add-on; No online security add-on; Rolling month-to-month contract; High bill, few add-ons; Premium fiber plan",NO_TECH_SUPPORT|NO_ONLINE_SECURITY|MONTH_TO_MONTH|HIGH_CHARGE_LOW_BUNDLE|FIBER_PREMIUM,OFF-CONTRACT-2Y:268|OFF-BUNDLE-ALL:213|OFF-CONTRACT-1Y:179|OFF-TECHSUP-12:130|OFF-SEC-12:59,,recommended,3,0
1023-BQXZE,treatment,0.0478,below,5548.0,74.35,57,,,0.0,0.0,0.0,20.0,No tech support add-on,NO_TECH_SUPPORT,OFF-TECHSUP-12:-39,OFF-TECHSUP-12:R3_POSITIVE_EV,no_action_needed,3,0
9163-GHAYE,treatment,0.2563,below,5584.0,48.85,15,OFF-CONTRACT-2Y,2-year contract at 15% off,87.93,0.18,169.68,20.0,No tech support add-on; No online security add-on; No device protection; Rolling month-to-month contract; Manual payment method,NO_TECH_SUPPORT|NO_ONLINE_SECURITY|NO_DEVICE_PROTECTION|MONTH_TO_MONTH|MANUAL_PAYMENT,OFF-CONTRACT-2Y:170|OFF-CONTRACT-1Y:113|OFF-BUNDLE-ALL:80|OFF-TECHSUP-12:54|OFF-SEC-12:11|OFF-AUTOPAY:-3,,recommended,3,0
0058-EVZWM,control,0.2434,below,5875.0,89.8,55,OFF-CONTRACT-2Y,2-year contract at 15% off,161.64,0.18,95.76,20.0,"No tech support add-on; No device protection; Rolling month-to-month contract; High bill, few add-ons; Premium fiber plan",NO_TECH_SUPPORT|NO_DEVICE_PROTECTION|MONTH_TO_MONTH|HIGH_CHARGE_LOW_BUNDLE|FIBER_PREMIUM,OFF-CONTRACT-2Y:96|OFF-CONTRACT-1Y:64|OFF-TECHSUP-12:54,,recommended,3,0
9372-TXXPS,treatment,0.0179,below,4029.0,59.85,60,,,0.0,0.0,0.0,20.0,No device protection,NO_DEVICE_PROTECTION,,,no_action_needed,3,0
8433-WPJTV,treatment,0.01,below,5669.0,103.9,65,,,0.0,0.0,0.0,20.0,No online security add-on; Premium fiber plan,NO_ONLINE_SECURITY|FIBER_PREMIUM,OFF-SEC-12:-57,OFF-SEC-12:R3_POSITIVE_EV,no_action_needed,3,0
0536-ACXIP,treatment,0.0467,below,6452.0,109.55,72,,,0.0,0.0,0.0,20.0,No tech support add-on; Manual payment method; Premium fiber plan,NO_TECH_SUPPORT|MANUAL_PAYMENT|FIBER_PREMIUM,OFF-TECHSUP-12:-36|OFF-AUTOPAY:-48,OFF-TECHSUP-12:R3_POSITIVE_EV|OFF-AUTOPAY:R3_POSITIVE_EV,no_action_needed,3,0
1575-KRZZE,treatment,0.3038,above,4042.0,55.2,4,OFF-CONTRACT-1Y,1-year contract at 10% off,66.24,0.12,81.12,20.0,No tech support add-on; No device protection; Rolling month-to-month contract; Manual payment method; Under 12 months tenure,NO_TECH_SUPPORT|NO_DEVICE_PROTECTION|MONTH_TO_MONTH|MANUAL_PAYMENT|NEW_CUSTOMER,OFF-CONTRACT-1Y:81|OFF-TECHSUP-12:38|OFF-AUTOPAY:-11,,recommended,3,0
3251-YMVWZ,treatment,0.1371,below,4865.0,24.05,53,,,0.0,0.0,0.0,20.0,Phone-only account,NO_INTERNET,,,no_action_needed,3,0
6838-HVLXG,treatment,0.1228,below,4177.0,20.3,12,OFF-CONTRACT-2Y,2-year contract at 15% off,36.54,0.18,55.79,20.0,Rolling month-to-month contract; Manual payment method; Phone-only account,MONTH_TO_MONTH|MANUAL_PAYMENT|NO_INTERNET,OFF-CONTRACT-2Y:56|OFF-CONTRACT-1Y:37|OFF-AUTOPAY:-39,,recommended,3,0
2277-DJJDL,treatment,0.3745,above,4763.0,99.0,60,OFF-CONTRACT-2Y,2-year contract at 15% off,178.2,0.18,142.87,20.0,No online security add-on; No device protection; Rolling month-to-month contract; Manual payment method; Premium fiber plan,NO_ONLINE_SECURITY|NO_DEVICE_PROTECTION|MONTH_TO_MONTH|MANUAL_PAYMENT|FIBER_PREMIUM,OFF-CONTRACT-2Y:143|OFF-CONTRACT-1Y:95|OFF-SEC-12:29|OFF-AUTOPAY:11,,recommended,3,0
2452-KDRRH,treatment,0.4574,above,5269.0,101.4,67,OFF-CONTRACT-2Y,2-year contract at 15% off,182.52,0.18,251.29,20.0,No tech support add-on; No online security add-on; Rolling month-to-month contract; Premium fiber plan,NO_TECH_SUPPORT|NO_ONLINE_SECURITY|MONTH_TO_MONTH|FIBER_PREMIUM,OFF-CONTRACT-2Y:251|OFF-BUNDLE-ALL:217|OFF-CONTRACT-1Y:168|OFF-TECHSUP-12:132|OFF-SEC-12:60,,recommended,3,0
5226-NOZFC,treatment,0.4485,above,3178.0,85.75,26,OFF-CONTRACT-2Y,2-year contract at 15% off,154.35,0.18,102.21,20.0,"No tech support add-on; No online security add-on; No device protection; Rolling month-to-month contract; Manual payment method; High bill, few add-ons; Premium fiber plan",NO_TECH_SUPPORT|NO_ONLINE_SECURITY|NO_DEVICE_PROTECTION|MONTH_TO_MONTH|MANUAL_PAYMENT|HIGH_CHARGE_LOW_BUNDLE|FIBER_PREMIUM,OFF-CONTRACT-2Y:102|OFF-BUNDLE-ALL:79|OFF-CONTRACT-1Y:68|OFF-TECHSUP-12:54|OFF-SEC-12:11|OFF-AUTOPAY:-3,,recommended,3,0
8347-GDTMP,treatment,0.0179,below,5113.0,19.45,64,,,0.0,0.0,0.0,20.0,Phone-only account,NO_INTERNET,,,no_action_needed,3,0
2187-PKZAY,treatment,0.547,above,2968.0,79.95,12,OFF-CONTRACT-2Y,2-year contract at 15% off,143.91,0.18,148.32,20.0,No tech support add-on; No online security add-on; No device protection; Rolling month-to-month contract; Premium fiber plan,NO_TECH_SUPPORT|NO_ONLINE_SECURITY|NO_DEVICE_PROTECTION|MONTH_TO_MONTH|FIBER_PREMIUM,OFF-CONTRACT-2Y:148|OFF-BUNDLE-ALL:107|OFF-CONTRACT-1Y:99|OFF-TECHSUP-12:70|OFF-SEC-12:21,,recommended,3,0
2668-TZSPS,treatment,0.2283,below,2664.0,20.45,1,OFF-CONTRACT-1Y,1-year contract at 10% off,24.54,0.12,48.44,20.0,Rolling month-to-month contract; Manual payment method; Under 12 months tenure; Phone-only account,MONTH_TO_MONTH|MANUAL_PAYMENT|NEW_CUSTOMER|NO_INTERNET,OFF-CONTRACT-1Y:48|OFF-AUTOPAY:-36,,recommended,3,0
6164-HAQTX,control,0.0109,below,4094.0,53.95,71,,,0.0,0.0,0.0,20.0,,,,,no_action_needed,3,0
1658-TJVOA,control,0.5608,above,4716.0,74.1,6,OFF-CONTRACT-2Y,2-year contract at 15% off,133.38,0.18,342.67,20.0,No tech support add-on; No device protection; Rolling month-to-month contract; Manual payment method; Under 12 months tenure; Premium fiber plan,NO_TECH_SUPPORT|NO_DEVICE_PROTECTION|MONTH_TO_MONTH|MANUAL_PAYMENT|NEW_CUSTOMER|FIBER_PREMIUM,OFF-CONTRACT-2Y:343|OFF-CONTRACT-1Y:228|OFF-TECHSUP-12:151|OFF-AUTOPAY:46,,recommended,3,0
6203-HBZPA,treatment,0.0279,below,5380.0,63.9,52,,,0.0,0.0,0.0,20.0,,,,,no_action_needed,3,0
0484-FFVBJ,treatment,0.1829,below,4895.0,64.85,32,,,0.0,0.0,0.0,20.0,No tech support add-on; No online security add-on; No device protection,NO_TECH_SUPPORT|NO_ONLINE_SECURITY|NO_DEVICE_PROTECTION,OFF-TECHSUP-12:11|OFF-BUNDLE-ALL:5|OFF-SEC-12:-15,OFF-TECHSUP-12:R3_POSITIVE_EV|OFF-BUNDLE-ALL:R3_POSITIVE_EV|OFF-SEC-12:R3_POSITIVE_EV,no_action_needed,3,0
0301-FIDRB,treatment,0.01,below,6107.0,63.8,72,,,0.0,0.0,0.0,20.0,,,,,no_action_needed,3,0
1936-CZAKF,treatment,0.1288,below,4283.0,49.65,49,,,0.0,0.0,0.0,20.0,No tech support add-on; No online security add-on; No device protection,NO_TECH_SUPPORT|NO_ONLINE_SECURITY|NO_DEVICE_PROTECTION,OFF-TECHSUP-12:-16|OFF-SEC-12:-33|OFF-BUNDLE-ALL:-43,OFF-TECHSUP-12:R3_POSITIVE_EV|OFF-SEC-12:R3_POSITIVE_EV|OFF-BUNDLE-ALL:R2_MARGIN_FLOOR,no_action_needed,3,0
4402-FTBXC,control,0.191,below,4980.0,89.8,54,,,0.0,0.0,0.0,20.0,No tech support add-on; Rolling month-to-month contract; Manual payment method; Premium fiber plan,NO_TECH_SUPPORT|MONTH_TO_MONTH|MANUAL_PAYMENT|FIBER_PREMIUM,OFF-TECHSUP-12:16|OFF-CONTRACT-2Y:10|OFF-CONTRACT-1Y:6|OFF-AUTOPAY:-22,OFF-TECHSUP-12:R3_POSITIVE_EV|OFF-CONTRACT-2Y:R3_POSITIVE_EV|OFF-CONTRACT-1Y:R3_POSITIVE_EV|OFF-AUTOPAY:R3_POSITIVE_EV,no_action_needed,3,0
0106-UGRDO,control,0.0882,below,4216.0,116.0,69,,,0.0,0.0,0.0,20.0,Manual payment method; Premium fiber plan,MANUAL_PAYMENT|FIBER_PREMIUM,OFF-AUTOPAY:-45,OFF-AUTOPAY:R3_POSITIVE_EV,no_action_needed,3,0
5542-TBBWB,treatment,0.8834,above,3358.0,69.9,1,OFF-BUNDLE-ALL,"Tech Support + Online Security bundle, 12 months",120.51,0.14,294.79,20.0,No tech support add-on; No online security add-on; No device protection; Rolling month-to-month contract; Manual payment method; Under 12 months tenure; Premium fiber plan,NO_TECH_SUPPORT|NO_ONLINE_SECURITY|NO_DEVICE_PROTECTION|MONTH_TO_MONTH|MANUAL_PAYMENT|NEW_CUSTOMER|FIBER_PREMIUM,OFF-BUNDLE-ALL:295|OFF-CONTRACT-1Y:272|OFF-TECHSUP-12:177|OFF-SEC-12:88|OFF-AUTOPAY:59,,recommended,3,0
8059-UDZFY,treatment,0.1662,below,4738.0,105.35,33,,,0.0,0.0,0.0,20.0,No tech support add-on; No online security add-on; Rolling month-to-month contract; Premium fiber plan,NO_TECH_SUPPORT|NO_ONLINE_SECURITY|MONTH_TO_MONTH|FIBER_PREMIUM,OFF-TECHSUP-12:3|OFF-BUNDLE-ALL:-10|OFF-SEC-12:-21|OFF-CONTRACT-1Y:-32|OFF-CONTRACT-2Y:-48,OFF-TECHSUP-12:R3_POSITIVE_EV|OFF-BUNDLE-ALL:R3_POSITIVE_EV|OFF-SEC-12:R3_POSITIVE_EV|OFF-CONTRACT-1Y:R3_POSITIVE_EV|OFF-CONTRACT-2Y:R3_POSITIVE_EV,no_action_needed,3,0
3489-VSFRD,treatment,0.0801,below,4835.0,60.25,56,,,0.0,0.0,0.0,20.0,,,,,no_action_needed,3,0
6898-MDLZW,treatment,0.2158,below,5385.0,53.75,12,OFF-CONTRACT-2Y,2-year contract at 15% off,96.75,0.18,112.42,20.0,No online security add-on; No device protection; Rolling month-to-month contract; Manual payment method,NO_ONLINE_SECURITY|NO_DEVICE_PROTECTION|MONTH_TO_MONTH|MANUAL_PAYMENT,OFF-CONTRACT-2Y:112|OFF-CONTRACT-1Y:75|OFF-SEC-12:-2|OFF-AUTOPAY:-14,,recommended,3,0
9357-UJRUN,treatment,0.1452,below,5428.0,58.35,24,,,0.0,0.0,0.0,20.0,No device protection; Manual payment method,NO_DEVICE_PROTECTION|MANUAL_PAYMENT,OFF-AUTOPAY:-28,OFF-AUTOPAY:R3_POSITIVE_EV,no_action_needed,3,0
7663-CUXZB,treatment,0.1313,below,6251.0,113.75,59,,,0.0,0.0,0.0,20.0,Manual payment method; Premium fiber plan,MANUAL_PAYMENT|FIBER_PREMIUM,OFF-AUTOPAY:-27,OFF-AUTOPAY:R3_POSITIVE_EV,no_action_needed,3,0
0258-NOKBL,control,0.4956,above,5625.0,90.4,3,OFF-BUNDLE-ALL,"Tech Support + Online Security bundle, 12 months",120.51,0.14,269.78,20.0,No tech support add-on; No online security add-on; Rolling month-to-month contract; Manual payment method; Under 12 months tenure; Premium fiber plan,NO_TECH_SUPPORT|NO_ONLINE_SECURITY|MONTH_TO_MONTH|MANUAL_PAYMENT|NEW_CUSTOMER|FIBER_PREMIUM,OFF-BUNDLE-ALL:270|OFF-CONTRACT-1Y:226|OFF-TECHSUP-12:163|OFF-SEC-12:79|OFF-AUTOPAY:52,,recommended,3,0
4830-FAXFM,treatment,0.1666,below,2378.0,24.1,19,OFF-CONTRACT-2Y,2-year contract at 15% off,43.38,0.18,27.93,20.0,Rolling month-to-month contract; Phone-only account,MONTH_TO_MONTH|NO_INTERNET,OFF-CONTRACT-2Y:28|OFF-CONTRACT-1Y:19,,recommended,3,0
2960-NKRSO,treatment,0.2715,above,5421.0,85.95,24,OFF-CONTRACT-2Y,2-year contract at 15% off,154.71,0.18,110.21,20.0,No online security add-on; Rolling month-to-month contract; Manual payment method; Premium fiber plan,NO_ONLINE_SECURITY|MONTH_TO_MONTH|MANUAL_PAYMENT|FIBER_PREMIUM,OFF-CONTRACT-2Y:110|OFF-CONTRACT-1Y:73|OFF-SEC-12:13|OFF-AUTOPAY:-1,,recommended,3,0
0397-ZXWQF,treatment,0.01,below,4416.0,20.5,67,,,0.0,0.0,0.0,20.0,Phone-only account,NO_INTERNET,,,no_action_needed,3,0
5266-PFRQK,treatment,0.01,below,4886.0,20.85,52,,,0.0,0.0,0.0,20.0,Phone-only account,NO_INTERNET,,,no_action_needed,3,0
4674-HGNUA,treatment,0.01,below,4444.0,89.9,71,,,0.0,0.0,0.0,20.0,,,,,no_action_needed,3,0
2239-CFOUJ,treatment,0.0293,below,4540.0,20.4,1,,,0.0,0.0,0.0,20.0,Manual payment method; Under 12 months tenure; Phone-only account,MANUAL_PAYMENT|NEW_CUSTOMER|NO_INTERNET,OFF-AUTOPAY:-55,OFF-AUTOPAY:R2_MARGIN_FLOOR,no_action_needed,3,0
1038-RQOST,treatment,0.0323,below,2276.0,20.6,19,,,0.0,0.0,0.0,20.0,Rolling month-to-month contract; Manual payment method; Phone-only account,MONTH_TO_MONTH|MANUAL_PAYMENT|NO_INTERNET,OFF-CONTRACT-1Y:-16|OFF-CONTRACT-2Y:-24|OFF-AUTOPAY:-57,OFF-CONTRACT-1Y:R3_POSITIVE_EV|OFF-CONTRACT-2Y:R3_POSITIVE_EV|OFF-AUTOPAY:R2_MARGIN_FLOOR,no_action_needed,3,0
8735-NBLWT,treatment,0.0512,below,4195.0,20.4,9,,,0.0,0.0,0.0,20.0,Rolling month-to-month contract; Manual payment method; Under 12 months tenure; Phone-only account,MONTH_TO_MONTH|MANUAL_PAYMENT|NEW_CUSTOMER|NO_INTERNET,OFF-CONTRACT-2Y:2|OFF-CONTRACT-1Y:1|OFF-AUTOPAY:-51,OFF-CONTRACT-2Y:R3_POSITIVE_EV|OFF-CONTRACT-1Y:R3_POSITIVE_EV|OFF-AUTOPAY:R2_MARGIN_FLOOR,no_action_needed,3,0
4702-HDRKD,treatment,0.0382,below,5905.0,49.35,67,,,0.0,0.0,0.0,20.0,,,,,no_action_needed,3,0
0263-FJTQO,treatment,0.01,below,4022.0,70.5,50,,,0.0,0.0,0.0,20.0,No device protection,NO_DEVICE_PROTECTION,,,no_action_needed,3,0
7855-DIWPO,control,0.4357,above,2006.0,68.65,21,OFF-CONTRACT-2Y,2-year contract at 15% off,123.57,0.18,33.75,20.0,No tech support add-on; No online security add-on; No device protection; Rolling month-to-month contract; Manual payment method; Premium fiber plan,NO_TECH_SUPPORT|NO_ONLINE_SECURITY|NO_DEVICE_PROTECTION|MONTH_TO_MONTH|MANUAL_PAYMENT|FIBER_PREMIUM,OFF-CONTRACT-2Y:34|OFF-CONTRACT-1Y:22|OFF-TECHSUP-12:10|OFF-BUNDLE-ALL:2|OFF-SEC-12:-16|OFF-AUTOPAY:-25,,recommended,3,0
5133-POWUA,treatment,0.5608,above,2614.0,45.8,1,OFF-CONTRACT-1Y,1-year contract at 10% off,54.96,0.12,120.95,20.0,No tech support add-on; No online security add-on; No device protection; Rolling month-to-month contract; Manual payment method; Under 12 months tenure,NO_TECH_SUPPORT|NO_ONLINE_SECURITY|NO_DEVICE_PROTECTION|MONTH_TO_MONTH|MANUAL_PAYMENT|NEW_CUSTOMER,OFF-CONTRACT-1Y:121|OFF-BUNDLE-ALL:85|OFF-TECHSUP-12:57|OFF-SEC-12:13|OFF-AUTOPAY:-1,,recommended,3,0
1784-BXEFA,treatment,0.1304,below,3595.0,20.55,10,OFF-CONTRACT-2Y,2-year contract at 15% off,36.99,0.18,47.39,20.0,Rolling month-to-month contract; Manual payment method; Under 12 months tenure; Phone-only account,MONTH_TO_MONTH|MANUAL_PAYMENT|NEW_CUSTOMER|NO_INTERNET,OFF-CONTRACT-2Y:47|OFF-CONTRACT-1Y:32|OFF-AUTOPAY:-41,,recommended,3,0
5751-USDBL,control,0.01,below,4280.0,81.0,46,,,0.0,0.0,0.0,20.0,Manual payment method,MANUAL_PAYMENT,OFF-AUTOPAY:-58,OFF-AUTOPAY:R3_POSITIVE_EV,no_action_needed,3,0
5505-OVWQW,treatment,0.0543,below,4650.0,20.15,17,,,0.0,0.0,0.0,20.0,Manual payment method; Phone-only account,MANUAL_PAYMENT|NO_INTERNET,OFF-AUTOPAY:-50,OFF-AUTOPAY:R2_MARGIN_FLOOR,no_action_needed,3,0
4521-WFJAI,treatment,0.0601,below,4246.0,25.95,56,,,0.0,0.0,0.0,20.0,Phone-only account,NO_INTERNET,,,no_action_needed,3,0
8809-XKHMD,treatment,0.0102,below,6082.0,100.55,72,,,0.0,0.0,0.0,20.0,No device protection; Premium fiber plan,NO_DEVICE_PROTECTION|FIBER_PREMIUM,,,no_action_needed,3,0
9844-FELAJ,treatment,0.0109,below,5899.0,107.9,70,,,0.0,0.0,0.0,20.0,No online security add-on; Manual payment method; Premium fiber plan,NO_ONLINE_SECURITY|MANUAL_PAYMENT|FIBER_PREMIUM,OFF-SEC-12:-57|OFF-AUTOPAY:-57,OFF-SEC-12:R3_POSITIVE_EV|OFF-AUTOPAY:R3_POSITIVE_EV,no_action_needed,3,0
9909-DFRJA,treatment,0.1776,below,3834.0,95.85,26,,,0.0,0.0,0.0,20.0,Premium fiber plan,FIBER_PREMIUM,,,no_action_needed,3,0
0581-BXBUB,control,0.4507,above,4503.0,72.75,4,OFF-BUNDLE-ALL,"Tech Support + Online Security bundle, 12 months",120.51,0.14,163.62,20.0,No tech support add-on; No online security add-on; No device protection; Rolling month-to-month contract; Manual payment method; Under 12 months tenure; Premium fiber plan,NO_TECH_SUPPORT|NO_ONLINE_SECURITY|NO_DEVICE_PROTECTION|MONTH_TO_MONTH|MANUAL_PAYMENT|NEW_CUSTOMER|FIBER_PREMIUM,OFF-BUNDLE-ALL:164|OFF-CONTRACT-1Y:156|OFF-TECHSUP-12:102|OFF-SEC-12:41|OFF-AUTOPAY:21,,recommended,3,0
4962-CHQPW,treatment,0.01,below,2941.0,19.85,29,,,0.0,0.0,0.0,20.0,Manual payment method; Phone-only account,MANUAL_PAYMENT|NO_INTERNET,OFF-AUTOPAY:-59,OFF-AUTOPAY:R2_MARGIN_FLOOR,no_action_needed,3,0
6429-SHBCB,treatment,0.1756,below,3349.0,69.6,19,,,0.0,0.0,0.0,20.0,No tech support add-on; No online security add-on; No device protection; Rolling month-to-month contract; Manual payment method,NO_TECH_SUPPORT|NO_ONLINE_SECURITY|NO_DEVICE_PROTECTION|MONTH_TO_MONTH|MANUAL_PAYMENT,OFF-CONTRACT-1Y:-13|OFF-TECHSUP-12:-13|OFF-CONTRACT-2Y:-19|OFF-SEC-12:-31|OFF-AUTOPAY:-36|OFF-BUNDLE-ALL:-38,OFF-CONTRACT-1Y:R3_POSITIVE_EV|OFF-TECHSUP-12:R3_POSITIVE_EV|OFF-CONTRACT-2Y:R3_POSITIVE_EV|OFF-SEC-12:R3_POSITIVE_EV|OFF-AUTOPAY:R3_POSITIVE_EV|OFF-BUNDLE-ALL:R3_POSITIVE_EV,no_action_needed,3,0
9097-ZUBYC,control,0.2974,above,2168.0,48.8,14,OFF-CONTRACT-2Y,2-year contract at 15% off,87.84,0.18,28.22,20.0,No online security add-on; No device protection; Rolling month-to-month contract,NO_ONLINE_SECURITY|NO_DEVICE_PROTECTION|MONTH_TO_MONTH,OFF-CONTRACT-2Y:28|OFF-CONTRACT-1Y:19|OFF-SEC-12:-28,,recommended,3,0
6968-MHOMU,treatment,0.2808,above,5006.0,45.0,58,OFF-TECHSUP-12,Tech Support bundled free for 12 months,60.35,0.08,52.1,20.0,No tech support add-on; No online security add-on; No device protection,NO_TECH_SUPPORT|NO_ONLINE_SECURITY|NO_DEVICE_PROTECTION,OFF-BUNDLE-ALL:76|OFF-TECHSUP-12:52|OFF-SEC-12:10,OFF-BUNDLE-ALL:R2_MARGIN_FLOOR,recommended,3,0
6568-POCUI,treatment,0.0715,below,3363.0,95.2,45,,,0.0,0.0,0.0,20.0,No online security add-on; No device protection; Premium fiber plan,NO_ONLINE_SECURITY|NO_DEVICE_PROTECTION|FIBER_PREMIUM,OFF-SEC-12:-48,OFF-SEC-12:R3_POSITIVE_EV,no_action_needed,3,0
4717-GHADL,treatment,0.0625,below,5592.0,79.6,50,,,0.0,0.0,0.0,20.0,No online security add-on; No device protection; Manual payment method,NO_ONLINE_SECURITY|NO_DEVICE_PROTECTION|MANUAL_PAYMENT,OFF-SEC-12:-43|OFF-AUTOPAY:-46,OFF-SEC-12:R3_POSITIVE_EV|OFF-AUTOPAY:R3_POSITIVE_EV,no_action_needed,3,0
5501-TVMGM,treatment,0.7361,above,3255.0,55.25,1,OFF-CONTRACT-1Y,1-year contract at 10% off,66.3,0.12,221.22,20.0,No tech support add-on; No online security add-on; No device protection; Rolling month-to-month contract; Manual payment method; Under 12 months tenure,NO_TECH_SUPPORT|NO_ONLINE_SECURITY|NO_DEVICE_PROTECTION|MONTH_TO_MONTH|MANUAL_PAYMENT|NEW_CUSTOMER,OFF-CONTRACT-1Y:221|OFF-BUNDLE-ALL:215|OFF-TECHSUP-12:131|OFF-SEC-12:60|OFF-AUTOPAY:36,,recommended,3,0
3694-GLTJM,treatment,0.1132,below,2878.0,19.65,5,,,0.0,0.0,0.0,20.0,Rolling month-to-month contract; Under 12 months tenure; Phone-only account,MONTH_TO_MONTH|NEW_CUSTOMER|NO_INTERNET,OFF-CONTRACT-1Y:16,OFF-CONTRACT-1Y:R3_POSITIVE_EV,no_action_needed,3,0
4359-INNWN,treatment,0.0488,below,4828.0,20.05,17,,,0.0,0.0,0.0,20.0,Phone-only account,NO_INTERNET,,,no_action_needed,3,0
3594-IVHJZ,treatment,0.1366,below,2606.0,20.45,2,,,0.0,0.0,0.0,20.0,Rolling month-to-month contract; Manual payment method; Under 12 months tenure; Phone-only account,MONTH_TO_MONTH|MANUAL_PAYMENT|NEW_CUSTOMER|NO_INTERNET,OFF-CONTRACT-1Y:18|OFF-AUTOPAY:-46,OFF-CONTRACT-1Y:R3_POSITIVE_EV|OFF-AUTOPAY:R2_MARGIN_FLOOR,no_action_needed,3,0
7669-LCRSD,treatment,0.1045,below,2047.0,56.3,12,,,0.0,0.0,0.0,20.0,No tech support add-on; No online security add-on; No device protection; Rolling month-to-month contract; Manual payment method,NO_TECH_SUPPORT|NO_ONLINE_SECURITY|NO_DEVICE_PROTECTION|MONTH_TO_MONTH|MANUAL_PAYMENT,OFF-CONTRACT-1Y:-42|OFF-TECHSUP-12:-43|OFF-SEC-12:-49|OFF-AUTOPAY:-51|OFF-CONTRACT-2Y:-63|OFF-BUNDLE-ALL:-91,OFF-CONTRACT-1Y:R3_POSITIVE_EV|OFF-TECHSUP-12:R3_POSITIVE_EV|OFF-SEC-12:R3_POSITIVE_EV|OFF-AUTOPAY:R3_POSITIVE_EV|OFF-CONTRACT-2Y:R3_POSITIVE_EV|OFF-BUNDLE-ALL:R3_POSITIVE_EV,no_action_needed,3,0
3567-PQTSO,treatment,0.0209,below,6365.0,105.25,53,,,0.0,0.0,0.0,20.0,No tech support add-on; No online security add-on; Manual payment method; Premium fiber plan,NO_TECH_SUPPORT|NO_ONLINE_SECURITY|MANUAL_PAYMENT|FIBER_PREMIUM,OFF-TECHSUP-12:-50|OFF-SEC-12:-54|OFF-AUTOPAY:-55|OFF-BUNDLE-ALL:-102,OFF-TECHSUP-12:R3_POSITIVE_EV|OFF-SEC-12:R3_POSITIVE_EV|OFF-AUTOPAY:R3_POSITIVE_EV|OFF-BUNDLE-ALL:R3_POSITIVE_EV,no_action_needed,3,0
8173-RXAYP,treatment,0.01,below,4642.0,19.7,24,,,0.0,0.0,0.0,20.0,Manual payment method; Phone-only account,MANUAL_PAYMENT|NO_INTERNET,OFF-AUTOPAY:-58,OFF-AUTOPAY:R2_MARGIN_FLOOR,no_action_needed,3,0
5402-HTOTQ,treatment,0.3622,above,3771.0,55.3,16,OFF-CONTRACT-2Y,2-year contract at 15% off,99.54,0.18,146.31,20.0,No tech support add-on; No online security add-on; No device protection; Rolling month-to-month contract; Manual payment method,NO_TECH_SUPPORT|NO_ONLINE_SECURITY|NO_DEVICE_PROTECTION|MONTH_TO_MONTH|MANUAL_PAYMENT,OFF-CONTRACT-2Y:146|OFF-CONTRACT-1Y:98|OFF-BUNDLE-ALL:71|OFF-TECHSUP-12:49|OFF-SEC-12:8|OFF-AUTOPAY:-5,,recommended,3,0
3717-FDJFU,treatment,0.01,below,3353.0,20.45,5,,,0.0,0.0,0.0,20.0,Manual payment method; Under 12 months tenure; Phone-only account,MANUAL_PAYMENT|NEW_CUSTOMER|NO_INTERNET,OFF-AUTOPAY:-59,OFF-AUTOPAY:R2_MARGIN_FLOOR,no_action_needed,3,0
1085-LDWAM,treatment,0.01,below,5188.0,20.35,69,,,0.0,0.0,0.0,20.0,Phone-only account,NO_INTERNET,,,no_action_needed,3,0
9143-CANJF,treatment,0.2142,below,2200.0,55.15,24,,,0.0,0.0,0.0,20.0,No device protection; Rolling month-to-month contract; Manual payment method,NO_DEVICE_PROTECTION|MONTH_TO_MONTH|MANUAL_PAYMENT,OFF-CONTRACT-1Y:-10|OFF-CONTRACT-2Y:-14|OFF-AUTOPAY:-41,OFF-CONTRACT-1Y:R3_POSITIVE_EV|OFF-CONTRACT-2Y:R3_POSITIVE_EV|OFF-AUTOPAY:R3_POSITIVE_EV,no_action_needed,3,0
2041-JIJCI,treatment,0.4302,above,4421.0,64.0,5,OFF-CONTRACT-1Y,1-year contract at 10% off,76.8,0.12,151.43,20.0,No tech support add-on; No online security add-on; No device protection; Rolling month-to-month contract; Manual payment method; Under 12 months tenure,NO_TECH_SUPPORT|NO_ONLINE_SECURITY|NO_DEVICE_PROTECTION|MONTH_TO_MONTH|MANUAL_PAYMENT|NEW_CUSTOMER,OFF-CONTRACT-1Y:151|OFF-BUNDLE-ALL:146|OFF-TECHSUP-12:92|OFF-SEC-12:35|OFF-AUTOPAY:16,,recommended,3,0
5144-TVGLP,treatment,0.4324,above,3654.0,94.75,38,OFF-CONTRACT-2Y,2-year contract at 15% off,170.55,0.18,113.85,20.0,"No tech support add-on; No online security add-on; No device protection; Rolling month-to-month contract; Manual payment method; High bill, few add-ons; Premium fiber plan",NO_TECH_SUPPORT|NO_ONLINE_SECURITY|NO_DEVICE_PROTECTION|MONTH_TO_MONTH|MANUAL_PAYMENT|HIGH_CHARGE_LOW_BUNDLE|FIBER_PREMIUM,OFF-CONTRACT-2Y:114|OFF-BUNDLE-ALL:101|OFF-CONTRACT-1Y:76|OFF-TECHSUP-12:66|OFF-SEC-12:19|OFF-AUTOPAY:3,,recommended,3,0
9643-AVVWI,treatment,0.3967,above,4264.0,80.0,3,OFF-CONTRACT-1Y,1-year contract at 10% off,96.0,0.12,106.98,20.0,No online security add-on; No device protection; Rolling month-to-month contract; Manual payment method; Under 12 months tenure; Premium fiber plan,NO_ONLINE_SECURITY|NO_DEVICE_PROTECTION|MONTH_TO_MONTH|MANUAL_PAYMENT|NEW_CUSTOMER|FIBER_PREMIUM,OFF-CONTRACT-1Y:107|OFF-SEC-12:24|OFF-AUTOPAY:8,,recommended,3,0
9122-UMROB,treatment,0.2597,below,4270.0,20.3,1,OFF-CONTRACT-1Y,1-year contract at 10% off,24.36,0.12,108.71,20.0,Rolling month-to-month contract; Manual payment method; Under 12 months tenure; Phone-only account,MONTH_TO_MONTH|MANUAL_PAYMENT|NEW_CUSTOMER|NO_INTERNET,OFF-CONTRACT-1Y:109|OFF-AUTOPAY:-16,,recommended,3,0
6685-GBWJZ,treatment,0.0653,below,5114.0,70.8,63,,,0.0,0.0,0.0,20.0,No device protection,NO_DEVICE_PROTECTION,,,no_action_needed,3,0
2195-VVRJF,treatment,0.2338,below,2422.0,59.1,18,,,0.0,0.0,0.0,20.0,No tech support add-on; No device protection; Rolling month-to-month contract,NO_TECH_SUPPORT|NO_DEVICE_PROTECTION|MONTH_TO_MONTH,OFF-CONTRACT-1Y:-3|OFF-CONTRACT-2Y:-4|OFF-TECHSUP-12:-15,OFF-CONTRACT-1Y:R3_POSITIVE_EV|OFF-CONTRACT-2Y:R3_POSITIVE_EV|OFF-TECHSUP-12:R3_POSITIVE_EV,no_action_needed,3,0
2545-EBUPK,treatment,0.9263,above,5039.0,84.05,2,OFF-BUNDLE-ALL,"Tech Support + Online Security bundle, 12 months",120.51,0.14,532.96,20.0,"No tech support add-on; No online security add-on; No device protection; Rolling month-to-month contract; Manual payment method; High bill, few add-ons; Under 12 months tenure; Premium fiber plan",NO_TECH_SUPPORT|NO_ONLINE_SECURITY|NO_DEVICE_PROTECTION|MONTH_TO_MONTH|MANUAL_PAYMENT|HIGH_CHARGE_LOW_BUNDLE|NEW_CUSTOMER|FIBER_PREMIUM,OFF-BUNDLE-ALL:533|OFF-CONTRACT-1Y:459|OFF-TECHSUP-12:313|OFF-SEC-12:173|OFF-AUTOPAY:127,,recommended,3,0
3623-FQBOX,treatment,0.0869,below,3632.0,19.95,21,OFF-CONTRACT-2Y,2-year contract at 15% off,35.91,0.18,20.9,20.0,Rolling month-to-month contract; Manual payment method; Phone-only account,MONTH_TO_MONTH|MANUAL_PAYMENT|NO_INTERNET,OFF-CONTRACT-2Y:21|OFF-CONTRACT-1Y:14|OFF-AUTOPAY:-47,,recommended,3,0
3865-ZFZIB,treatment,0.0134,below,5596.0,19.65,19,,,0.0,0.0,0.0,20.0,Manual payment method; Phone-only account,MANUAL_PAYMENT|NO_INTERNET,OFF-AUTOPAY:-57,OFF-AUTOPAY:R2_MARGIN_FLOOR,no_action_needed,3,0
1370-GGAWX,treatment,0.281,above,3924.0,94.15,46,OFF-BUNDLE-ALL,"Tech Support + Online Security bundle, 12 months",120.51,0.14,33.86,20.0,No tech support add-on; No online security add-on; Manual payment method; Premium fiber plan,NO_TECH_SUPPORT|NO_ONLINE_SECURITY|MANUAL_PAYMENT|FIBER_PREMIUM,OFF-BUNDLE-ALL:34|OFF-TECHSUP-12:28|OFF-SEC-12:-5|OFF-AUTOPAY:-16,,recommended,3,0
3642-BYHDO,treatment,0.01,below,5789.0,19.9,71,,,0.0,0.0,0.0,20.0,Phone-only account,NO_INTERNET,,,no_action_needed,3,0
9629-NHXFW,treatment,0.4692,above,3160.0,19.4,1,OFF-CONTRACT-1Y,1-year contract at 10% off,23.28,0.12,154.64,20.0,Rolling month-to-month contract; Manual payment method; Under 12 months tenure; Phone-only account,MONTH_TO_MONTH|MANUAL_PAYMENT|NEW_CUSTOMER|NO_INTERNET,OFF-CONTRACT-1Y:155|OFF-AUTOPAY:-1,,recommended,3,0
2696-RZVZW,treatment,0.0179,below,4187.0,25.05,68,,,0.0,0.0,0.0,20.0,Phone-only account,NO_INTERNET,,,no_action_needed,3,0
7636-PEPNS,treatment,0.01,below,5040.0,44.1,58,,,0.0,0.0,0.0,20.0,No tech support add-on; No online security add-on; No device protection; Manual payment method,NO_TECH_SUPPORT|NO_ONLINE_SECURITY|NO_DEVICE_PROTECTION|MANUAL_PAYMENT,OFF-TECHSUP-12:-56|OFF-SEC-12:-58|OFF-AUTOPAY:-58|OFF-BUNDLE-ALL:-113,OFF-TECHSUP-12:R3_POSITIVE_EV|OFF-SEC-12:R3_POSITIVE_EV|OFF-AUTOPAY:R3_POSITIVE_EV|OFF-BUNDLE-ALL:R2_MARGIN_FLOOR,no_action_needed,3,0
9052-DHNKM,treatment,0.0728,below,5156.0,61.55,26,,,0.0,0.0,0.0,20.0,No tech support add-on; No device protection; Manual payment method,NO_TECH_SUPPORT|NO_DEVICE_PROTECTION|MANUAL_PAYMENT,OFF-TECHSUP-12:-30|OFF-AUTOPAY:-45,OFF-TECHSUP-12:R3_POSITIVE_EV|OFF-AUTOPAY:R3_POSITIVE_EV,no_action_needed,3,0
3096-WPXBT,treatment,0.01,below,4804.0,100.7,61,,,0.0,0.0,0.0,20.0,No tech support add-on; Premium fiber plan,NO_TECH_SUPPORT|FIBER_PREMIUM,OFF-TECHSUP-12:-57,OFF-TECHSUP-12:R3_POSITIVE_EV,no_action_needed,3,0
4299-OPXEJ,treatment,0.1104,below,5764.0,19.55,56,,,0.0,0.0,0.0,20.0,Phone-only account,NO_INTERNET,,,no_action_needed,3,0
1063-DHQJF,treatment,0.01,below,5817.0,92.15,69,,,0.0,0.0,0.0,20.0,No online security add-on; No device protection; Manual payment method; Premium fiber plan,NO_ONLINE_SECURITY|NO_DEVICE_PROTECTION|MANUAL_PAYMENT|FIBER_PREMIUM,OFF-SEC-12:-57|OFF-AUTOPAY:-58,OFF-SEC-12:R3_POSITIVE_EV|OFF-AUTOPAY:R3_POSITIVE_EV,no_action_needed,3,0
2746-DIJLO,treatment,0.22,below,2994.0,56.3,41,,,0.0,0.0,0.0,20.0,No tech support add-on; No online security add-on; No device protection,NO_TECH_SUPPORT|NO_ONLINE_SECURITY|NO_DEVICE_PROTECTION,OFF-TECHSUP-12:-8|OFF-SEC-12:-27|OFF-BUNDLE-ALL:-28,OFF-TECHSUP-12:R3_POSITIVE_EV|OFF-SEC-12:R3_POSITIVE_EV|OFF-BUNDLE-ALL:R3_POSITIVE_EV,no_action_needed,3,0
3508-VLHCZ,treatment,0.01,below,6009.0,90.55,71,,,0.0,0.0,0.0,20.0,,,,,no_action_needed,3,0
4086-ATNFV,control,0.01,below,4522.0,60.8,34,,,0.0,0.0,0.0,20.0,No tech support add-on; Manual payment method,NO_TECH_SUPPORT|MANUAL_PAYMENT,OFF-TECHSUP-12:-57|OFF-AUTOPAY:-58,OFF-TECHSUP-12:R3_POSITIVE_EV|OFF-AUTOPAY:R3_POSITIVE_EV,no_action_needed,3,0
5473-KHBPS,treatment,0.01,below,4415.0,95.7,52,,,0.0,0.0,0.0,20.0,No tech support add-on; No online security add-on; Premium fiber plan,NO_TECH_SUPPORT|NO_ONLINE_SECURITY|FIBER_PREMIUM,OFF-TECHSUP-12:-57|OFF-SEC-12:-58|OFF-BUNDLE-ALL:-114,OFF-TECHSUP-12:R3_POSITIVE_EV|OFF-SEC-12:R3_POSITIVE_EV|OFF-BUNDLE-ALL:R3_POSITIVE_EV,no_action_needed,3,0
6773-LQTVT,treatment,0.0964,below,4107.0,35.65,29,,,0.0,0.0,0.0,20.0,No tech support add-on; No online security add-on; Rolling month-to-month contract; Manual payment method,NO_TECH_SUPPORT|NO_ONLINE_SECURITY|MONTH_TO_MONTH|MANUAL_PAYMENT,OFF-CONTRACT-2Y:7|OFF-CONTRACT-1Y:5|OFF-TECHSUP-12:-29|OFF-SEC-12:-40|OFF-AUTOPAY:-44|OFF-BUNDLE-ALL:-65,OFF-CONTRACT-2Y:R3_POSITIVE_EV|OFF-CONTRACT-1Y:R3_POSITIVE_EV|OFF-TECHSUP-12:R3_POSITIVE_EV|OFF-SEC-12:R3_POSITIVE_EV|OFF-AUTOPAY:R3_POSITIVE_EV|OFF-BUNDLE-ALL:R2_MARGIN_FLOOR,no_action_needed,3,0
8400-WZICQ,treatment,0.1139,below,4149.0,55.7,55,,,0.0,0.0,0.0,20.0,No tech support add-on; No device protection; Rolling month-to-month contract; Manual payment method,NO_TECH_SUPPORT|NO_DEVICE_PROTECTION|MONTH_TO_MONTH|MANUAL_PAYMENT,OFF-CONTRACT-1Y:-10|OFF-CONTRACT-2Y:-15|OFF-TECHSUP-12:-23|OFF-AUTOPAY:-41,OFF-CONTRACT-1Y:R3_POSITIVE_EV|OFF-CONTRACT-2Y:R3_POSITIVE_EV|OFF-TECHSUP-12:R3_POSITIVE_EV|OFF-AUTOPAY:R3_POSITIVE_EV,no_action_needed,3,0
9576-SYUHJ,control,0.3031,above,3194.0,91.15,37,,,0.0,0.0,0.0,20.0,"No tech support add-on; No device protection; Rolling month-to-month contract; Manual payment method; High bill, few add-ons; Premium fiber plan",NO_TECH_SUPPORT|NO_DEVICE_PROTECTION|MONTH_TO_MONTH|MANUAL_PAYMENT|HIGH_CHARGE_LOW_BUNDLE|FIBER_PREMIUM,OFF-TECHSUP-12:17|OFF-CONTRACT-2Y:10|OFF-CONTRACT-1Y:7|OFF-AUTOPAY:-21,OFF-TECHSUP-12:R3_POSITIVE_EV|OFF-CONTRACT-2Y:R3_POSITIVE_EV|OFF-CONTRACT-1Y:R3_POSITIVE_EV|OFF-AUTOPAY:R3_POSITIVE_EV,review_no_profitable_offer,3,0
0410-IPFTY,control,0.547,above,4283.0,83.85,31,OFF-CONTRACT-2Y,2-year contract at 15% off,150.93,0.18,270.77,20.0,"No tech support add-on; No online security add-on; No device protection; Rolling month-to-month contract; High bill, few add-ons; Premium fiber plan",NO_TECH_SUPPORT|NO_ONLINE_SECURITY|NO_DEVICE_PROTECTION|MONTH_TO_MONTH|HIGH_CHARGE_LOW_BUNDLE|FIBER_PREMIUM,OFF-CONTRACT-2Y:271|OFF-BUNDLE-ALL:207|OFF-CONTRACT-1Y:181|OFF-TECHSUP-12:127|OFF-SEC-12:57,,recommended,3,0
9430-NKQLY,treatment,0.01,below,4185.0,25.1,72,,,0.0,0.0,0.0,20.0,Phone-only account,NO_INTERNET,,,no_action_needed,3,0
6483-OATDN,treatment,0.1888,below,2545.0,51.3,8,,,0.0,0.0,0.0,20.0,No tech support add-on; No device protection; Rolling month-to-month contract; Under 12 months tenure,NO_TECH_SUPPORT|NO_DEVICE_PROTECTION|MONTH_TO_MONTH|NEW_CUSTOMER,OFF-CONTRACT-1Y:-4|OFF-CONTRACT-2Y:-6|OFF-TECHSUP-12:-22,OFF-CONTRACT-1Y:R3_POSITIVE_EV|OFF-CONTRACT-2Y:R3_POSITIVE_EV|OFF-TECHSUP-12:R3_POSITIVE_EV,no_action_needed,3,0
4840-ORQXB,control,0.2941,above,5128.0,104.75,56,OFF-BUNDLE-ALL,"Tech Support + Online Security bundle, 12 months",120.51,0.14,90.63,20.0,No tech support add-on; No online security add-on; Rolling month-to-month contract; Manual payment method; Premium fiber plan,NO_TECH_SUPPORT|NO_ONLINE_SECURITY|MONTH_TO_MONTH|MANUAL_PAYMENT|FIBER_PREMIUM,OFF-BUNDLE-ALL:91|OFF-CONTRACT-2Y:83|OFF-TECHSUP-12:60|OFF-CONTRACT-1Y:55|OFF-SEC-12:15|OFF-AUTOPAY:0,,recommended,3,0
3756-VNWDH,treatment,0.1955,below,4368.0,100.75,65,,,0.0,0.0,0.0,20.0,No tech support add-on; No device protection; Manual payment method; Premium fiber plan,NO_TECH_SUPPORT|NO_DEVICE_PROTECTION|MANUAL_PAYMENT|FIBER_PREMIUM,OFF-TECHSUP-12:8|OFF-AUTOPAY:-26,OFF-TECHSUP-12:R3_POSITIVE_EV|OFF-AUTOPAY:R3_POSITIVE_EV,no_action_needed,3,0
2828-SLQPF,treatment,0.2747,above,4519.0,45.0,19,OFF-CONTRACT-2Y,2-year contract at 15% off,81.0,0.18,142.45,20.0,No tech support add-on; No online security add-on; No device protection; Rolling month-to-month contract,NO_TECH_SUPPORT|NO_ONLINE_SECURITY|NO_DEVICE_PROTECTION|MONTH_TO_MONTH,OFF-CONTRACT-2Y:142|OFF-CONTRACT-1Y:95|OFF-BUNDLE-ALL:53|OFF-TECHSUP-12:39|OFF-SEC-12:2,,recommended,3,0
1335-NTIUC,treatment,0.4888,above,5473.0,24.95,9,OFF-CONTRACT-2Y,2-year contract at 15% off,44.91,0.18,436.63,20.0,No tech support add-on; No online security add-on; No device protection; Rolling month-to-month contract; Manual payment method; Under 12 months tenure,NO_TECH_SUPPORT|NO_ONLINE_SECURITY|NO_DEVICE_PROTECTION|MONTH_TO_MONTH|MANUAL_PAYMENT|NEW_CUSTOMER,OFF-CONTRACT-2Y:437|OFF-CONTRACT-1Y:291|OFF-BUNDLE-ALL:254|OFF-TECHSUP-12:154|OFF-SEC-12:74|OFF-AUTOPAY:47,,recommended,3,0
2368-GAKKQ,treatment,0.064,below,6424.0,113.65,70,,,0.0,0.0,0.0,20.0,Premium fiber plan,FIBER_PREMIUM,,,no_action_needed,3,0
3199-XGZCY,treatment,0.6236,above,2332.0,75.25,8,OFF-CONTRACT-2Y,2-year contract at 15% off,135.45,0.18,126.31,20.0,No tech support add-on; No online security add-on; No device protection; Rolling month-to-month contract; Manual payment method; Under 12 months tenure; Premium fiber plan,NO_TECH_SUPPORT|NO_ONLINE_SECURITY|NO_DEVICE_PROTECTION|MONTH_TO_MONTH|MANUAL_PAYMENT|NEW_CUSTOMER|FIBER_PREMIUM,OFF-CONTRACT-2Y:126|OFF-CONTRACT-1Y:84|OFF-BUNDLE-ALL:83|OFF-TECHSUP-12:56|OFF-SEC-12:13|OFF-AUTOPAY:-2,,recommended,3,0
6814-ZPWFQ,treatment,0.0555,below,5896.0,25.0,51,,,0.0,0.0,0.0,20.0,Phone-only account,NO_INTERNET,,,no_action_needed,3,0
6993-YCOBK,treatment,0.01,below,5756.0,110.6,60,,,0.0,0.0,0.0,20.0,Manual payment method; Premium fiber plan,MANUAL_PAYMENT|FIBER_PREMIUM,OFF-AUTOPAY:-58,OFF-AUTOPAY:R3_POSITIVE_EV,no_action_needed,3,0
2254-DLXRI,treatment,0.9691,above,2742.0,79.15,1,OFF-BUNDLE-ALL,"Tech Support + Online Security bundle, 12 months",120.51,0.14,251.51,20.0,No tech support add-on; No online security add-on; No device protection; Rolling month-to-month contract; Manual payment method; Under 12 months tenure; Premium fiber plan,NO_TECH_SUPPORT|NO_ONLINE_SECURITY|NO_DEVICE_PROTECTION|MONTH_TO_MONTH|MANUAL_PAYMENT|NEW_CUSTOMER|FIBER_PREMIUM,OFF-BUNDLE-ALL:252|OFF-CONTRACT-1Y:224|OFF-TECHSUP-12:152|OFF-SEC-12:73|OFF-AUTOPAY:46,,recommended,3,0
5062-CJJKH,treatment,0.0193,below,5854.0,53.65,25,,,0.0,0.0,0.0,20.0,No tech support add-on; No online security add-on; Manual payment method,NO_TECH_SUPPORT|NO_ONLINE_SECURITY|MANUAL_PAYMENT,OFF-TECHSUP-12:-51|OFF-SEC-12:-55|OFF-AUTOPAY:-55|OFF-BUNDLE-ALL:-105,OFF-TECHSUP-12:R3_POSITIVE_EV|OFF-SEC-12:R3_POSITIVE_EV|OFF-AUTOPAY:R3_POSITIVE_EV|OFF-BUNDLE-ALL:R2_MARGIN_FLOOR,no_action_needed,3,0
1530-ZTDOZ,treatment,0.2592,below,5565.0,40.65,49,OFF-CONTRACT-2Y,2-year contract at 15% off,73.17,0.18,186.47,20.0,No tech support add-on; No device protection; Rolling month-to-month contract,NO_TECH_SUPPORT|NO_DEVICE_PROTECTION|MONTH_TO_MONTH,OFF-CONTRACT-2Y:186|OFF-CONTRACT-1Y:124|OFF-TECHSUP-12:55,,recommended,3,0
1568-BEKZM,treatment,0.055,below,4666.0,90.05,70,,,0.0,0.0,0.0,20.0,,,,,no_action_needed,3,0
6134-KWTBV,control,0.0293,below,5822.0,23.4,62,,,0.0,0.0,0.0,20.0,Phone-only account,NO_INTERNET,,,no_action_needed,3,0
1077-HUUJM,treatment,0.436,above,4668.0,71.05,7,OFF-CONTRACT-2Y,2-year contract at 15% off,127.89,0.18,238.45,20.0,No tech support add-on; No online security add-on; No device protection; Rolling month-to-month contract; Manual payment method; Under 12 months tenure; Premium fiber plan,NO_TECH_SUPPORT|NO_ONLINE_SECURITY|NO_DEVICE_PROTECTION|MONTH_TO_MONTH|MANUAL_PAYMENT|NEW_CUSTOMER|FIBER_PREMIUM,OFF-CONTRACT-2Y:238|OFF-BUNDLE-ALL:164|OFF-CONTRACT-1Y:159|OFF-TECHSUP-12:102|OFF-SEC-12:42|OFF-AUTOPAY:21,,recommended,3,0
2227-JRSJX,treatment,0.5254,above,5324.0,99.15,21,OFF-CONTRACT-2Y,2-year contract at 15% off,178.47,0.18,325.03,20.0,No online security add-on; No device protection; Rolling month-to-month contract; Premium fiber plan,NO_ONLINE_SECURITY|NO_DEVICE_PROTECTION|MONTH_TO_MONTH|FIBER_PREMIUM,OFF-CONTRACT-2Y:325|OFF-CONTRACT-1Y:217|OFF-SEC-12:80,,recommended,3,0
6080-TCMYC,treatment,0.0872,below,5370.0,81.2,40,,,0.0,0.0,0.0,20.0,"No tech support add-on; No online security add-on; Rolling month-to-month contract; Manual payment method; High bill, few add-ons; Premium fiber plan",NO_TECH_SUPPORT|NO_ONLINE_SECURITY|MONTH_TO_MONTH|MANUAL_PAYMENT|HIGH_CHARGE_LOW_BUNDLE|FIBER_PREMIUM,OFF-TECHSUP-12:-23|OFF-SEC-12:-37|OFF-CONTRACT-1Y:-41|OFF-AUTOPAY:-41|OFF-BUNDLE-ALL:-55|OFF-CONTRACT-2Y:-62,OFF-TECHSUP-12:R3_POSITIVE_EV|OFF-SEC-12:R3_POSITIVE_EV|OFF-CONTRACT-1Y:R3_POSITIVE_EV|OFF-AUTOPAY:R3_POSITIVE_EV|OFF-BUNDLE-ALL:R3_POSITIVE_EV|OFF-CONTRACT-2Y:R3_POSITIVE_EV,no_action_needed,3,0
9313-CDOGY,treatment,0.0474,below,3854.0,19.6,38,,,0.0,0.0,0.0,20.0,Rolling month-to-month contract; Manual payment method; Phone-only account,MONTH_TO_MONTH|MANUAL_PAYMENT|NO_INTERNET,OFF-CONTRACT-1Y:-2|OFF-CONTRACT-2Y:-2|OFF-AUTOPAY:-53,OFF-CONTRACT-1Y:R3_POSITIVE_EV|OFF-CONTRACT-2Y:R3_POSITIVE_EV|OFF-AUTOPAY:R2_MARGIN_FLOOR,no_action_needed,3,0
9819-FBNSV,treatment,0.436,above,4121.0,72.25,37,OFF-CONTRACT-2Y,2-year contract at 15% off,130.05,0.18,193.37,20.0,No tech support add-on; No online security add-on; No device protection; Rolling month-to-month contract; Premium fiber plan,NO_TECH_SUPPORT|NO_ONLINE_SECURITY|NO_DEVICE_PROTECTION|MONTH_TO_MONTH|FIBER_PREMIUM,OFF-CONTRACT-2Y:193|OFF-BUNDLE-ALL:131|OFF-CONTRACT-1Y:129|OFF-TECHSUP-12:83|OFF-SEC-12:30,,recommended,3,0
9544-PYPSJ,treatment,0.0273,below,5868.0,96.1,62,,,0.0,0.0,0.0,20.0,No tech support add-on; No online security add-on; Rolling month-to-month contract; Premium fiber plan,NO_TECH_SUPPORT|NO_ONLINE_SECURITY|MONTH_TO_MONTH|FIBER_PREMIUM,OFF-TECHSUP-12:-48|OFF-SEC-12:-52|OFF-CONTRACT-1Y:-96|OFF-BUNDLE-ALL:-98|OFF-CONTRACT-2Y:-144,OFF-TECHSUP-12:R3_POSITIVE_EV|OFF-SEC-12:R3_POSITIVE_EV|OFF-CONTRACT-1Y:R3_POSITIVE_EV|OFF-BUNDLE-ALL:R3_POSITIVE_EV|OFF-CONTRACT-2Y:R3_POSITIVE_EV,no_action_needed,3,0
5186-EJEGL,treatment,0.1955,below,3628.0,69.5,9,,,0.0,0.0,0.0,20.0,Rolling month-to-month contract; Manual payment method; Under 12 months tenure,MONTH_TO_MONTH|MANUAL_PAYMENT|NEW_CUSTOMER,OFF-CONTRACT-2Y:3|OFF-CONTRACT-1Y:2|OFF-AUTOPAY:-32,OFF-CONTRACT-2Y:R3_POSITIVE_EV|OFF-CONTRACT-1Y:R3_POSITIVE_EV|OFF-AUTOPAY:R3_POSITIVE_EV,no_action_needed,3,0
2203-GHNWN,treatment,0.4716,above,3816.0,79.65,24,OFF-CONTRACT-2Y,2-year contract at 15% off,143.37,0.18,180.56,20.0,No tech support add-on; No online security add-on; Rolling month-to-month contract; Manual payment method; Premium fiber plan,NO_TECH_SUPPORT|NO_ONLINE_SECURITY|MONTH_TO_MONTH|MANUAL_PAYMENT|FIBER_PREMIUM,OFF-CONTRACT-2Y:181|OFF-BUNDLE-ALL:131|OFF-CONTRACT-1Y:120|OFF-TECHSUP-12:84|OFF-SEC-12:30|OFF-AUTOPAY:12,,recommended,3,0
8219-VYBVI,treatment,0.01,below,4295.0,25.0,39,,,0.0,0.0,0.0,20.0,Manual payment method; Phone-only account,MANUAL_PAYMENT|NO_INTERNET,OFF-AUTOPAY:-58,OFF-AUTOPAY:R2_MARGIN_FLOOR,no_action_needed,3,0
1016-DJTSV,treatment,0.5014,above,5242.0,69.7,8,OFF-CONTRACT-2Y,2-year contract at 15% off,125.46,0.18,347.64,20.0,No tech support add-on; No online security add-on; No device protection; Rolling month-to-month contract; Manual payment method; Under 12 months tenure; Premium fiber plan,NO_TECH_SUPPORT|NO_ONLINE_SECURITY|NO_DEVICE_PROTECTION|MONTH_TO_MONTH|MANUAL_PAYMENT|NEW_CUSTOMER|FIBER_PREMIUM,OFF-CONTRACT-2Y:348|OFF-BUNDLE-ALL:247|OFF-CONTRACT-1Y:232|OFF-TECHSUP-12:150|OFF-SEC-12:71|OFF-AUTOPAY:45,,recommended,3,0
0174-QRVVY,treatment,0.01,below,5747.0,25.35,71,,,0.0,0.0,0.0,20.0,Phone-only account,NO_INTERNET,,,no_action_needed,3,0
4039-PIMHX,treatment,0.1091,below,4306.0,49.8,49,,,0.0,0.0,0.0,20.0,No tech support add-on; No online security add-on; No device protection; Manual payment method,NO_TECH_SUPPORT|NO_ONLINE_SECURITY|NO_DEVICE_PROTECTION|MANUAL_PAYMENT,OFF-TECHSUP-12:-23|OFF-SEC-12:-37|OFF-AUTOPAY:-41|OFF-BUNDLE-ALL:-55,OFF-TECHSUP-12:R3_POSITIVE_EV|OFF-SEC-12:R3_POSITIVE_EV|OFF-AUTOPAY:R3_POSITIVE_EV|OFF-BUNDLE-ALL:R2_MARGIN_FLOOR,no_action_needed,3,0
3604-WLABM,treatment,0.3121,above,2253.0,54.25,10,OFF-CONTRACT-2Y,2-year contract at 15% off,97.65,0.18,28.92,20.0,No online security add-on; Rolling month-to-month contract; Manual payment method; Under 12 months tenure,NO_ONLINE_SECURITY|MONTH_TO_MONTH|MANUAL_PAYMENT|NEW_CUSTOMER,OFF-CONTRACT-2Y:29|OFF-CONTRACT-1Y:19|OFF-SEC-12:-25|OFF-AUTOPAY:-32,,recommended,3,0
6257-RJOHI,treatment,0.3146,above,4521.0,50.8,4,OFF-CONTRACT-1Y,1-year contract at 10% off,60.96,0.12,109.72,20.0,No online security add-on; No device protection; Rolling month-to-month contract; Manual payment method; Under 12 months tenure,NO_ONLINE_SECURITY|NO_DEVICE_PROTECTION|MONTH_TO_MONTH|MANUAL_PAYMENT|NEW_CUSTOMER,OFF-CONTRACT-1Y:110|OFF-SEC-12:11|OFF-AUTOPAY:-3,,recommended,3,0
1545-JFUML,treatment,0.0586,below,5295.0,99.0,71,,,0.0,0.0,0.0,20.0,No tech support add-on; Manual payment method; Premium fiber plan,NO_TECH_SUPPORT|MANUAL_PAYMENT|FIBER_PREMIUM,OFF-TECHSUP-12:-36|OFF-AUTOPAY:-48,OFF-TECHSUP-12:R3_POSITIVE_EV|OFF-AUTOPAY:R3_POSITIVE_EV,no_action_needed,3,0
2587-EKXTS,treatment,0.2597,below,2827.0,111.5,44,,,0.0,0.0,0.0,20.0,No tech support add-on; Rolling month-to-month contract; Manual payment method; Premium fiber plan,NO_TECH_SUPPORT|MONTH_TO_MONTH|MANUAL_PAYMENT|FIBER_PREMIUM,OFF-TECHSUP-12:-2|OFF-AUTOPAY:-31|OFF-CONTRACT-1Y:-46|OFF-CONTRACT-2Y:-69,OFF-TECHSUP-12:R3_POSITIVE_EV|OFF-AUTOPAY:R3_POSITIVE_EV|OFF-CONTRACT-1Y:R3_POSITIVE_EV|OFF-CONTRACT-2Y:R3_POSITIVE_EV,no_action_needed,3,0
5442-BXVND,treatment,0.0564,below,5531.0,24.25,33,,,0.0,0.0,0.0,20.0,Rolling month-to-month contract; Phone-only account,MONTH_TO_MONTH|NO_INTERNET,OFF-CONTRACT-2Y:12|OFF-CONTRACT-1Y:8,OFF-CONTRACT-2Y:R3_POSITIVE_EV|OFF-CONTRACT-1Y:R3_POSITIVE_EV,no_action_needed,3,0
6473-ULUHT,treatment,0.1696,below,2269.0,84.9,16,,,0.0,0.0,0.0,20.0,No device protection; Rolling month-to-month contract; Manual payment method,NO_DEVICE_PROTECTION|MONTH_TO_MONTH|MANUAL_PAYMENT,OFF-AUTOPAY:-45|OFF-CONTRACT-1Y:-56|OFF-CONTRACT-2Y:-84,OFF-AUTOPAY:R3_POSITIVE_EV|OFF-CONTRACT-1Y:R3_POSITIVE_EV|OFF-CONTRACT-2Y:R3_POSITIVE_EV,no_action_needed,3,0
7032-LMBHI,treatment,0.0702,below,5255.0,64.65,37,,,0.0,0.0,0.0,20.0,No tech support add-on; No device protection,NO_TECH_SUPPORT|NO_DEVICE_PROTECTION,OFF-TECHSUP-12:-31,OFF-TECHSUP-12:R3_POSITIVE_EV,no_action_needed,3,0
3812-LRZIR,treatment,0.01,below,2645.0,24.5,27,,,0.0,0.0,0.0,20.0,Manual payment method; Phone-only account,MANUAL_PAYMENT|NO_INTERNET,OFF-AUTOPAY:-59,OFF-AUTOPAY:R2_MARGIN_FLOOR,no_action_needed,3,0
9483-GCPWE,treatment,0.0109,below,3444.0,20.1,9,,,0.0,0.0,0.0,20.0,Manual payment method; Under 12 months tenure; Phone-only account,MANUAL_PAYMENT|NEW_CUSTOMER|NO_INTERNET,OFF-AUTOPAY:-58,OFF-AUTOPAY:R2_MARGIN_FLOOR,no_action_needed,3,0
4227-OJHAL,treatment,0.0103,below,4156.0,73.0,68,,,0.0,0.0,0.0,20.0,No tech support add-on,NO_TECH_SUPPORT,OFF-TECHSUP-12:-57,OFF-TECHSUP-12:R3_POSITIVE_EV,no_action_needed,3,0
4993-JCRGJ,treatment,0.3526,above,5471.0,84.3,26,OFF-CONTRACT-2Y,2-year contract at 15% off,151.74,0.18,195.49,20.0,"No online security add-on; Rolling month-to-month contract; Manual payment method; High bill, few add-ons; Premium fiber plan",NO_ONLINE_SECURITY|MONTH_TO_MONTH|MANUAL_PAYMENT|HIGH_CHARGE_LOW_BUNDLE|FIBER_PREMIUM,OFF-CONTRACT-2Y:195|OFF-CONTRACT-1Y:130|OFF-SEC-12:36|OFF-AUTOPAY:17,,recommended,3,0
9537-JALFH,treatment,0.01,below,6058.0,19.9,69,,,0.0,0.0,0.0,20.0,Phone-only account,NO_INTERNET,,,no_action_needed,3,0
6698-OXETB,treatment,0.01,below,5397.0,20.4,11,,,0.0,0.0,0.0,20.0,Manual payment method; Under 12 months tenure; Phone-only account,MANUAL_PAYMENT|NEW_CUSTOMER|NO_INTERNET,OFF-AUTOPAY:-58,OFF-AUTOPAY:R2_MARGIN_FLOOR,no_action_needed,3,0
4877-TSOFF,treatment,0.01,below,4489.0,75.75,55,,,0.0,0.0,0.0,20.0,No device protection,NO_DEVICE_PROTECTION,,,no_action_needed,3,0
9209-NWPGU,treatment,0.1324,below,5827.0,65.4,44,,,0.0,0.0,0.0,20.0,No device protection; Manual payment method,NO_DEVICE_PROTECTION|MANUAL_PAYMENT,OFF-AUTOPAY:-29,OFF-AUTOPAY:R3_POSITIVE_EV,no_action_needed,3,0
6823-SIDFQ,treatment,0.01,below,5327.0,18.25,28,,,0.0,0.0,0.0,20.0,Phone-only account,NO_INTERNET,,,no_action_needed,3,0
1097-FSPVW,control,0.256,below,5387.0,54.55,42,OFF-CONTRACT-2Y,2-year contract at 15% off,98.19,0.18,150.04,20.0,No tech support add-on; Rolling month-to-month contract,NO_TECH_SUPPORT|MONTH_TO_MONTH,OFF-CONTRACT-2Y:150|OFF-CONTRACT-1Y:100|OFF-TECHSUP-12:50,,recommended,3,0
7010-ZMVBF,treatment,0.0407,below,2047.0,20.45,18,,,0.0,0.0,0.0,20.0,Rolling month-to-month contract; Manual payment method; Phone-only account,MONTH_TO_MONTH|MANUAL_PAYMENT|NO_INTERNET,OFF-CONTRACT-1Y:-15|OFF-CONTRACT-2Y:-22|OFF-AUTOPAY:-57,OFF-CONTRACT-1Y:R3_POSITIVE_EV|OFF-CONTRACT-2Y:R3_POSITIVE_EV|OFF-AUTOPAY:R2_MARGIN_FLOOR,no_action_needed,3,0
2926-JEJJC,treatment,0.1082,below,5066.0,20.2,8,,,0.0,0.0,0.0,20.0,Under 12 months tenure; Phone-only account,NEW_CUSTOMER|NO_INTERNET,,,no_action_needed,3,0
9822-WMWVG,treatment,0.4196,above,4434.0,106.5,41,OFF-CONTRACT-2Y,2-year contract at 15% off,191.7,0.18,143.19,20.0,Rolling month-to-month contract; Manual payment method; Premium fiber plan,MONTH_TO_MONTH|MANUAL_PAYMENT|FIBER_PREMIUM,OFF-CONTRACT-2Y:143|OFF-CONTRACT-1Y:95|OFF-AUTOPAY:14,,recommended,3,0
9040-KZVWO,treatment,0.0918,below,5184.0,75.5,26,,,0.0,0.0,0.0,20.0,No tech support add-on; No online security add-on; No device protection; Premium fiber plan,NO_TECH_SUPPORT|NO_ONLINE_SECURITY|NO_DEVICE_PROTECTION|FIBER_PREMIUM,OFF-TECHSUP-12:-22|OFF-SEC-12:-36|OFF-BUNDLE-ALL:-54,OFF-TECHSUP-12:R3_POSITIVE_EV|OFF-SEC-12:R3_POSITIVE_EV|OFF-BUNDLE-ALL:R3_POSITIVE_EV,no_action_needed,3,0
2522-AHJXR,treatment,0.197,below,4350.0,109.45,60,,,0.0,0.0,0.0,20.0,Rolling month-to-month contract; Premium fiber plan,MONTH_TO_MONTH|FIBER_PREMIUM,OFF-CONTRACT-1Y:-29|OFF-CONTRACT-2Y:-43,OFF-CONTRACT-1Y:R3_POSITIVE_EV|OFF-CONTRACT-2Y:R3_POSITIVE_EV,no_action_needed,3,0
1816-FLZDK,treatment,0.3889,above,3923.0,29.15,1,OFF-CONTRACT-1Y,1-year contract at 10% off,34.98,0.12,148.1,20.0,No online security add-on; No device protection; Rolling month-to-month contract; Manual payment method; Under 12 months tenure,NO_ONLINE_SECURITY|NO_DEVICE_PROTECTION|MONTH_TO_MONTH|MANUAL_PAYMENT|NEW_CUSTOMER,OFF-CONTRACT-1Y:148|OFF-SEC-12:16|OFF-AUTOPAY:1,,recommended,3,0
9385-NXKDA,treatment,0.01,below,4324.0,82.65,72,,,0.0,0.0,0.0,20.0,No tech support add-on,NO_TECH_SUPPORT,OFF-TECHSUP-12:-57,OFF-TECHSUP-12:R3_POSITIVE_EV,no_action_needed,3,0
0430-IHCDJ,treatment,0.5805,above,2597.0,49.0,15,OFF-CONTRACT-2Y,2-year contract at 15% off,88.2,0.18,183.16,20.0,No tech support add-on; No online security add-on; No device protection; Rolling month-to-month contract; Manual payment method,NO_TECH_SUPPORT|NO_ONLINE_SECURITY|NO_DEVICE_PROTECTION|MONTH_TO_MONTH|MANUAL_PAYMENT,OFF-CONTRACT-2Y:183|OFF-CONTRACT-1Y:122|OFF-BUNDLE-ALL:91|OFF-TECHSUP-12:60|OFF-SEC-12:15|OFF-AUTOPAY:0,,recommended,3,0
9351-HXDMR,treatment,0.0573,below,4938.0,110.9,72,,,0.0,0.0,0.0,20.0,Premium fiber plan,FIBER_PREMIUM,,,no_action_needed,3,0
2129-ALKBS,treatment,0.0657,below,2211.0,26.2,40,,,0.0,0.0,0.0,20.0,Rolling month-to-month contract; Manual payment method; Phone-only account,MONTH_TO_MONTH|MANUAL_PAYMENT|NO_INTERNET,OFF-CONTRACT-1Y:-14|OFF-CONTRACT-2Y:-21|OFF-AUTOPAY:-54,OFF-CONTRACT-1Y:R3_POSITIVE_EV|OFF-CONTRACT-2Y:R3_POSITIVE_EV|OFF-AUTOPAY:R2_MARGIN_FLOOR,no_action_needed,3,0
6968-URWQU,treatment,0.3003,above,4928.0,56.35,43,OFF-BUNDLE-ALL,"Tech Support + Online Security bundle, 12 months",120.51,0.14,86.67,20.0,No tech support add-on; No online security add-on; No device protection; Manual payment method,NO_TECH_SUPPORT|NO_ONLINE_SECURITY|NO_DEVICE_PROTECTION|MANUAL_PAYMENT,OFF-BUNDLE-ALL:87|OFF-TECHSUP-12:58|OFF-SEC-12:14|OFF-AUTOPAY:-1,,recommended,3,0
4742-TXUEX,treatment,0.01,below,5829.0,19.3,47,,,0.0,0.0,0.0,20.0,Phone-only account,NO_INTERNET,,,no_action_needed,3,0
8873-TMKGR,treatment,0.01,below,5880.0,19.1,29,,,0.0,0.0,0.0,20.0,Manual payment method; Phone-only account,MANUAL_PAYMENT|NO_INTERNET,OFF-AUTOPAY:-58,OFF-AUTOPAY:R2_MARGIN_FLOOR,no_action_needed,3,0
2386-OWURY,treatment,0.2866,above,6460.0,95.3,58,OFF-CONTRACT-2Y,2-year contract at 15% off,171.54,0.18,161.72,20.0,No online security add-on; No device protection; Rolling month-to-month contract; Manual payment method; Premium fiber plan,NO_ONLINE_SECURITY|NO_DEVICE_PROTECTION|MONTH_TO_MONTH|MANUAL_PAYMENT|FIBER_PREMIUM,OFF-CONTRACT-2Y:162|OFF-CONTRACT-1Y:108|OFF-SEC-12:32|OFF-AUTOPAY:14,,recommended,3,0
2800-QQUSO,treatment,0.5558,above,3286.0,100.3,42,OFF-CONTRACT-2Y,2-year contract at 15% off,180.54,0.18,148.2,20.0,No online security add-on; No device protection; Rolling month-to-month contract; Manual payment method; Premium fiber plan,NO_ONLINE_SECURITY|NO_DEVICE_PROTECTION|MONTH_TO_MONTH|MANUAL_PAYMENT|FIBER_PREMIUM,OFF-CONTRACT-2Y:148|OFF-CONTRACT-1Y:99|OFF-SEC-12:31|OFF-AUTOPAY:13,,recommended,3,0
8573-JGCZW,treatment,0.0733,below,4774.0,19.65,17,,,0.0,0.0,0.0,20.0,Phone-only account,NO_INTERNET,,,no_action_needed,3,0
6701-YVNQG,treatment,0.01,below,5764.0,88.7,72,,,0.0,0.0,0.0,20.0,,,,,no_action_needed,3,0
8819-ZBYNA,control,0.2745,above,4935.0,109.1,58,,,0.0,0.0,0.0,20.0,No device protection; Premium fiber plan,NO_DEVICE_PROTECTION|FIBER_PREMIUM,,,review_no_applicable_offer,3,0
6137-NICCO,treatment,0.495,above,3083.0,94.05,6,OFF-CONTRACT-2Y,2-year contract at 15% off,169.29,0.18,105.41,20.0,No tech support add-on; No online security add-on; Rolling month-to-month contract; Manual payment method; Under 12 months tenure; Premium fiber plan,NO_TECH_SUPPORT|NO_ONLINE_SECURITY|MONTH_TO_MONTH|MANUAL_PAYMENT|NEW_CUSTOMER|FIBER_PREMIUM,OFF-CONTRACT-2Y:105|OFF-BUNDLE-ALL:93|OFF-CONTRACT-1Y:70|OFF-TECHSUP-12:62|OFF-SEC-12:16|OFF-AUTOPAY:1,,recommended,3,0
6402-EJMWF,treatment,0.4316,above,3684.0,55.3,4,OFF-CONTRACT-1Y,1-year contract at 10% off,66.36,0.12,124.44,20.0,No tech support add-on; No online security add-on; No device protection; Rolling month-to-month contract; Manual payment method; Under 12 months tenure,NO_TECH_SUPPORT|NO_ONLINE_SECURITY|NO_DEVICE_PROTECTION|MONTH_TO_MONTH|MANUAL_PAYMENT|NEW_CUSTOMER,OFF-CONTRACT-1Y:124|OFF-BUNDLE-ALL:102|OFF-TECHSUP-12:67|OFF-SEC-12:19|OFF-AUTOPAY:4,,recommended,3,0
6872-HXFNF,treatment,0.0587,below,5331.0,58.35,64,,,0.0,0.0,0.0,20.0,No online security add-on,NO_ONLINE_SECURITY,OFF-SEC-12:-45,OFF-SEC-12:R3_POSITIVE_EV,no_action_needed,3,0
8805-JNRAZ,treatment,0.3422,above,2342.0,49.2,2,OFF-CONTRACT-1Y,1-year contract at 10% off,59.04,0.12,37.13,20.0,No tech support add-on; No online security add-on; No device protection; Rolling month-to-month contract; Manual payment method; Under 12 months tenure,NO_TECH_SUPPORT|NO_ONLINE_SECURITY|NO_DEVICE_PROTECTION|MONTH_TO_MONTH|MANUAL_PAYMENT|NEW_CUSTOMER,OFF-CONTRACT-1Y:37|OFF-TECHSUP-12:4|OFF-BUNDLE-ALL:-8|OFF-SEC-12:-20|OFF-AUTOPAY:-28,,recommended,3,0
6418-HNFED,treatment,0.0379,below,5340.0,83.25,51,,,0.0,0.0,0.0,20.0,,,,,no_action_needed,3,0
6710-HSJRD,control,0.209,below,5239.0,114.1,61,,,0.0,0.0,0.0,20.0,No online security add-on; Rolling month-to-month contract; Manual payment method; Premium fiber plan,NO_ONLINE_SECURITY|MONTH_TO_MONTH|MANUAL_PAYMENT|FIBER_PREMIUM,OFF-SEC-12:-5|OFF-CONTRACT-1Y:-6|OFF-CONTRACT-2Y:-8|OFF-AUTOPAY:-16,OFF-SEC-12:R3_POSITIVE_EV|OFF-CONTRACT-1Y:R3_POSITIVE_EV|OFF-CONTRACT-2Y:R3_POSITIVE_EV|OFF-AUTOPAY:R3_POSITIVE_EV,no_action_needed,3,0
3675-EQOZA,control,0.1566,below,5597.0,20.65,5,OFF-CONTRACT-1Y,1-year contract at 10% off,24.78,0.12,80.4,20.0,Rolling month-to-month contract; Under 12 months tenure; Phone-only account,MONTH_TO_MONTH|NEW_CUSTOMER|NO_INTERNET,OFF-CONTRACT-1Y:80,,recommended,3,0
1357-BIJKI,treatment,0.5218,above,5154.0,98.25,50,OFF-BUNDLE-ALL,"Tech Support + Online Security bundle, 12 months",120.51,0.14,256.0,20.0,No tech support add-on; No online security add-on; No device protection; Manual payment method; Premium fiber plan,NO_TECH_SUPPORT|NO_ONLINE_SECURITY|NO_DEVICE_PROTECTION|MANUAL_PAYMENT|FIBER_PREMIUM,OFF-BUNDLE-ALL:256|OFF-TECHSUP-12:155|OFF-SEC-12:74|OFF-AUTOPAY:48,,recommended,3,0
4570-QHXHL,control,0.4206,above,5644.0,43.75,9,OFF-CONTRACT-2Y,2-year contract at 15% off,78.75,0.18,348.55,20.0,No tech support add-on; No online security add-on; No device protection; Rolling month-to-month contract; Manual payment method; Under 12 months tenure,NO_TECH_SUPPORT|NO_ONLINE_SECURITY|NO_DEVICE_PROTECTION|MONTH_TO_MONTH|MANUAL_PAYMENT|NEW_CUSTOMER,OFF-CONTRACT-2Y:349|OFF-CONTRACT-1Y:232|OFF-BUNDLE-ALL:212|OFF-TECHSUP-12:130|OFF-SEC-12:59|OFF-AUTOPAY:35,,recommended,3,0
4090-KPJIP,treatment,0.6817,above,3641.0,74.95,3,OFF-BUNDLE-ALL,"Tech Support + Online Security bundle, 12 months",120.51,0.14,226.98,20.0,No tech support add-on; No online security add-on; No device protection; Rolling month-to-month contract; Manual payment method; Under 12 months tenure; Premium fiber plan,NO_TECH_SUPPORT|NO_ONLINE_SECURITY|NO_DEVICE_PROTECTION|MONTH_TO_MONTH|MANUAL_PAYMENT|NEW_CUSTOMER|FIBER_PREMIUM,OFF-BUNDLE-ALL:227|OFF-CONTRACT-1Y:208|OFF-TECHSUP-12:138|OFF-SEC-12:64|OFF-AUTOPAY:39,,recommended,3,0
8590-OHDIW,treatment,0.01,below,4686.0,20.3,38,,,0.0,0.0,0.0,20.0,Manual payment method; Phone-only account,MANUAL_PAYMENT|NO_INTERNET,OFF-AUTOPAY:-58,OFF-AUTOPAY:R2_MARGIN_FLOOR,no_action_needed,3,0
8015-IHCGW,treatment,0.01,below,4017.0,115.5,72,,,0.0,0.0,0.0,20.0,Manual payment method; Premium fiber plan,MANUAL_PAYMENT|FIBER_PREMIUM,OFF-AUTOPAY:-58,OFF-AUTOPAY:R3_POSITIVE_EV,no_action_needed,3,0
2332-TODQS,treatment,0.0617,below,3642.0,25.05,48,,,0.0,0.0,0.0,20.0,Phone-only account,NO_INTERNET,,,no_action_needed,3,0
9278-VZKCD,treatment,0.3806,above,4428.0,109.1,52,OFF-CONTRACT-2Y,2-year contract at 15% off,196.38,0.18,106.97,20.0,No tech support add-on; Rolling month-to-month contract; Manual payment method; Premium fiber plan,NO_TECH_SUPPORT|MONTH_TO_MONTH|MANUAL_PAYMENT|FIBER_PREMIUM,OFF-CONTRACT-2Y:107|OFF-TECHSUP-12:74|OFF-CONTRACT-1Y:71|OFF-AUTOPAY:7,,recommended,3,0
2139-FQHLM,treatment,0.2865,above,3402.0,89.95,19,,,0.0,0.0,0.0,20.0,No online security add-on; Rolling month-to-month contract; Manual payment method; Premium fiber plan,NO_ONLINE_SECURITY|MONTH_TO_MONTH|MANUAL_PAYMENT|FIBER_PREMIUM,OFF-CONTRACT-2Y:14|OFF-CONTRACT-1Y:9|OFF-SEC-12:-11|OFF-AUTOPAY:-21,OFF-CONTRACT-2Y:R3_POSITIVE_EV|OFF-CONTRACT-1Y:R3_POSITIVE_EV|OFF-SEC-12:R3_POSITIVE_EV|OFF-AUTOPAY:R3_POSITIVE_EV,review_no_profitable_offer,3,0
6173-GOLSU,treatment,0.5306,above,4228.0,94.65,67,OFF-CONTRACT-2Y,2-year contract at 15% off,170.37,0.18,233.44,20.0,"No tech support add-on; No online security add-on; No device protection; Rolling month-to-month contract; High bill, few add-ons; Premium fiber plan",NO_TECH_SUPPORT|NO_ONLINE_SECURITY|NO_DEVICE_PROTECTION|MONTH_TO_MONTH|HIGH_CHARGE_LOW_BUNDLE|FIBER_PREMIUM,OFF-CONTRACT-2Y:233|OFF-BUNDLE-ALL:194|OFF-CONTRACT-1Y:156|OFF-TECHSUP-12:119|OFF-SEC-12:52,,recommended,3,0
4647-MUZON,treatment,0.4743,above,5009.0,95.95,18,OFF-CONTRACT-2Y,2-year contract at 15% off,172.71,0.18,254.93,20.0,No tech support add-on; No online security add-on; Rolling month-to-month contract; Premium fiber plan,NO_TECH_SUPPORT|NO_ONLINE_SECURITY|MONTH_TO_MONTH|FIBER_PREMIUM,OFF-CONTRACT-2Y:255|OFF-BUNDLE-ALL:212|OFF-CONTRACT-1Y:170|OFF-TECHSUP-12:130|OFF-SEC-12:59,,recommended,3,0
1729-VLAZJ,control,0.0109,below,2876.0,40.25,10,,,0.0,0.0,0.0,20.0,No device protection; Manual payment method; Under 12 months tenure,NO_DEVICE_PROTECTION|MANUAL_PAYMENT|NEW_CUSTOMER,OFF-AUTOPAY:-59,OFF-AUTOPAY:R3_POSITIVE_EV,no_action_needed,3,0
0701-TJSEF,treatment,0.1449,below,4366.0,68.25,9,,,0.0,0.0,0.0,20.0,Rolling month-to-month contract; Under 12 months tenure,MONTH_TO_MONTH|NEW_CUSTOMER,OFF-CONTRACT-1Y:-6|OFF-CONTRACT-2Y:-9,OFF-CONTRACT-1Y:R3_POSITIVE_EV|OFF-CONTRACT-2Y:R3_POSITIVE_EV,no_action_needed,3,0
1559-DTODC,treatment,0.2877,above,3784.0,25.15,19,OFF-CONTRACT-2Y,2-year contract at 15% off,45.27,0.18,150.69,20.0,No tech support add-on; No online security add-on; No device protection; Rolling month-to-month contract,NO_TECH_SUPPORT|NO_ONLINE_SECURITY|NO_DEVICE_PROTECTION|MONTH_TO_MONTH,OFF-CONTRACT-2Y:151|OFF-CONTRACT-1Y:100|OFF-BUNDLE-ALL:32|OFF-TECHSUP-12:27|OFF-SEC-12:-6,,recommended,3,0
4537-CIBHB,treatment,0.01,below,4272.0,20.25,9,,,0.0,0.0,0.0,20.0,Manual payment method; Under 12 months tenure; Phone-only account,MANUAL_PAYMENT|NEW_CUSTOMER|NO_INTERNET,OFF-AUTOPAY:-58,OFF-AUTOPAY:R2_MARGIN_FLOOR,no_action_needed,3,0
6704-UTUKK,treatment,0.438,above,5074.0,45.9,29,OFF-CONTRACT-2Y,2-year contract at 15% off,82.62,0.18,317.41,20.0,No tech support add-on; No online security add-on; No device protection; Rolling month-to-month contract; Manual payment method,NO_TECH_SUPPORT|NO_ONLINE_SECURITY|NO_DEVICE_PROTECTION|MONTH_TO_MONTH|MANUAL_PAYMENT,OFF-CONTRACT-2Y:317|OFF-CONTRACT-1Y:212|OFF-BUNDLE-ALL:191|OFF-TECHSUP-12:117|OFF-SEC-12:51|OFF-AUTOPAY:29,,recommended,3,0
2019-HDCZY,treatment,0.2742,above,4004.0,102.6,63,OFF-BUNDLE-ALL,"Tech Support + Online Security bundle, 12 months",120.51,0.14,33.2,20.0,No tech support add-on; No online security add-on; Manual payment method; Premium fiber plan,NO_TECH_SUPPORT|NO_ONLINE_SECURITY|MANUAL_PAYMENT|FIBER_PREMIUM,OFF-BUNDLE-ALL:33|OFF-TECHSUP-12:27|OFF-SEC-12:-5|OFF-AUTOPAY:-16,,recommended,3,0
7404-JLKQG,control,0.4783,above,4099.0,57.55,3,OFF-CONTRACT-1Y,1-year contract at 10% off,69.06,0.12,166.21,20.0,No tech support add-on; No online security add-on; Rolling month-to-month contract; Manual payment method; Under 12 months tenure,NO_TECH_SUPPORT|NO_ONLINE_SECURITY|MONTH_TO_MONTH|MANUAL_PAYMENT|NEW_CUSTOMER,OFF-CONTRACT-1Y:166|OFF-BUNDLE-ALL:154|OFF-TECHSUP-12:96|OFF-SEC-12:38|OFF-AUTOPAY:18,,recommended,3,0
8915-NNTRC,treatment,0.01,below,4351.0,107.7,72,,,0.0,0.0,0.0,20.0,No device protection; Premium fiber plan,NO_DEVICE_PROTECTION|FIBER_PREMIUM,,,no_action_needed,3,0
2541-YGPKE,treatment,0.0109,below,3764.0,63.7,42,,,0.0,0.0,0.0,20.0,No device protection,NO_DEVICE_PROTECTION,,,no_action_needed,3,0
0432-CAJZV,treatment,0.5647,above,3953.0,90.7,3,OFF-BUNDLE-ALL,"Tech Support + Online Security bundle, 12 months",120.51,0.14,192.01,20.0,"No tech support add-on; No online security add-on; No device protection; Rolling month-to-month contract; Manual payment method; High bill, few add-ons; Under 12 months tenure; Premium fiber plan",NO_TECH_SUPPORT|NO_ONLINE_SECURITY|NO_DEVICE_PROTECTION|MONTH_TO_MONTH|MANUAL_PAYMENT|HIGH_CHARGE_LOW_BUNDLE|NEW_CUSTOMER|FIBER_PREMIUM,OFF-BUNDLE-ALL:192|OFF-CONTRACT-1Y:159|OFF-TECHSUP-12:118|OFF-SEC-12:51|OFF-AUTOPAY:29,,recommended,3,0
9365-CSLBQ,treatment,0.01,below,4155.0,24.35,71,,,0.0,0.0,0.0,20.0,Manual payment method; Phone-only account,MANUAL_PAYMENT|NO_INTERNET,OFF-AUTOPAY:-58,OFF-AUTOPAY:R2_MARGIN_FLOOR,no_action_needed,3,0
7130-CTCUS,treatment,0.2499,below,3324.0,54.55,16,OFF-CONTRACT-2Y,2-year contract at 15% off,98.19,0.18,51.33,20.0,No tech support add-on; No device protection; Rolling month-to-month contract,NO_TECH_SUPPORT|NO_DEVICE_PROTECTION|MONTH_TO_MONTH,OFF-CONTRACT-2Y:51|OFF-CONTRACT-1Y:34|OFF-TECHSUP-12:6,,recommended,3,0
6194-HBGQN,treatment,0.085,below,4549.0,81.15,51,,,0.0,0.0,0.0,20.0,,,,,no_action_needed,3,0
2987-BJXIK,treatment,0.01,below,4180.0,84.7,70,,,0.0,0.0,0.0,20.0,No tech support add-on; Manual payment method,NO_TECH_SUPPORT|MANUAL_PAYMENT,OFF-TECHSUP-12:-57|OFF-AUTOPAY:-58,OFF-TECHSUP-12:R3_POSITIVE_EV|OFF-AUTOPAY:R3_POSITIVE_EV,no_action_needed,3,0
5803-NQJZO,treatment,0.01,below,5242.0,67.8,72,,,0.0,0.0,0.0,20.0,,,,,no_action_needed,3,0
0743-HRVFF,treatment,0.0109,below,4132.0,56.15,51,,,0.0,0.0,0.0,20.0,No online security add-on; Manual payment method,NO_ONLINE_SECURITY|MANUAL_PAYMENT,OFF-SEC-12:-58|OFF-AUTOPAY:-58,OFF-SEC-12:R3_POSITIVE_EV|OFF-AUTOPAY:R3_POSITIVE_EV,no_action_needed,3,0
8570-KLJYJ,treatment,0.0526,below,4462.0,54.45,36,,,0.0,0.0,0.0,20.0,No tech support add-on; No device protection; Manual payment method,NO_TECH_SUPPORT|NO_DEVICE_PROTECTION|MANUAL_PAYMENT,OFF-TECHSUP-12:-42|OFF-AUTOPAY:-51,OFF-TECHSUP-12:R3_POSITIVE_EV|OFF-AUTOPAY:R3_POSITIVE_EV,no_action_needed,3,0
9473-CBZOP,treatment,0.0551,below,4891.0,59.0,28,,,0.0,0.0,0.0,20.0,No tech support add-on; Manual payment method,NO_TECH_SUPPORT|MANUAL_PAYMENT,OFF-TECHSUP-12:-39|OFF-AUTOPAY:-49,OFF-TECHSUP-12:R3_POSITIVE_EV|OFF-AUTOPAY:R3_POSITIVE_EV,no_action_needed,3,0
2969-WGHQO,control,0.0109,below,3334.0,69.45,7,,,0.0,0.0,0.0,20.0,No tech support add-on; Manual payment method; Under 12 months tenure,NO_TECH_SUPPORT|MANUAL_PAYMENT|NEW_CUSTOMER,OFF-TECHSUP-12:-57|OFF-AUTOPAY:-59,OFF-TECHSUP-12:R3_POSITIVE_EV|OFF-AUTOPAY:R3_POSITIVE_EV,no_action_needed,3,0
5863-OOKCL,treatment,0.0364,below,5949.0,18.85,10,,,0.0,0.0,0.0,20.0,Rolling month-to-month contract; Manual payment method; Under 12 months tenure; Phone-only account,MONTH_TO_MONTH|MANUAL_PAYMENT|NEW_CUSTOMER|NO_INTERNET,OFF-CONTRACT-2Y:5|OFF-CONTRACT-1Y:3|OFF-AUTOPAY:-51,OFF-CONTRACT-2Y:R3_POSITIVE_EV|OFF-CONTRACT-1Y:R3_POSITIVE_EV|OFF-AUTOPAY:R2_MARGIN_FLOOR,no_action_needed,3,0
5574-NXZIU,treatment,0.1505,below,4273.0,109.2,63,,,0.0,0.0,0.0,20.0,Premium fiber plan,FIBER_PREMIUM,,,no_action_needed,3,0
4256-ZWTZI,control,0.2941,above,2789.0,51.0,5,OFF-CONTRACT-1Y,1-year contract at 10% off,61.2,0.12,37.23,20.0,No online security add-on; No device protection; Rolling month-to-month contract; Manual payment method; Under 12 months tenure,NO_ONLINE_SECURITY|NO_DEVICE_PROTECTION|MONTH_TO_MONTH|MANUAL_PAYMENT|NEW_CUSTOMER,OFF-CONTRACT-1Y:37|OFF-SEC-12:-19|OFF-AUTOPAY:-27,,recommended,3,0
2525-GVKQU,treatment,0.0333,below,4192.0,20.6,60,,,0.0,0.0,0.0,20.0,Manual payment method; Phone-only account,MANUAL_PAYMENT|NO_INTERNET,OFF-AUTOPAY:-54,OFF-AUTOPAY:R2_MARGIN_FLOOR,no_action_needed,3,0
8161-QYMTT,treatment,0.864,above,5259.0,94.1,7,OFF-CONTRACT-2Y,2-year contract at 15% off,169.38,0.18,648.5,20.0,"No tech support add-on; No online security add-on; No device protection; Rolling month-to-month contract; Manual payment method; High bill, few add-ons; Under 12 months tenure; Premium fiber plan",NO_TECH_SUPPORT|NO_ONLINE_SECURITY|NO_DEVICE_PROTECTION|MONTH_TO_MONTH|MANUAL_PAYMENT|HIGH_CHARGE_LOW_BUNDLE|NEW_CUSTOMER|FIBER_PREMIUM,OFF-CONTRACT-2Y:648|OFF-BUNDLE-ALL:516|OFF-CONTRACT-1Y:432|OFF-TECHSUP-12:303|OFF-SEC-12:167|OFF-AUTOPAY:122,,recommended,3,0
0440-QEXBZ,treatment,0.1372,below,5790.0,50.15,44,OFF-CONTRACT-2Y,2-year contract at 15% off,90.27,0.18,52.72,20.0,No tech support add-on; No online security add-on; No device protection; Rolling month-to-month contract; Manual payment method,NO_TECH_SUPPORT|NO_ONLINE_SECURITY|NO_DEVICE_PROTECTION|MONTH_TO_MONTH|MANUAL_PAYMENT,OFF-CONTRACT-2Y:53|OFF-CONTRACT-1Y:35|OFF-TECHSUP-12:3|OFF-BUNDLE-ALL:-9|OFF-SEC-12:-20|OFF-AUTOPAY:-28,,recommended,3,0
1629-DQQVB,treatment,0.1547,below,2331.0,50.1,14,,,0.0,0.0,0.0,20.0,No tech support add-on; No device protection; Rolling month-to-month contract,NO_TECH_SUPPORT|NO_DEVICE_PROTECTION|MONTH_TO_MONTH,OFF-CONTRACT-1Y:-17|OFF-CONTRACT-2Y:-25|OFF-TECHSUP-12:-32,OFF-CONTRACT-1Y:R3_POSITIVE_EV|OFF-CONTRACT-2Y:R3_POSITIVE_EV|OFF-TECHSUP-12:R3_POSITIVE_EV,no_action_needed,3,0
0531-ZZJWQ,treatment,0.4987,above,4958.0,74.0,55,OFF-CONTRACT-2Y,2-year contract at 15% off,133.2,0.18,311.86,20.0,No tech support add-on; No online security add-on; No device protection; Rolling month-to-month contract; Manual payment method; Premium fiber plan,NO_TECH_SUPPORT|NO_ONLINE_SECURITY|NO_DEVICE_PROTECTION|MONTH_TO_MONTH|MANUAL_PAYMENT|FIBER_PREMIUM,OFF-CONTRACT-2Y:312|OFF-BUNDLE-ALL:226|OFF-CONTRACT-1Y:208|OFF-TECHSUP-12:137|OFF-SEC-12:63|OFF-AUTOPAY:39,,recommended,3,0
5606-AMZBO,treatment,0.5726,above,3403.0,78.15,10,OFF-CONTRACT-2Y,2-year contract at 15% off,140.67,0.18,210.07,20.0,No tech support add-on; No device protection; Rolling month-to-month contract; Under 12 months tenure; Premium fiber plan,NO_TECH_SUPPORT|NO_DEVICE_PROTECTION|MONTH_TO_MONTH|NEW_CUSTOMER|FIBER_PREMIUM,OFF-CONTRACT-2Y:210|OFF-CONTRACT-1Y:140|OFF-TECHSUP-12:96,,recommended,3,0
3847-BAERP,treatment,0.1508,below,4905.0,20.9,10,OFF-CONTRACT-2Y,2-year contract at 15% off,37.62,0.18,95.52,20.0,Rolling month-to-month contract; Manual payment method; Under 12 months tenure; Phone-only account,MONTH_TO_MONTH|MANUAL_PAYMENT|NEW_CUSTOMER|NO_INTERNET,OFF-CONTRACT-2Y:96|OFF-CONTRACT-1Y:64|OFF-AUTOPAY:-30,,recommended,3,0
0608-JDVEC,treatment,0.0279,below,5914.0,19.8,50,,,0.0,0.0,0.0,20.0,Manual payment method; Phone-only account,MANUAL_PAYMENT|NO_INTERNET,OFF-AUTOPAY:-53,OFF-AUTOPAY:R2_MARGIN_FLOOR,no_action_needed,3,0
3982-JGSFD,treatment,0.0179,below,3526.0,20.35,36,,,0.0,0.0,0.0,20.0,Phone-only account,NO_INTERNET,,,no_action_needed,3,0
1574-DYCWE,treatment,0.01,below,4057.0,19.95,51,,,0.0,0.0,0.0,20.0,Manual payment method; Phone-only account,MANUAL_PAYMENT|NO_INTERNET,OFF-AUTOPAY:-58,OFF-AUTOPAY:R2_MARGIN_FLOOR,no_action_needed,3,0
9138-EFSMO,treatment,0.01,below,4237.0,78.95,26,,,0.0,0.0,0.0,20.0,No tech support add-on; No online security add-on; No device protection; Premium fiber plan,NO_TECH_SUPPORT|NO_ONLINE_SECURITY|NO_DEVICE_PROTECTION|FIBER_PREMIUM,OFF-TECHSUP-12:-57|OFF-SEC-12:-58|OFF-BUNDLE-ALL:-115,OFF-TECHSUP-12:R3_POSITIVE_EV|OFF-SEC-12:R3_POSITIVE_EV|OFF-BUNDLE-ALL:R3_POSITIVE_EV,no_action_needed,3,0
7278-CKDNC,treatment,0.537,above,4422.0,80.5,24,OFF-CONTRACT-2Y,2-year contract at 15% off,144.9,0.18,282.53,20.0,"No tech support add-on; No online security add-on; No device protection; Rolling month-to-month contract; Manual payment method; High bill, few add-ons; Premium fiber plan",NO_TECH_SUPPORT|NO_ONLINE_SECURITY|NO_DEVICE_PROTECTION|MONTH_TO_MONTH|MANUAL_PAYMENT|HIGH_CHARGE_LOW_BUNDLE|FIBER_PREMIUM,OFF-CONTRACT-2Y:283|OFF-BUNDLE-ALL:212|OFF-CONTRACT-1Y:188|OFF-TECHSUP-12:130|OFF-SEC-12:59|OFF-AUTOPAY:35,,recommended,3,0
7181-OQCUT,treatment,0.5168,above,4520.0,103.85,21,OFF-CONTRACT-2Y,2-year contract at 15% off,186.93,0.18,233.54,20.0,No tech support add-on; Rolling month-to-month contract; Manual payment method; Premium fiber plan,NO_TECH_SUPPORT|MONTH_TO_MONTH|MANUAL_PAYMENT|FIBER_PREMIUM,OFF-CONTRACT-2Y:234|OFF-CONTRACT-1Y:156|OFF-TECHSUP-12:127|OFF-AUTOPAY:33,,recommended,3,0
3836-FZSDJ,treatment,0.01,below,4367.0,24.85,71,,,0.0,0.0,0.0,20.0,Phone-only account,NO_INTERNET,,,no_action_needed,3,0
9142-XMYJH,treatment,0.0822,below,5227.0,19.35,29,OFF-CONTRACT-2Y,2-year contract at 15% off,34.83,0.18,42.51,20.0,Rolling month-to-month contract; Phone-only account,MONTH_TO_MONTH|NO_INTERNET,OFF-CONTRACT-2Y:43|OFF-CONTRACT-1Y:28,,recommended,3,0
7733-UDMTP,treatment,0.4412,above,4622.0,55.0,57,OFF-CONTRACT-2Y,2-year contract at 15% off,99.0,0.18,268.06,20.0,No tech support add-on; No online security add-on; Rolling month-to-month contract; Manual payment method,NO_TECH_SUPPORT|NO_ONLINE_SECURITY|MONTH_TO_MONTH|MANUAL_PAYMENT,OFF-CONTRACT-2Y:268|OFF-CONTRACT-1Y:179|OFF-BUNDLE-ALL:165|OFF-TECHSUP-12:103|OFF-SEC-12:42|OFF-AUTOPAY:22,,recommended,3,0
2649-HWLYB,treatment,0.1241,below,6177.0,76.15,65,,,0.0,0.0,0.0,20.0,,,,,no_action_needed,3,0
5049-MUBWG,treatment,0.1062,below,4705.0,75.0,26,,,0.0,0.0,0.0,20.0,No device protection,NO_DEVICE_PROTECTION,,,no_action_needed,3,0
4223-WOZCM,treatment,0.4971,above,5251.0,49.95,2,OFF-CONTRACT-1Y,1-year contract at 10% off,59.94,0.12,253.29,20.0,No tech support add-on; No online security add-on; Rolling month-to-month contract; Manual payment method; Under 12 months tenure,NO_TECH_SUPPORT|NO_ONLINE_SECURITY|MONTH_TO_MONTH|MANUAL_PAYMENT|NEW_CUSTOMER,OFF-CONTRACT-1Y:253|OFF-BUNDLE-ALL:245|OFF-TECHSUP-12:148|OFF-SEC-12:70|OFF-AUTOPAY:44,,recommended,3,0
0769-MURVM,treatment,0.01,below,6187.0,65.7,72,,,0.0,0.0,0.0,20.0,,,,,no_action_needed,3,0
9741-YLNTD,treatment,0.6613,above,2684.0,87.95,6,OFF-CONTRACT-2Y,2-year contract at 15% off,158.31,0.18,161.18,20.0,"No online security add-on; No device protection; Rolling month-to-month contract; High bill, few add-ons; Under 12 months tenure; Premium fiber plan",NO_ONLINE_SECURITY|NO_DEVICE_PROTECTION|MONTH_TO_MONTH|HIGH_CHARGE_LOW_BUNDLE|NEW_CUSTOMER|FIBER_PREMIUM,OFF-CONTRACT-2Y:161|OFF-CONTRACT-1Y:107|OFF-SEC-12:29,,recommended,3,0
5917-RYRMG,treatment,0.0179,below,3836.0,19.8,32,,,0.0,0.0,0.0,20.0,Phone-only account,NO_INTERNET,,,no_action_needed,3,0
6248-BSHKG,treatment,0.01,below,5897.0,20.4,61,,,0.0,0.0,0.0,20.0,Manual payment method; Phone-only account,MANUAL_PAYMENT|NO_INTERNET,OFF-AUTOPAY:-58,OFF-AUTOPAY:R2_MARGIN_FLOOR,no_action_needed,3,0
8620-RJPZN,treatment,0.2608,below,3061.0,20.7,1,OFF-CONTRACT-1Y,1-year contract at 10% off,24.84,0.12,70.96,20.0,Rolling month-to-month contract; Manual payment method; Under 12 months tenure; Phone-only account,MONTH_TO_MONTH|MANUAL_PAYMENT|NEW_CUSTOMER|NO_INTERNET,OFF-CONTRACT-1Y:71|OFF-AUTOPAY:-28,,recommended,3,0
7572-KPVKK,treatment,0.0193,below,5900.0,104.05,62,,,0.0,0.0,0.0,20.0,No online security add-on; Manual payment method; Premium fiber plan,NO_ONLINE_SECURITY|MANUAL_PAYMENT|FIBER_PREMIUM,OFF-SEC-12:-54|OFF-AUTOPAY:-55,OFF-SEC-12:R3_POSITIVE_EV|OFF-AUTOPAY:R3_POSITIVE_EV,no_action_needed,3,0
2428-ZMCTB,treatment,0.1371,below,3926.0,19.75,10,OFF-CONTRACT-2Y,2-year contract at 15% off,35.55,0.18,61.34,20.0,Rolling month-to-month contract; Under 12 months tenure; Phone-only account,MONTH_TO_MONTH|NEW_CUSTOMER|NO_INTERNET,OFF-CONTRACT-2Y:61|OFF-CONTRACT-1Y:41,,recommended,3,0
1166-PQLGG,treatment,0.01,below,4424.0,19.55,72,,,0.0,0.0,0.0,20.0,Phone-only account,NO_INTERNET,,,no_action_needed,3,0
0017-IUDMW,treatment,0.01,below,6252.0,116.8,72,,,0.0,0.0,0.0,20.0,Premium fiber plan,FIBER_PREMIUM,,,no_action_needed,3,0
5446-DKWYW,treatment,0.01,below,6238.0,65.2,61,,,0.0,0.0,0.0,20.0,No tech support add-on; No online security add-on; Manual payment method,NO_TECH_SUPPORT|NO_ONLINE_SECURITY|MANUAL_PAYMENT,OFF-TECHSUP-12:-55|OFF-SEC-12:-57|OFF-AUTOPAY:-58|OFF-BUNDLE-ALL:-112,OFF-TECHSUP-12:R3_POSITIVE_EV|OFF-SEC-12:R3_POSITIVE_EV|OFF-AUTOPAY:R3_POSITIVE_EV|OFF-BUNDLE-ALL:R3_POSITIVE_EV,no_action_needed,3,0
2990-IAJSV,treatment,0.01,below,4200.0,92.0,72,,,0.0,0.0,0.0,20.0,,,,,no_action_needed,3,0
4029-HPFVY,treatment,0.547,above,4275.0,70.3,3,OFF-BUNDLE-ALL,"Tech Support + Online Security bundle, 12 months",120.51,0.14,206.87,20.0,No tech support add-on; No online security add-on; No device protection; Rolling month-to-month contract; Manual payment method; Under 12 months tenure; Premium fiber plan,NO_TECH_SUPPORT|NO_ONLINE_SECURITY|NO_DEVICE_PROTECTION|MONTH_TO_MONTH|MANUAL_PAYMENT|NEW_CUSTOMER|FIBER_PREMIUM,OFF-BUNDLE-ALL:207|OFF-CONTRACT-1Y:196|OFF-TECHSUP-12:127|OFF-SEC-12:57|OFF-AUTOPAY:34,,recommended,3,0
7602-DBTOU,treatment,0.01,below,4890.0,19.6,71,,,0.0,0.0,0.0,20.0,Manual payment method; Phone-only account,MANUAL_PAYMENT|NO_INTERNET,OFF-AUTOPAY:-58,OFF-AUTOPAY:R2_MARGIN_FLOOR,no_action_needed,3,0
5457-COLHT,treatment,0.01,below,4618.0,80.65,69,,,0.0,0.0,0.0,20.0,No device protection,NO_DEVICE_PROTECTION,,,no_action_needed,3,0
7998-WNZEM,treatment,0.01,below,5447.0,80.6,71,,,0.0,0.0,0.0,20.0,,,,,no_action_needed,3,0
0307-BCOPK,treatment,0.01,below,4336.0,19.05,16,,,0.0,0.0,0.0,20.0,Manual payment method; Phone-only account,MANUAL_PAYMENT|NO_INTERNET,OFF-AUTOPAY:-58,OFF-AUTOPAY:R2_MARGIN_FLOOR,no_action_needed,3,0
7919-ZODZZ,treatment,0.0345,below,5289.0,65.9,10,,,0.0,0.0,0.0,20.0,No tech support add-on; No online security add-on; Manual payment method; Under 12 months tenure,NO_TECH_SUPPORT|NO_ONLINE_SECURITY|MANUAL_PAYMENT|NEW_CUSTOMER,OFF-TECHSUP-12:-46|OFF-SEC-12:-51|OFF-AUTOPAY:-53|OFF-BUNDLE-ALL:-95,OFF-TECHSUP-12:R3_POSITIVE_EV|OFF-SEC-12:R3_POSITIVE_EV|OFF-AUTOPAY:R3_POSITIVE_EV|OFF-BUNDLE-ALL:R3_POSITIVE_EV,no_action_needed,3,0
9054-FOWNV,treatment,0.1142,below,5585.0,88.75,22,,,0.0,0.0,0.0,20.0,"No tech support add-on; No online security add-on; Rolling month-to-month contract; Manual payment method; High bill, few add-ons; Premium fiber plan",NO_TECH_SUPPORT|NO_ONLINE_SECURITY|MONTH_TO_MONTH|MANUAL_PAYMENT|HIGH_CHARGE_LOW_BUNDLE|FIBER_PREMIUM,OFF-TECHSUP-12:-9|OFF-SEC-12:-28|OFF-CONTRACT-1Y:-30|OFF-BUNDLE-ALL:-31|OFF-AUTOPAY:-34|OFF-CONTRACT-2Y:-45,OFF-TECHSUP-12:R3_POSITIVE_EV|OFF-SEC-12:R3_POSITIVE_EV|OFF-CONTRACT-1Y:R3_POSITIVE_EV|OFF-BUNDLE-ALL:R3_POSITIVE_EV|OFF-AUTOPAY:R3_POSITIVE_EV|OFF-CONTRACT-2Y:R3_POSITIVE_EV,no_action_needed,3,0
8207-VVMYB,treatment,0.01,below,6170.0,26.0,70,,,0.0,0.0,0.0,20.0,Phone-only account,NO_INTERNET,,,no_action_needed,3,0
8818-DOPVL,treatment,0.5049,above,4103.0,104.45,46,OFF-CONTRACT-2Y,2-year contract at 15% off,188.01,0.18,184.88,20.0,No tech support add-on; No online security add-on; Rolling month-to-month contract; Manual payment method; Premium fiber plan,NO_TECH_SUPPORT|NO_ONLINE_SECURITY|MONTH_TO_MONTH|MANUAL_PAYMENT|FIBER_PREMIUM,OFF-CONTRACT-2Y:185|OFF-BUNDLE-ALL:170|OFF-CONTRACT-1Y:123|OFF-TECHSUP-12:105|OFF-SEC-12:43|OFF-AUTOPAY:23,,recommended,3,0
1227-UDMZR,treatment,0.01,below,4311.0,91.15,72,,,0.0,0.0,0.0,20.0,,,,,no_action_needed,3,0
2692-PFYTJ,treatment,0.3718,above,2569.0,25.75,1,OFF-CONTRACT-1Y,1-year contract at 10% off,30.9,0.12,83.72,20.0,Rolling month-to-month contract; Manual payment method; Under 12 months tenure; Phone-only account,MONTH_TO_MONTH|MANUAL_PAYMENT|NEW_CUSTOMER|NO_INTERNET,OFF-CONTRACT-1Y:84|OFF-AUTOPAY:-22,,recommended,3,0
9135-HSWOC,treatment,0.01,below,5431.0,19.7,64,,,0.0,0.0,0.0,20.0,Phone-only account,NO_INTERNET,,,no_action_needed,3,0
8582-KRHPJ,control,0.1347,below,5629.0,35.0,50,OFF-CONTRACT-2Y,2-year contract at 15% off,63.0,0.18,73.48,20.0,No tech support add-on; No device protection; Rolling month-to-month contract; Manual payment method,NO_TECH_SUPPORT|NO_DEVICE_PROTECTION|MONTH_TO_MONTH|MANUAL_PAYMENT,OFF-CONTRACT-2Y:73|OFF-CONTRACT-1Y:49|OFF-TECHSUP-12:0|OFF-AUTOPAY:-30,,recommended,3,0
1131-ALZWV,treatment,0.1078,below,4147.0,24.6,24,,,0.0,0.0,0.0,20.0,Phone-only account,NO_INTERNET,,,no_action_needed,3,0
7729-XBTWX,treatment,0.01,below,4485.0,19.75,66,,,0.0,0.0,0.0,20.0,Manual payment method; Phone-only account,MANUAL_PAYMENT|NO_INTERNET,OFF-AUTOPAY:-58,OFF-AUTOPAY:R2_MARGIN_FLOOR,no_action_needed,3,0
0559-CKHUS,treatment,0.0286,below,5758.0,19.55,29,,,0.0,0.0,0.0,20.0,Manual payment method; Phone-only account,MANUAL_PAYMENT|NO_INTERNET,OFF-AUTOPAY:-53,OFF-AUTOPAY:R2_MARGIN_FLOOR,no_action_needed,3,0
7504-UWHNB,treatment,0.2949,above,3080.0,69.75,25,OFF-CONTRACT-2Y,2-year contract at 15% off,125.55,0.18,37.94,20.0,No tech support add-on; No online security add-on; No device protection; Rolling month-to-month contract; Manual payment method; Premium fiber plan,NO_TECH_SUPPORT|NO_ONLINE_SECURITY|NO_DEVICE_PROTECTION|MONTH_TO_MONTH|MANUAL_PAYMENT|FIBER_PREMIUM,OFF-CONTRACT-2Y:38|OFF-CONTRACT-1Y:25|OFF-TECHSUP-12:12|OFF-BUNDLE-ALL:7|OFF-SEC-12:-15|OFF-AUTOPAY:-24,,recommended,3,0
5808-TOTXO,treatment,0.0109,below,2774.0,20.55,3,,,0.0,0.0,0.0,20.0,Under 12 months tenure; Phone-only account,NEW_CUSTOMER|NO_INTERNET,,,no_action_needed,3,0
5324-KTGCG,treatment,0.0179,below,4837.0,20.85,71,,,0.0,0.0,0.0,20.0,Manual payment method; Phone-only account,MANUAL_PAYMENT|NO_INTERNET,OFF-AUTOPAY:-57,OFF-AUTOPAY:R2_MARGIN_FLOOR,no_action_needed,3,0
2700-LUEVA,treatment,0.2842,above,2791.0,20.75,1,OFF-CONTRACT-1Y,1-year contract at 10% off,24.9,0.12,70.28,20.0,Rolling month-to-month contract; Under 12 months tenure; Phone-only account,MONTH_TO_MONTH|NEW_CUSTOMER|NO_INTERNET,OFF-CONTRACT-1Y:70,,recommended,3,0
0958-YHXGP,treatment,0.4849,above,4562.0,69.9,7,OFF-CONTRACT-2Y,2-year contract at 15% off,125.82,0.18,272.36,20.0,No tech support add-on; No online security add-on; No device protection; Rolling month-to-month contract; Manual payment method; Under 12 months tenure; Premium fiber plan,NO_TECH_SUPPORT|NO_ONLINE_SECURITY|NO_DEVICE_PROTECTION|MONTH_TO_MONTH|MANUAL_PAYMENT|NEW_CUSTOMER|FIBER_PREMIUM,OFF-CONTRACT-2Y:272|OFF-BUNDLE-ALL:189|OFF-CONTRACT-1Y:182|OFF-TECHSUP-12:117|OFF-SEC-12:50|OFF-AUTOPAY:28,,recommended,3,0
4468-YDOVK,treatment,0.2872,above,3307.0,48.65,5,OFF-CONTRACT-1Y,1-year contract at 10% off,58.38,0.12,55.59,20.0,No online security add-on; No device protection; Rolling month-to-month contract; Under 12 months tenure,NO_ONLINE_SECURITY|NO_DEVICE_PROTECTION|MONTH_TO_MONTH|NEW_CUSTOMER,OFF-CONTRACT-1Y:56|OFF-SEC-12:-13,,recommended,3,0
4302-ZYFEL,treatment,0.01,below,5366.0,20.55,69,,,0.0,0.0,0.0,20.0,Phone-only account,NO_INTERNET,,,no_action_needed,3,0
0096-BXERS,treatment,0.4987,above,3442.0,50.35,6,OFF-CONTRACT-2Y,2-year contract at 15% off,90.63,0.18,218.34,20.0,No tech support add-on; No online security add-on; No device protection; Rolling month-to-month contract; Manual payment method; Under 12 months tenure,NO_TECH_SUPPORT|NO_ONLINE_SECURITY|NO_DEVICE_PROTECTION|MONTH_TO_MONTH|MANUAL_PAYMENT|NEW_CUSTOMER,OFF-CONTRACT-2Y:218|OFF-CONTRACT-1Y:146|OFF-BUNDLE-ALL:120|OFF-TECHSUP-12:77|OFF-SEC-12:26|OFF-AUTOPAY:9,,recommended,3,0
8430-TWCBX,treatment,0.0279,below,4074.0,20.7,49,,,0.0,0.0,0.0,20.0,Phone-only account,NO_INTERNET,,,no_action_needed,3,0
4737-HOBAX,treatment,0.0783,below,4073.0,79.8,63,,,0.0,0.0,0.0,20.0,No online security add-on,NO_ONLINE_SECURITY,OFF-SEC-12:-44,OFF-SEC-12:R3_POSITIVE_EV,no_action_needed,3,0
7632-YUTXB,treatment,0.01,below,2010.0,20.05,25,,,0.0,0.0,0.0,20.0,Manual payment method; Phone-only account,MANUAL_PAYMENT|NO_INTERNET,OFF-AUTOPAY:-59,OFF-AUTOPAY:R2_MARGIN_FLOOR,no_action_needed,3,0
7691-XVTZH,treatment,0.1726,below,5672.0,89.95,68,,,0.0,0.0,0.0,20.0,"No tech support add-on; No online security add-on; High bill, few add-ons; Premium fiber plan",NO_TECH_SUPPORT|NO_ONLINE_SECURITY|HIGH_CHARGE_LOW_BUNDLE|FIBER_PREMIUM,OFF-TECHSUP-12:18|OFF-BUNDLE-ALL:17|OFF-SEC-12:-11,OFF-TECHSUP-12:R3_POSITIVE_EV|OFF-BUNDLE-ALL:R3_POSITIVE_EV|OFF-SEC-12:R3_POSITIVE_EV,no_action_needed,3,0
2277-VWCNI,treatment,0.5061,above,3048.0,48.75,4,OFF-CONTRACT-1Y,1-year contract at 10% off,58.5,0.12,126.61,20.0,No tech support add-on; No online security add-on; No device protection; Rolling month-to-month contract; Manual payment method; Under 12 months tenure,NO_TECH_SUPPORT|NO_ONLINE_SECURITY|NO_DEVICE_PROTECTION|MONTH_TO_MONTH|MANUAL_PAYMENT|NEW_CUSTOMER,OFF-CONTRACT-1Y:127|OFF-BUNDLE-ALL:95|OFF-TECHSUP-12:63|OFF-SEC-12:17|OFF-AUTOPAY:2,,recommended,3,0
0377-JBKKT,treatment,0.0953,below,5036.0,57.95,22,,,0.0,0.0,0.0,20.0,No device protection; Rolling month-to-month contract; Manual payment method,NO_DEVICE_PROTECTION|MONTH_TO_MONTH|MANUAL_PAYMENT,OFF-CONTRACT-1Y:-12|OFF-CONTRACT-2Y:-18|OFF-AUTOPAY:-41,OFF-CONTRACT-1Y:R3_POSITIVE_EV|OFF-CONTRACT-2Y:R3_POSITIVE_EV|OFF-AUTOPAY:R3_POSITIVE_EV,no_action_needed,3,0
0257-KXZGU,treatment,0.0536,below,5442.0,62.45,32,,,0.0,0.0,0.0,20.0,No tech support add-on; No online security add-on; Rolling month-to-month contract,NO_TECH_SUPPORT|NO_ONLINE_SECURITY|MONTH_TO_MONTH,OFF-TECHSUP-12:-37|OFF-CONTRACT-1Y:-40|OFF-SEC-12:-46|OFF-CONTRACT-2Y:-60|OFF-BUNDLE-ALL:-80,OFF-TECHSUP-12:R3_POSITIVE_EV|OFF-CONTRACT-1Y:R3_POSITIVE_EV|OFF-SEC-12:R3_POSITIVE_EV|OFF-CONTRACT-2Y:R3_POSITIVE_EV|OFF-BUNDLE-ALL:R3_POSITIVE_EV,no_action_needed,3,0
2824-DXNKN,treatment,0.01,below,5656.0,71.45,72,,,0.0,0.0,0.0,20.0,No tech support add-on,NO_TECH_SUPPORT,OFF-TECHSUP-12:-56,OFF-TECHSUP-12:R3_POSITIVE_EV,no_action_needed,3,0
0420-TXVSG,treatment,0.0476,below,5933.0,66.1,66,,,0.0,0.0,0.0,20.0,No tech support add-on,NO_TECH_SUPPORT,OFF-TECHSUP-12:-38,OFF-TECHSUP-12:R3_POSITIVE_EV,no_action_needed,3,0
6874-SGLHU,treatment,0.2528,below,4126.0,97.0,30,OFF-BUNDLE-ALL,"Tech Support + Online Security bundle, 12 months",120.51,0.14,25.52,20.0,No tech support add-on; No online security add-on; No device protection; Premium fiber plan,NO_TECH_SUPPORT|NO_ONLINE_SECURITY|NO_DEVICE_PROTECTION|FIBER_PREMIUM,OFF-BUNDLE-ALL:26|OFF-TECHSUP-12:23|OFF-SEC-12:-8,,recommended,3,0
5951-AOFIH,treatment,0.1955,below,3843.0,66.4,33,,,0.0,0.0,0.0,20.0,No tech support add-on; No online security add-on; Rolling month-to-month contract,NO_TECH_SUPPORT|NO_ONLINE_SECURITY|MONTH_TO_MONTH,OFF-CONTRACT-2Y:16|OFF-CONTRACT-1Y:10|OFF-TECHSUP-12:-0|OFF-BUNDLE-ALL:-15|OFF-SEC-12:-23,OFF-CONTRACT-2Y:R3_POSITIVE_EV|OFF-CONTRACT-1Y:R3_POSITIVE_EV|OFF-TECHSUP-12:R3_POSITIVE_EV|OFF-BUNDLE-ALL:R3_POSITIVE_EV|OFF-SEC-12:R3_POSITIVE_EV,no_action_needed,3,0
5061-PBXFW,treatment,0.0483,below,2649.0,61.4,32,,,0.0,0.0,0.0,20.0,No device protection; Rolling month-to-month contract,NO_DEVICE_PROTECTION|MONTH_TO_MONTH,OFF-CONTRACT-1Y:-58|OFF-CONTRACT-2Y:-87,OFF-CONTRACT-1Y:R3_POSITIVE_EV|OFF-CONTRACT-2Y:R3_POSITIVE_EV,no_action_needed,3,0
3639-XJHKQ,treatment,0.2145,below,2463.0,60.6,19,,,0.0,0.0,0.0,20.0,No tech support add-on; Rolling month-to-month contract; Manual payment method,NO_TECH_SUPPORT|MONTH_TO_MONTH|MANUAL_PAYMENT,OFF-CONTRACT-1Y:-9|OFF-CONTRACT-2Y:-14|OFF-TECHSUP-12:-18|OFF-AUTOPAY:-39,OFF-CONTRACT-1Y:R3_POSITIVE_EV|OFF-CONTRACT-2Y:R3_POSITIVE_EV|OFF-TECHSUP-12:R3_POSITIVE_EV|OFF-AUTOPAY:R3_POSITIVE_EV,no_action_needed,3,0
2263-SFSQZ,treatment,0.01,below,5461.0,24.95,51,,,0.0,0.0,0.0,20.0,Manual payment method; Phone-only account,MANUAL_PAYMENT|NO_INTERNET,OFF-AUTOPAY:-58,OFF-AUTOPAY:R2_MARGIN_FLOOR,no_action_needed,3,0
9950-MTGYX,treatment,0.01,below,2948.0,20.3,28,,,0.0,0.0,0.0,20.0,Phone-only account,NO_INTERNET,,,no_action_needed,3,0
4825-FUREZ,treatment,0.0209,below,5940.0,20.25,42,,,0.0,0.0,0.0,20.0,Manual payment method; Phone-only account,MANUAL_PAYMENT|NO_INTERNET,OFF-AUTOPAY:-55,OFF-AUTOPAY:R2_MARGIN_FLOOR,no_action_needed,3,0
2672-OJQZP,treatment,0.4617,above,4118.0,44.75,1,OFF-CONTRACT-1Y,1-year contract at 10% off,53.7,0.12,174.45,20.0,No tech support add-on; No online security add-on; No device protection; Rolling month-to-month contract; Manual payment method; Under 12 months tenure,NO_TECH_SUPPORT|NO_ONLINE_SECURITY|NO_DEVICE_PROTECTION|MONTH_TO_MONTH|MANUAL_PAYMENT|NEW_CUSTOMER,OFF-CONTRACT-1Y:174|OFF-BUNDLE-ALL:146|OFF-TECHSUP-12:92|OFF-SEC-12:35|OFF-AUTOPAY:16,,recommended,3,0
2001-EWBQU,treatment,0.1905,below,6186.0,104.7,60,OFF-BUNDLE-ALL,"Tech Support + Online Security bundle, 12 months",120.51,0.14,44.47,20.0,No tech support add-on; No online security add-on; Manual payment method; Premium fiber plan,NO_TECH_SUPPORT|NO_ONLINE_SECURITY|MANUAL_PAYMENT|FIBER_PREMIUM,OFF-BUNDLE-ALL:44|OFF-TECHSUP-12:34|OFF-SEC-12:-1|OFF-AUTOPAY:-13,,recommended,3,0
0365-GXEZS,treatment,0.372,above,2831.0,78.2,18,OFF-CONTRACT-2Y,2-year contract at 15% off,140.76,0.18,48.8,20.0,No online security add-on; Rolling month-to-month contract; Manual payment method; Premium fiber plan,NO_ONLINE_SECURITY|MONTH_TO_MONTH|MANUAL_PAYMENT|FIBER_PREMIUM,OFF-CONTRACT-2Y:49|OFF-CONTRACT-1Y:33|OFF-SEC-12:-8|OFF-AUTOPAY:-18,,recommended,3,0
0082-OQIQY,treatment,0.4436,above,4561.0,94.2,29,OFF-CONTRACT-2Y,2-year contract at 15% off,169.56,0.18,194.63,20.0,No online security add-on; No device protection; Rolling month-to-month contract; Manual payment method; Premium fiber plan,NO_ONLINE_SECURITY|NO_DEVICE_PROTECTION|MONTH_TO_MONTH|MANUAL_PAYMENT|FIBER_PREMIUM,OFF-CONTRACT-2Y:195|OFF-CONTRACT-1Y:130|OFF-SEC-12:41|OFF-AUTOPAY:21,,recommended,3,0
2665-NPTGL,treatment,0.6573,above,3114.0,98.1,26,OFF-CONTRACT-2Y,2-year contract at 15% off,176.58,0.18,191.85,20.0,No tech support add-on; No online security add-on; Rolling month-to-month contract; Premium fiber plan,NO_TECH_SUPPORT|NO_ONLINE_SECURITY|MONTH_TO_MONTH|FIBER_PREMIUM,OFF-CONTRACT-2Y:192|OFF-BUNDLE-ALL:166|OFF-CONTRACT-1Y:128|OFF-TECHSUP-12:103|OFF-SEC-12:42,,recommended,3,0
1139-WUOAH,control,0.0629,below,5461.0,53.35,57,,,0.0,0.0,0.0,20.0,No online security add-on,NO_ONLINE_SECURITY,OFF-SEC-12:-43,OFF-SEC-12:R3_POSITIVE_EV,no_action_needed,3,0
4693-VWVBO,treatment,0.1644,below,3889.0,19.55,3,OFF-CONTRACT-1Y,1-year contract at 10% off,23.46,0.12,53.26,20.0,Rolling month-to-month contract; Manual payment method; Under 12 months tenure; Phone-only account,MONTH_TO_MONTH|MANUAL_PAYMENT|NEW_CUSTOMER|NO_INTERNET,OFF-CONTRACT-1Y:53|OFF-AUTOPAY:-34,,recommended,3,0
0988-JRWWP,treatment,0.582,above,3167.0,54.2,3,OFF-CONTRACT-1Y,1-year contract at 10% off,65.04,0.12,156.14,20.0,No tech support add-on; No online security add-on; No device protection; Rolling month-to-month contract; Manual payment method; Under 12 months tenure,NO_TECH_SUPPORT|NO_ONLINE_SECURITY|NO_DEVICE_PROTECTION|MONTH_TO_MONTH|MANUAL_PAYMENT|NEW_CUSTOMER,OFF-CONTRACT-1Y:156|OFF-BUNDLE-ALL:138|OFF-TECHSUP-12:87|OFF-SEC-12:32|OFF-AUTOPAY:14,,recommended,3,0
7251-XFOIL,treatment,0.0811,below,5536.0,89.2,61,,,0.0,0.0,0.0,20.0,"No tech support add-on; No online security add-on; Rolling month-to-month contract; Manual payment method; High bill, few add-ons; Premium fiber plan",NO_TECH_SUPPORT|NO_ONLINE_SECURITY|MONTH_TO_MONTH|MANUAL_PAYMENT|HIGH_CHARGE_LOW_BUNDLE|FIBER_PREMIUM,OFF-TECHSUP-12:-24|OFF-SEC-12:-38|OFF-AUTOPAY:-42|OFF-CONTRACT-1Y:-53|OFF-BUNDLE-ALL:-58|OFF-CONTRACT-2Y:-80,OFF-TECHSUP-12:R3_POSITIVE_EV|OFF-SEC-12:R3_POSITIVE_EV|OFF-AUTOPAY:R3_POSITIVE_EV|OFF-CONTRACT-1Y:R3_POSITIVE_EV|OFF-BUNDLE-ALL:R3_POSITIVE_EV|OFF-CONTRACT-2Y:R3_POSITIVE_EV,no_action_needed,3,0
7853-WNZSY,treatment,0.2941,above,5809.0,19.75,1,OFF-CONTRACT-1Y,1-year contract at 10% off,23.7,0.12,181.31,20.0,Rolling month-to-month contract; Under 12 months tenure; Phone-only account,MONTH_TO_MONTH|NEW_CUSTOMER|NO_INTERNET,OFF-CONTRACT-1Y:181,,recommended,3,0
6917-FIJHC,treatment,0.01,below,5374.0,26.0,72,,,0.0,0.0,0.0,20.0,Manual payment method; Phone-only account,MANUAL_PAYMENT|NO_INTERNET,OFF-AUTOPAY:-58,OFF-AUTOPAY:R2_MARGIN_FLOOR,no_action_needed,3,0
5329-KRDTM,treatment,0.0279,below,6202.0,77.35,72,,,0.0,0.0,0.0,20.0,No online security add-on,NO_ONLINE_SECURITY,OFF-SEC-12:-52,OFF-SEC-12:R3_POSITIVE_EV,no_action_needed,3,0
3530-VWVGU,treatment,0.054,below,5657.0,19.9,22,,,0.0,0.0,0.0,20.0,Rolling month-to-month contract; Manual payment method; Phone-only account,MONTH_TO_MONTH|MANUAL_PAYMENT|NO_INTERNET,OFF-CONTRACT-2Y:19|OFF-CONTRACT-1Y:13|OFF-AUTOPAY:-48,OFF-CONTRACT-2Y:R3_POSITIVE_EV|OFF-CONTRACT-1Y:R3_POSITIVE_EV|OFF-AUTOPAY:R2_MARGIN_FLOOR,no_action_needed,3,0
0707-HOVVN,treatment,0.0614,below,6024.0,75.5,70,,,0.0,0.0,0.0,20.0,No online security add-on,NO_ONLINE_SECURITY,OFF-SEC-12:-42,OFF-SEC-12:R3_POSITIVE_EV,no_action_needed,3,0
8671-KKKOS,treatment,0.3422,above,5565.0,45.55,46,OFF-CONTRACT-2Y,2-year contract at 15% off,81.99,0.18,260.79,20.0,No tech support add-on; No device protection; Rolling month-to-month contract; Manual payment method,NO_TECH_SUPPORT|NO_DEVICE_PROTECTION|MONTH_TO_MONTH|MANUAL_PAYMENT,OFF-CONTRACT-2Y:261|OFF-CONTRACT-1Y:174|OFF-TECHSUP-12:92|OFF-AUTOPAY:16,,recommended,3,0
1945-XISKS,treatment,0.0179,below,4994.0,19.65,67,,,0.0,0.0,0.0,20.0,Manual payment method; Phone-only account,MANUAL_PAYMENT|NO_INTERNET,OFF-AUTOPAY:-56,OFF-AUTOPAY:R2_MARGIN_FLOOR,no_action_needed,3,0
5360-LJCNJ,treatment,0.1776,below,5707.0,105.15,71,OFF-BUNDLE-ALL,"Tech Support + Online Security bundle, 12 months",120.51,0.14,21.39,20.0,No tech support add-on; No online security add-on; Premium fiber plan,NO_TECH_SUPPORT|NO_ONLINE_SECURITY|FIBER_PREMIUM,OFF-BUNDLE-ALL:21|OFF-TECHSUP-12:21|OFF-SEC-12:-9,,recommended,3,0
1100-DDVRV,treatment,0.4225,above,5575.0,49.8,17,OFF-CONTRACT-2Y,2-year contract at 15% off,89.64,0.18,334.34,20.0,No tech support add-on; No online security add-on; No device protection; Rolling month-to-month contract; Manual payment method,NO_TECH_SUPPORT|NO_ONLINE_SECURITY|NO_DEVICE_PROTECTION|MONTH_TO_MONTH|MANUAL_PAYMENT,OFF-CONTRACT-2Y:334|OFF-CONTRACT-1Y:223|OFF-BUNDLE-ALL:209|OFF-TECHSUP-12:128|OFF-SEC-12:58|OFF-AUTOPAY:34,,recommended,3,0
7216-KAOID,treatment,0.01,below,2446.0,19.5,41,,,0.0,0.0,0.0,20.0,Phone-only account,NO_INTERNET,,,no_action_needed,3,0
1385-TQOZW,treatment,0.0969,below,2392.0,20.45,9,,,0.0,0.0,0.0,20.0,Rolling month-to-month contract; Under 12 months tenure; Phone-only account,MONTH_TO_MONTH|NEW_CUSTOMER|NO_INTERNET,OFF-CONTRACT-2Y:5|OFF-CONTRACT-1Y:3,OFF-CONTRACT-2Y:R3_POSITIVE_EV|OFF-CONTRACT-1Y:R3_POSITIVE_EV,no_action_needed,3,0
4329-YPDDQ,treatment,0.35,above,2102.0,108.2,20,,,0.0,0.0,0.0,20.0,Rolling month-to-month contract; Premium fiber plan,MONTH_TO_MONTH|FIBER_PREMIUM,OFF-CONTRACT-1Y:-42|OFF-CONTRACT-2Y:-62,OFF-CONTRACT-1Y:R3_POSITIVE_EV|OFF-CONTRACT-2Y:R3_POSITIVE_EV,review_no_profitable_offer,3,0
1386-ZIKUV,treatment,0.089,below,4097.0,18.95,7,OFF-CONTRACT-2Y,2-year contract at 15% off,34.11,0.18,31.52,20.0,Rolling month-to-month contract; Manual payment method; Under 12 months tenure; Phone-only account,MONTH_TO_MONTH|MANUAL_PAYMENT|NEW_CUSTOMER|NO_INTERNET,OFF-CONTRACT-2Y:32|OFF-CONTRACT-1Y:21|OFF-AUTOPAY:-45,,recommended,3,0
0599-XNYDO,treatment,0.4001,above,5456.0,69.8,20,OFF-CONTRACT-2Y,2-year contract at 15% off,125.64,0.18,267.29,20.0,No tech support add-on; No online security add-on; No device protection; Rolling month-to-month contract; Premium fiber plan,NO_TECH_SUPPORT|NO_ONLINE_SECURITY|NO_DEVICE_PROTECTION|MONTH_TO_MONTH|FIBER_PREMIUM,OFF-CONTRACT-2Y:267|OFF-BUNDLE-ALL:185|OFF-CONTRACT-1Y:178|OFF-TECHSUP-12:114|OFF-SEC-12:49,,recommended,3,0
6377-WHAOX,treatment,0.4714,above,4115.0,106.15,60,OFF-CONTRACT-2Y,2-year contract at 15% off,191.07,0.18,158.1,20.0,No tech support add-on; No online security add-on; Rolling month-to-month contract; Manual payment method; Premium fiber plan,NO_TECH_SUPPORT|NO_ONLINE_SECURITY|MONTH_TO_MONTH|MANUAL_PAYMENT|FIBER_PREMIUM,OFF-CONTRACT-2Y:158|OFF-BUNDLE-ALL:151|OFF-CONTRACT-1Y:105|OFF-TECHSUP-12:95|OFF-SEC-12:37|OFF-AUTOPAY:18,,recommended,3,0
3181-MIZBN,treatment,0.205,below,3677.0,19.75,16,OFF-CONTRACT-2Y,2-year contract at 15% off,35.55,0.18,100.13,20.0,Rolling month-to-month contract; Manual payment method; Phone-only account,MONTH_TO_MONTH|MANUAL_PAYMENT|NO_INTERNET,OFF-CONTRACT-2Y:100|OFF-CONTRACT-1Y:67|OFF-AUTOPAY:-30,,recommended,3,0
0471-ARVMX,treatment,0.3045,above,5061.0,104.85,62,OFF-TECHSUP-12,Tech Support bundled free for 12 months,60.35,0.08,62.94,20.0,No tech support add-on; Manual payment method; Premium fiber plan,NO_TECH_SUPPORT|MANUAL_PAYMENT|FIBER_PREMIUM,OFF-TECHSUP-12:63|OFF-AUTOPAY:2,,recommended,3,0
5650-YLIBA,treatment,0.4777,above,3031.0,81.15,31,OFF-CONTRACT-2Y,2-year contract at 15% off,146.07,0.18,114.55,20.0,"No tech support add-on; No online security add-on; No device protection; Rolling month-to-month contract; Manual payment method; High bill, few add-ons; Premium fiber plan",NO_TECH_SUPPORT|NO_ONLINE_SECURITY|NO_DEVICE_PROTECTION|MONTH_TO_MONTH|MANUAL_PAYMENT|HIGH_CHARGE_LOW_BUNDLE|FIBER_PREMIUM,OFF-CONTRACT-2Y:115|OFF-BUNDLE-ALL:82|OFF-CONTRACT-1Y:76|OFF-TECHSUP-12:55|OFF-SEC-12:12|OFF-AUTOPAY:-2,,recommended,3,0
1494-EJZDW,treatment,0.01,below,2836.0,20.15,10,,,0.0,0.0,0.0,20.0,Manual payment method; Under 12 months tenure; Phone-only account,MANUAL_PAYMENT|NEW_CUSTOMER|NO_INTERNET,OFF-AUTOPAY:-59,OFF-AUTOPAY:R2_MARGIN_FLOOR,no_action_needed,3,0
9256-JTBNZ,control,0.1566,below,4188.0,20.3,11,OFF-CONTRACT-2Y,2-year contract at 15% off,36.54,0.18,81.51,20.0,Rolling month-to-month contract; Under 12 months tenure; Phone-only account,MONTH_TO_MONTH|NEW_CUSTOMER|NO_INTERNET,OFF-CONTRACT-2Y:82|OFF-CONTRACT-1Y:54,,recommended,3,0
2432-TFSMK,treatment,0.2304,below,2269.0,89.6,18,,,0.0,0.0,0.0,20.0,"No tech support add-on; No online security add-on; High bill, few add-ons; Premium fiber plan",NO_TECH_SUPPORT|NO_ONLINE_SECURITY|HIGH_CHARGE_LOW_BUNDLE|FIBER_PREMIUM,OFF-TECHSUP-12:-19|OFF-SEC-12:-34|OFF-BUNDLE-ALL:-47,OFF-TECHSUP-12:R3_POSITIVE_EV|OFF-SEC-12:R3_POSITIVE_EV|OFF-BUNDLE-ALL:R3_POSITIVE_EV,no_action_needed,3,0
1741-WTPON,control,0.01,below,4937.0,115.85,56,,,0.0,0.0,0.0,20.0,Manual payment method; Premium fiber plan,MANUAL_PAYMENT|FIBER_PREMIUM,OFF-AUTOPAY:-58,OFF-AUTOPAY:R3_POSITIVE_EV,no_action_needed,3,0
3594-KADLU,treatment,0.3563,above,3610.0,35.1,3,OFF-CONTRACT-1Y,1-year contract at 10% off,42.12,0.12,112.23,20.0,No device protection; Rolling month-to-month contract; Manual payment method; Under 12 months tenure,NO_DEVICE_PROTECTION|MONTH_TO_MONTH|MANUAL_PAYMENT|NEW_CUSTOMER,OFF-CONTRACT-1Y:112|OFF-AUTOPAY:-9,,recommended,3,0
3680-CTHUH,treatment,0.1658,below,5680.0,116.6,60,,,0.0,0.0,0.0,20.0,Premium fiber plan,FIBER_PREMIUM,,,no_action_needed,3,0
6112-KTHFQ,treatment,0.0938,below,5917.0,19.3,13,OFF-CONTRACT-2Y,2-year contract at 15% off,34.74,0.18,65.16,20.0,Rolling month-to-month contract; Manual payment method; Phone-only account,MONTH_TO_MONTH|MANUAL_PAYMENT|NO_INTERNET,OFF-CONTRACT-2Y:65|OFF-CONTRACT-1Y:43|OFF-AUTOPAY:-38,,recommended,3,0
1852-XEMDW,treatment,0.1672,below,4709.0,65.05,22,OFF-CONTRACT-2Y,2-year contract at 15% off,117.09,0.18,24.63,20.0,No tech support add-on; Rolling month-to-month contract; Manual payment method,NO_TECH_SUPPORT|MONTH_TO_MONTH|MANUAL_PAYMENT,OFF-CONTRACT-2Y:25|OFF-CONTRACT-1Y:16|OFF-TECHSUP-12:3|OFF-AUTOPAY:-29,,recommended,3,0
1820-DJFPH,treatment,0.01,below,4755.0,24.05,72,,,0.0,0.0,0.0,20.0,Phone-only account,NO_INTERNET,,,no_action_needed,3,0
9717-QEBGU,treatment,0.5672,above,2980.0,70.3,2,OFF-CONTRACT-1Y,1-year contract at 10% off,84.36,0.12,118.47,20.0,No tech support add-on; No online security add-on; No device protection; Rolling month-to-month contract; Manual payment method; Under 12 months tenure; Premium fiber plan,NO_TECH_SUPPORT|NO_ONLINE_SECURITY|NO_DEVICE_PROTECTION|MONTH_TO_MONTH|MANUAL_PAYMENT|NEW_CUSTOMER|FIBER_PREMIUM,OFF-CONTRACT-1Y:118|OFF-BUNDLE-ALL:116|OFF-TECHSUP-12:75|OFF-SEC-12:24|OFF-AUTOPAY:8,,recommended,3,0
4530-NDRKU,treatment,0.01,below,5091.0,19.05,42,,,0.0,0.0,0.0,20.0,Manual payment method; Phone-only account,MANUAL_PAYMENT|NO_INTERNET,OFF-AUTOPAY:-58,OFF-AUTOPAY:R2_MARGIN_FLOOR,no_action_needed,3,0
8455-HIRAQ,treatment,0.2597,below,4909.0,44.45,8,OFF-CONTRACT-2Y,2-year contract at 15% off,80.01,0.18,149.47,20.0,No tech support add-on; No online security add-on; No device protection; Rolling month-to-month contract; Manual payment method; Under 12 months tenure,NO_TECH_SUPPORT|NO_ONLINE_SECURITY|NO_DEVICE_PROTECTION|MONTH_TO_MONTH|MANUAL_PAYMENT|NEW_CUSTOMER,OFF-CONTRACT-2Y:149|OFF-CONTRACT-1Y:100|OFF-BUNDLE-ALL:58|OFF-TECHSUP-12:42|OFF-SEC-12:4|OFF-AUTOPAY:-9,,recommended,3,0
3884-UEBXB,treatment,0.01,below,6314.0,36.15,67,,,0.0,0.0,0.0,20.0,No tech support add-on; No device protection,NO_TECH_SUPPORT|NO_DEVICE_PROTECTION,OFF-TECHSUP-12:-55,OFF-TECHSUP-12:R3_POSITIVE_EV,no_action_needed,3,0
8780-RSYYU,treatment,0.028,below,2159.0,19.2,25,,,0.0,0.0,0.0,20.0,Rolling month-to-month contract; Phone-only account,MONTH_TO_MONTH|NO_INTERNET,OFF-CONTRACT-1Y:-16|OFF-CONTRACT-2Y:-24,OFF-CONTRACT-1Y:R3_POSITIVE_EV|OFF-CONTRACT-2Y:R3_POSITIVE_EV,no_action_needed,3,0
5537-UXXVS,treatment,0.1239,below,4137.0,19.25,20,OFF-CONTRACT-2Y,2-year contract at 15% off,34.65,0.18,57.61,20.0,Rolling month-to-month contract; Phone-only account,MONTH_TO_MONTH|NO_INTERNET,OFF-CONTRACT-2Y:58|OFF-CONTRACT-1Y:38,,recommended,3,0
8701-DGLVH,control,0.01,below,6097.0,20.45,51,,,0.0,0.0,0.0,20.0,Manual payment method; Phone-only account,MANUAL_PAYMENT|NO_INTERNET,OFF-AUTOPAY:-58,OFF-AUTOPAY:R2_MARGIN_FLOOR,no_action_needed,3,0
8741-LQOBK,treatment,0.1346,below,4829.0,35.05,46,OFF-CONTRACT-2Y,2-year contract at 15% off,63.09,0.18,53.91,20.0,No tech support add-on; No device protection; Rolling month-to-month contract,NO_TECH_SUPPORT|NO_DEVICE_PROTECTION|MONTH_TO_MONTH,OFF-CONTRACT-2Y:54|OFF-CONTRACT-1Y:36|OFF-TECHSUP-12:-8,,recommended,3,0
0980-FEXWF,treatment,0.01,below,3386.0,50.35,26,,,0.0,0.0,0.0,20.0,No tech support add-on; No online security add-on; Manual payment method,NO_TECH_SUPPORT|NO_ONLINE_SECURITY|MANUAL_PAYMENT,OFF-TECHSUP-12:-58|OFF-SEC-12:-58|OFF-AUTOPAY:-59|OFF-BUNDLE-ALL:-116,OFF-TECHSUP-12:R3_POSITIVE_EV|OFF-SEC-12:R3_POSITIVE_EV|OFF-AUTOPAY:R3_POSITIVE_EV|OFF-BUNDLE-ALL:R2_MARGIN_FLOOR,no_action_needed,3,0
3011-WQKSZ,treatment,0.1362,below,5188.0,20.0,19,OFF-CONTRACT-2Y,2-year contract at 15% off,36.0,0.18,91.19,20.0,Rolling month-to-month contract; Manual payment method; Phone-only account,MONTH_TO_MONTH|MANUAL_PAYMENT|NO_INTERNET,OFF-CONTRACT-2Y:91|OFF-CONTRACT-1Y:61|OFF-AUTOPAY:-32,,recommended,3,0
8024-XNAFQ,treatment,0.0179,below,5294.0,107.4,72,,,0.0,0.0,0.0,20.0,Premium fiber plan,FIBER_PREMIUM,,,no_action_needed,3,0
0265-PSUAE,treatment,0.2287,below,3337.0,100.7,16,,,0.0,0.0,0.0,20.0,No tech support add-on; Rolling month-to-month contract; Premium fiber plan,NO_TECH_SUPPORT|MONTH_TO_MONTH|FIBER_PREMIUM,OFF-TECHSUP-12:1|OFF-CONTRACT-1Y:-29|OFF-CONTRACT-2Y:-44,OFF-TECHSUP-12:R3_POSITIVE_EV|OFF-CONTRACT-1Y:R3_POSITIVE_EV|OFF-CONTRACT-2Y:R3_POSITIVE_EV,no_action_needed,3,0
0463-TXOAK,control,0.01,below,5662.0,25.6,52,,,0.0,0.0,0.0,20.0,Phone-only account,NO_INTERNET,,,no_action_needed,3,0
9128-CPXKI,treatment,0.1147,below,5470.0,95.8,59,,,0.0,0.0,0.0,20.0,No tech support add-on; No online security add-on; Manual payment method; Premium fiber plan,NO_TECH_SUPPORT|NO_ONLINE_SECURITY|MANUAL_PAYMENT|FIBER_PREMIUM,OFF-TECHSUP-12:-10|OFF-SEC-12:-29|OFF-BUNDLE-ALL:-33|OFF-AUTOPAY:-35,OFF-TECHSUP-12:R3_POSITIVE_EV|OFF-SEC-12:R3_POSITIVE_EV|OFF-BUNDLE-ALL:R3_POSITIVE_EV|OFF-AUTOPAY:R3_POSITIVE_EV,no_action_needed,3,0
5760-FXFVO,treatment,0.4998,above,4093.0,78.95,6,OFF-CONTRACT-2Y,2-year contract at 15% off,142.11,0.18,226.11,20.0,No tech support add-on; No device protection; Rolling month-to-month contract; Manual payment method; Under 12 months tenure; Premium fiber plan,NO_TECH_SUPPORT|NO_DEVICE_PROTECTION|MONTH_TO_MONTH|MANUAL_PAYMENT|NEW_CUSTOMER|FIBER_PREMIUM,OFF-CONTRACT-2Y:226|OFF-CONTRACT-1Y:151|OFF-TECHSUP-12:103|OFF-AUTOPAY:22,,recommended,3,0
5181-OABFK,control,0.01,below,4173.0,61.3,56,,,0.0,0.0,0.0,20.0,No tech support add-on,NO_TECH_SUPPORT,OFF-TECHSUP-12:-57,OFF-TECHSUP-12:R3_POSITIVE_EV,no_action_needed,3,0
7816-VGHTO,treatment,0.0193,below,2866.0,40.55,6,,,0.0,0.0,0.0,20.0,No online security add-on; Manual payment method; Under 12 months tenure,NO_ONLINE_SECURITY|MANUAL_PAYMENT|NEW_CUSTOMER,OFF-SEC-12:-57|OFF-AUTOPAY:-58,OFF-SEC-12:R3_POSITIVE_EV|OFF-AUTOPAY:R3_POSITIVE_EV,no_action_needed,3,0
7581-EBBOU,treatment,0.0581,below,4260.0,70.15,60,,,0.0,0.0,0.0,20.0,No online security add-on,NO_ONLINE_SECURITY,OFF-SEC-12:-48,OFF-SEC-12:R3_POSITIVE_EV,no_action_needed,3,0
6119-SPUDB,treatment,0.0109,below,2653.0,38.25,46,,,0.0,0.0,0.0,20.0,Manual payment method,MANUAL_PAYMENT,OFF-AUTOPAY:-59,OFF-AUTOPAY:R3_POSITIVE_EV,no_action_needed,3,0
1319-YLZJG,treatment,0.5528,above,2499.0,84.6,12,OFF-CONTRACT-2Y,2-year contract at 15% off,152.28,0.18,96.38,20.0,No tech support add-on; Rolling month-to-month contract; Manual payment method; Premium fiber plan,NO_TECH_SUPPORT|MONTH_TO_MONTH|MANUAL_PAYMENT|FIBER_PREMIUM,OFF-CONTRACT-2Y:96|OFF-CONTRACT-1Y:64|OFF-TECHSUP-12:50|OFF-AUTOPAY:-5,,recommended,3,0
9298-WGMRW,treatment,0.0365,below,4697.0,115.5,72,,,0.0,0.0,0.0,20.0,Premium fiber plan,FIBER_PREMIUM,,,no_action_needed,3,0
6681-ZSEXG,treatment,0.0583,below,5477.0,59.5,56,,,0.0,0.0,0.0,20.0,No tech support add-on; No online security add-on,NO_TECH_SUPPORT|NO_ONLINE_SECURITY,OFF-TECHSUP-12:-35|OFF-SEC-12:-44|OFF-BUNDLE-ALL:-76,OFF-TECHSUP-12:R3_POSITIVE_EV|OFF-SEC-12:R3_POSITIVE_EV|OFF-BUNDLE-ALL:R3_POSITIVE_EV,no_action_needed,3,0
3125-RAHBV,treatment,0.0109,below,2768.0,20.3,22,,,0.0,0.0,0.0,20.0,Phone-only account,NO_INTERNET,,,no_action_needed,3,0
0373-AIVNJ,treatment,0.115,below,3755.0,39.55,9,,,0.0,0.0,0.0,20.0,No tech support add-on; Manual payment method; Under 12 months tenure,NO_TECH_SUPPORT|MANUAL_PAYMENT|NEW_CUSTOMER,OFF-TECHSUP-12:-26|OFF-AUTOPAY:-43,OFF-TECHSUP-12:R3_POSITIVE_EV|OFF-AUTOPAY:R3_POSITIVE_EV,no_action_needed,3,0
8849-AYPTR,treatment,0.4405,above,3296.0,91.25,33,OFF-CONTRACT-2Y,2-year contract at 15% off,164.25,0.18,97.09,20.0,"No tech support add-on; No online security add-on; No device protection; Rolling month-to-month contract; Manual payment method; High bill, few add-ons; Premium fiber plan",NO_TECH_SUPPORT|NO_ONLINE_SECURITY|NO_DEVICE_PROTECTION|MONTH_TO_MONTH|MANUAL_PAYMENT|HIGH_CHARGE_LOW_BUNDLE|FIBER_PREMIUM,OFF-CONTRACT-2Y:97|OFF-BUNDLE-ALL:83|OFF-CONTRACT-1Y:65|OFF-TECHSUP-12:56|OFF-SEC-12:12|OFF-AUTOPAY:-2,,recommended,3,0
3646-ITDGM,treatment,0.1552,below,4831.0,19.7,56,,,0.0,0.0,0.0,20.0,Phone-only account,NO_INTERNET,,,no_action_needed,3,0
8224-KDLKN,treatment,0.01,below,4275.0,25.0,72,,,0.0,0.0,0.0,20.0,Phone-only account,NO_INTERNET,,,no_action_needed,3,0
8727-XDPUD,treatment,0.064,below,5658.0,35.8,37,,,0.0,0.0,0.0,20.0,No tech support add-on; No online security add-on; No device protection,NO_TECH_SUPPORT|NO_ONLINE_SECURITY|NO_DEVICE_PROTECTION,OFF-TECHSUP-12:-31|OFF-SEC-12:-42|OFF-BUNDLE-ALL:-70,OFF-TECHSUP-12:R3_POSITIVE_EV|OFF-SEC-12:R3_POSITIVE_EV|OFF-BUNDLE-ALL:R2_MARGIN_FLOOR,no_action_needed,3,0
7762-ONLJY,control,0.0109,below,4122.0,19.7,6,,,0.0,0.0,0.0,20.0,Manual payment method; Under 12 months tenure; Phone-only account,MANUAL_PAYMENT|NEW_CUSTOMER|NO_INTERNET,OFF-AUTOPAY:-58,OFF-AUTOPAY:R2_MARGIN_FLOOR,no_action_needed,3,0
9814-AOUDH,treatment,0.0965,below,5625.0,19.5,53,,,0.0,0.0,0.0,20.0,Phone-only account,NO_INTERNET,,,no_action_needed,3,0
6175-IRFIT,treatment,0.4876,above,2610.0,78.75,5,OFF-CONTRACT-1Y,1-year contract at 10% off,94.5,0.12,58.22,20.0,No tech support add-on; No online security add-on; No device protection; Rolling month-to-month contract; Manual payment method; Under 12 months tenure; Premium fiber plan,NO_TECH_SUPPORT|NO_ONLINE_SECURITY|NO_DEVICE_PROTECTION|MONTH_TO_MONTH|MANUAL_PAYMENT|NEW_CUSTOMER|FIBER_PREMIUM,OFF-CONTRACT-1Y:58|OFF-BUNDLE-ALL:58|OFF-TECHSUP-12:41|OFF-SEC-12:3|OFF-AUTOPAY:-9,,recommended,3,0
1622-HSHSF,treatment,0.4716,above,5607.0,19.55,1,OFF-CONTRACT-1Y,1-year contract at 10% off,23.46,0.12,293.85,20.0,Rolling month-to-month contract; Manual payment method; Under 12 months tenure; Phone-only account,MONTH_TO_MONTH|MANUAL_PAYMENT|NEW_CUSTOMER|NO_INTERNET,OFF-CONTRACT-1Y:294|OFF-AUTOPAY:46,,recommended,3,0
9972-NKTFD,treatment,0.1245,below,3185.0,54.65,28,,,0.0,0.0,0.0,20.0,No online security add-on; No device protection; Rolling month-to-month contract,NO_ONLINE_SECURITY|NO_DEVICE_PROTECTION|MONTH_TO_MONTH,OFF-CONTRACT-1Y:-18|OFF-CONTRACT-2Y:-27|OFF-SEC-12:-40,OFF-CONTRACT-1Y:R3_POSITIVE_EV|OFF-CONTRACT-2Y:R3_POSITIVE_EV|OFF-SEC-12:R3_POSITIVE_EV,no_action_needed,3,0
6654-QGBZZ,treatment,0.442,above,5057.0,19.9,1,OFF-CONTRACT-1Y,1-year contract at 10% off,23.88,0.12,244.34,20.0,Rolling month-to-month contract; Manual payment method; Under 12 months tenure; Phone-only account,MONTH_TO_MONTH|MANUAL_PAYMENT|NEW_CUSTOMER|NO_INTERNET,OFF-CONTRACT-1Y:244|OFF-AUTOPAY:29,,recommended,3,0
3339-EAQNV,control,0.1196,below,6156.0,97.25,72,,,0.0,0.0,0.0,20.0,No tech support add-on; No online security add-on; No device protection; Premium fiber plan,NO_TECH_SUPPORT|NO_ONLINE_SECURITY|NO_DEVICE_PROTECTION|FIBER_PREMIUM,OFF-TECHSUP-12:-1|OFF-BUNDLE-ALL:-17|OFF-SEC-12:-23,OFF-TECHSUP-12:R3_POSITIVE_EV|OFF-BUNDLE-ALL:R3_POSITIVE_EV|OFF-SEC-12:R3_POSITIVE_EV,no_action_needed,3,0
1360-XFJMR,treatment,0.2941,above,4017.0,109.7,67,,,0.0,0.0,0.0,20.0,No online security add-on; Premium fiber plan,NO_ONLINE_SECURITY|FIBER_PREMIUM,OFF-SEC-12:-1,OFF-SEC-12:R3_POSITIVE_EV,review_no_profitable_offer,3,0
0056-EPFBG,treatment,0.0109,below,3899.0,39.4,20,,,0.0,0.0,0.0,20.0,,,,,no_action_needed,3,0
8190-ZTQFB,treatment,0.2631,below,5622.0,51.35,41,OFF-TECHSUP-12,Tech Support bundled free for 12 months,60.35,0.08,57.98,20.0,No tech support add-on; No online security add-on; Manual payment method,NO_TECH_SUPPORT|NO_ONLINE_SECURITY|MANUAL_PAYMENT,OFF-BUNDLE-ALL:87|OFF-TECHSUP-12:58|OFF-SEC-12:14|OFF-AUTOPAY:-1,OFF-BUNDLE-ALL:R2_MARGIN_FLOOR,recommended,3,0
7515-LODFU,treatment,0.01,below,4042.0,20.3,69,,,0.0,0.0,0.0,20.0,Phone-only account,NO_INTERNET,,,no_action_needed,3,0
0440-UEDAI,treatment,0.1301,below,5452.0,94.45,53,,,0.0,0.0,0.0,20.0,No online security add-on; Premium fiber plan,NO_ONLINE_SECURITY|FIBER_PREMIUM,OFF-SEC-12:-25,OFF-SEC-12:R3_POSITIVE_EV,no_action_needed,3,0
0868-VJRDR,treatment,0.1208,below,4337.0,104.05,64,,,0.0,0.0,0.0,20.0,No device protection; Premium fiber plan,NO_DEVICE_PROTECTION|FIBER_PREMIUM,,,no_action_needed,3,0
0899-LIIBW,treatment,0.5435,above,5891.0,100.85,34,OFF-CONTRACT-2Y,2-year contract at 15% off,181.53,0.18,394.79,20.0,No tech support add-on; No online security add-on; Rolling month-to-month contract; Manual payment method; Premium fiber plan,NO_TECH_SUPPORT|NO_ONLINE_SECURITY|MONTH_TO_MONTH|MANUAL_PAYMENT|FIBER_PREMIUM,OFF-CONTRACT-2Y:395|OFF-BUNDLE-ALL:328|OFF-CONTRACT-1Y:263|OFF-TECHSUP-12:196|OFF-SEC-12:100|OFF-AUTOPAY:68,,recommended,3,0
5825-XJOCM,treatment,0.01,below,2545.0,64.4,48,,,0.0,0.0,0.0,20.0,No tech support add-on,NO_TECH_SUPPORT,OFF-TECHSUP-12:-58,OFF-TECHSUP-12:R3_POSITIVE_EV,no_action_needed,3,0
6848-YLDFR,treatment,0.01,below,4559.0,75.2,58,,,0.0,0.0,0.0,20.0,No online security add-on; No device protection,NO_ONLINE_SECURITY|NO_DEVICE_PROTECTION,OFF-SEC-12:-58,OFF-SEC-12:R3_POSITIVE_EV,no_action_needed,3,0
4973-RLZVI,treatment,0.0981,below,5616.0,74.65,30,,,0.0,0.0,0.0,20.0,,,,,no_action_needed,3,0
4501-UYKBC,treatment,0.1573,below,3856.0,69.1,46,,,0.0,0.0,0.0,20.0,No online security add-on,NO_ONLINE_SECURITY,OFF-SEC-12:-30,OFF-SEC-12:R3_POSITIVE_EV,no_action_needed,3,0
0562-FGDCR,treatment,0.01,below,4703.0,74.55,72,,,0.0,0.0,0.0,20.0,No device protection; Manual payment method,NO_DEVICE_PROTECTION|MANUAL_PAYMENT,OFF-AUTOPAY:-58,OFF-AUTOPAY:R3_POSITIVE_EV,no_action_needed,3,0
6075-QMNRR,treatment,0.0918,below,6334.0,49.75,52,,,0.0,0.0,0.0,20.0,No tech support add-on; No device protection; Rolling month-to-month contract,NO_TECH_SUPPORT|NO_DEVICE_PROTECTION|MONTH_TO_MONTH,OFF-CONTRACT-2Y:15|OFF-CONTRACT-1Y:10|OFF-TECHSUP-12:-14,OFF-CONTRACT-2Y:R3_POSITIVE_EV|OFF-CONTRACT-1Y:R3_POSITIVE_EV|OFF-TECHSUP-12:R3_POSITIVE_EV,no_action_needed,3,0
5966-EMAZU,treatment,0.2416,below,4576.0,108.5,64,,,0.0,0.0,0.0,20.0,Manual payment method; Premium fiber plan,MANUAL_PAYMENT|FIBER_PREMIUM,OFF-AUTOPAY:-16,OFF-AUTOPAY:R3_POSITIVE_EV,no_action_needed,3,0
5566-SOEZD,treatment,0.01,below,5856.0,80.65,27,,,0.0,0.0,0.0,20.0,"No tech support add-on; No device protection; High bill, few add-ons; Premium fiber plan",NO_TECH_SUPPORT|NO_DEVICE_PROTECTION|HIGH_CHARGE_LOW_BUNDLE|FIBER_PREMIUM,OFF-TECHSUP-12:-56,OFF-TECHSUP-12:R3_POSITIVE_EV,no_action_needed,3,0
9842-EFSYY,treatment,0.3037,above,2421.0,57.2,4,,,0.0,0.0,0.0,20.0,No tech support add-on; Rolling month-to-month contract; Manual payment method; Under 12 months tenure,NO_TECH_SUPPORT|MONTH_TO_MONTH|MANUAL_PAYMENT|NEW_CUSTOMER,OFF-CONTRACT-1Y:20|OFF-TECHSUP-12:-2|OFF-AUTOPAY:-31,OFF-CONTRACT-1Y:R3_POSITIVE_EV|OFF-TECHSUP-12:R3_POSITIVE_EV|OFF-AUTOPAY:R3_POSITIVE_EV,review_no_profitable_offer,3,0
2272-WUSPA,treatment,0.0378,below,4848.0,110.75,72,,,0.0,0.0,0.0,20.0,No tech support add-on; Manual payment method; Premium fiber plan,NO_TECH_SUPPORT|MANUAL_PAYMENT|FIBER_PREMIUM,OFF-TECHSUP-12:-46|OFF-AUTOPAY:-53,OFF-TECHSUP-12:R3_POSITIVE_EV|OFF-AUTOPAY:R3_POSITIVE_EV,no_action_needed,3,0
6527-PZFPV,treatment,0.01,below,4654.0,20.8,24,,,0.0,0.0,0.0,20.0,Phone-only account,NO_INTERNET,,,no_action_needed,3,0
5236-XMZJY,treatment,0.1776,below,3048.0,59.65,42,,,0.0,0.0,0.0,20.0,No tech support add-on; Rolling month-to-month contract,NO_TECH_SUPPORT|MONTH_TO_MONTH,OFF-CONTRACT-1Y:-7|OFF-CONTRACT-2Y:-10|OFF-TECHSUP-12:-17,OFF-CONTRACT-1Y:R3_POSITIVE_EV|OFF-CONTRACT-2Y:R3_POSITIVE_EV|OFF-TECHSUP-12:R3_POSITIVE_EV,no_action_needed,3,0
2694-CIUMO,treatment,0.5676,above,3445.0,79.55,12,OFF-CONTRACT-2Y,2-year contract at 15% off,143.19,0.18,208.78,20.0,No online security add-on; No device protection; Rolling month-to-month contract; Premium fiber plan,NO_ONLINE_SECURITY|NO_DEVICE_PROTECTION|MONTH_TO_MONTH|FIBER_PREMIUM,OFF-CONTRACT-2Y:209|OFF-CONTRACT-1Y:139|OFF-SEC-12:38,,recommended,3,0
5600-PDUJF,treatment,0.3003,above,5552.0,49.5,6,OFF-CONTRACT-2Y,2-year contract at 15% off,89.1,0.18,211.01,20.0,No online security add-on; No device protection; Rolling month-to-month contract; Under 12 months tenure,NO_ONLINE_SECURITY|NO_DEVICE_PROTECTION|MONTH_TO_MONTH|NEW_CUSTOMER,OFF-CONTRACT-2Y:211|OFF-CONTRACT-1Y:141|OFF-SEC-12:23,,recommended,3,0
9367-TCUYN,treatment,0.1905,below,5179.0,20.1,12,OFF-CONTRACT-2Y,2-year contract at 15% off,36.18,0.18,141.41,20.0,Rolling month-to-month contract; Manual payment method; Phone-only account,MONTH_TO_MONTH|MANUAL_PAYMENT|NO_INTERNET,OFF-CONTRACT-2Y:141|OFF-CONTRACT-1Y:94|OFF-AUTOPAY:-21,,recommended,3,0
1261-FWTTE,treatment,0.4594,above,2307.0,34.65,23,OFF-CONTRACT-2Y,2-year contract at 15% off,62.37,0.18,128.4,20.0,No tech support add-on; No online security add-on; No device protection; Rolling month-to-month contract,NO_TECH_SUPPORT|NO_ONLINE_SECURITY|NO_DEVICE_PROTECTION|MONTH_TO_MONTH,OFF-CONTRACT-2Y:128|OFF-CONTRACT-1Y:86|OFF-BUNDLE-ALL:28|OFF-TECHSUP-12:24|OFF-SEC-12:-7,,recommended,3,0
3320-VEOYC,treatment,0.7078,above,3502.0,95.6,14,OFF-CONTRACT-2Y,2-year contract at 15% off,172.08,0.18,274.09,20.0,"No tech support add-on; No online security add-on; No device protection; Rolling month-to-month contract; Manual payment method; High bill, few add-ons; Premium fiber plan",NO_TECH_SUPPORT|NO_ONLINE_SECURITY|NO_DEVICE_PROTECTION|MONTH_TO_MONTH|MANUAL_PAYMENT|HIGH_CHARGE_LOW_BUNDLE|FIBER_PREMIUM,OFF-CONTRACT-2Y:274|OFF-BUNDLE-ALL:227|OFF-CONTRACT-1Y:183|OFF-TECHSUP-12:138|OFF-SEC-12:64|OFF-AUTOPAY:39,,recommended,3,0
1848-LBZHY,treatment,0.3242,above,2547.0,50.3,7,OFF-CONTRACT-2Y,2-year contract at 15% off,90.54,0.18,58.09,20.0,No tech support add-on; No device protection; Rolling month-to-month contract; Under 12 months tenure,NO_TECH_SUPPORT|NO_DEVICE_PROTECTION|MONTH_TO_MONTH|NEW_CUSTOMER,OFF-CONTRACT-2Y:58|OFF-CONTRACT-1Y:39|OFF-TECHSUP-12:6,,recommended,3,0
9758-MFWGD,treatment,0.0293,below,2617.0,29.9,48,,,0.0,0.0,0.0,20.0,No tech support add-on; No online security add-on; No device protection,NO_TECH_SUPPORT|NO_ONLINE_SECURITY|NO_DEVICE_PROTECTION,OFF-TECHSUP-12:-54|OFF-SEC-12:-56|OFF-BUNDLE-ALL:-110,OFF-TECHSUP-12:R3_POSITIVE_EV|OFF-SEC-12:R3_POSITIVE_EV|OFF-BUNDLE-ALL:R2_MARGIN_FLOOR,no_action_needed,3,0
9927-DSWDF,treatment,0.569,above,2429.0,104.6,22,OFF-CONTRACT-2Y,2-year contract at 15% off,188.28,0.18,60.5,20.0,No device protection; Rolling month-to-month contract; Manual payment method; Premium fiber plan,NO_DEVICE_PROTECTION|MONTH_TO_MONTH|MANUAL_PAYMENT|FIBER_PREMIUM,OFF-CONTRACT-2Y:60|OFF-CONTRACT-1Y:40|OFF-AUTOPAY:-5,,recommended,3,0
1360-JYXKQ,control,0.2941,above,4118.0,99.1,54,,,0.0,0.0,0.0,20.0,No online security add-on; Manual payment method; Premium fiber plan,NO_ONLINE_SECURITY|MANUAL_PAYMENT|FIBER_PREMIUM,OFF-SEC-12:0|OFF-AUTOPAY:-12,OFF-SEC-12:R3_POSITIVE_EV|OFF-AUTOPAY:R3_POSITIVE_EV,review_no_profitable_offer,3,0
7354-OIJLX,treatment,0.582,above,5212.0,75.85,9,OFF-CONTRACT-2Y,2-year contract at 15% off,136.53,0.18,409.48,20.0,No tech support add-on; No online security add-on; No device protection; Rolling month-to-month contract; Manual payment method; Under 12 months tenure; Premium fiber plan,NO_TECH_SUPPORT|NO_ONLINE_SECURITY|NO_DEVICE_PROTECTION|MONTH_TO_MONTH|MANUAL_PAYMENT|NEW_CUSTOMER|FIBER_PREMIUM,OFF-CONTRACT-2Y:409|OFF-BUNDLE-ALL:304|OFF-CONTRACT-1Y:273|OFF-TECHSUP-12:182|OFF-SEC-12:92|OFF-AUTOPAY:61,,recommended,3,0
7191-ADRGF,treatment,0.1935,below,3222.0,54.3,44,,,0.0,0.0,0.0,20.0,No tech support add-on; No online security add-on,NO_TECH_SUPPORT|NO_ONLINE_SECURITY,OFF-TECHSUP-12:-10|OFF-SEC-12:-29|OFF-BUNDLE-ALL:-33,OFF-TECHSUP-12:R3_POSITIVE_EV|OFF-SEC-12:R3_POSITIVE_EV|OFF-BUNDLE-ALL:R2_MARGIN_FLOOR,no_action_needed,3,0
5018-LXQQG,control,0.0493,below,4631.0,66.3,30,,,0.0,0.0,0.0,20.0,No device protection; Rolling month-to-month contract,NO_DEVICE_PROTECTION|MONTH_TO_MONTH,OFF-CONTRACT-1Y:-52|OFF-CONTRACT-2Y:-78,OFF-CONTRACT-1Y:R3_POSITIVE_EV|OFF-CONTRACT-2Y:R3_POSITIVE_EV,no_action_needed,3,0
8314-HTWVE,treatment,0.0102,below,3973.0,19.85,7,,,0.0,0.0,0.0,20.0,Manual payment method; Under 12 months tenure; Phone-only account,MANUAL_PAYMENT|NEW_CUSTOMER|NO_INTERNET,OFF-AUTOPAY:-58,OFF-AUTOPAY:R2_MARGIN_FLOOR,no_action_needed,3,0
9402-ROUMJ,treatment,0.01,below,5588.0,100.25,67,,,0.0,0.0,0.0,20.0,Premium fiber plan,FIBER_PREMIUM,,,no_action_needed,3,0
7159-NOKYQ,treatment,0.2241,below,4001.0,93.15,67,,,0.0,0.0,0.0,20.0,No tech support add-on; No online security add-on; Manual payment method; Premium fiber plan,NO_TECH_SUPPORT|NO_ONLINE_SECURITY|MANUAL_PAYMENT|FIBER_PREMIUM,OFF-TECHSUP-12:11|OFF-BUNDLE-ALL:5|OFF-SEC-12:-15|OFF-AUTOPAY:-24,OFF-TECHSUP-12:R3_POSITIVE_EV|OFF-BUNDLE-ALL:R3_POSITIVE_EV|OFF-SEC-12:R3_POSITIVE_EV|OFF-AUTOPAY:R3_POSITIVE_EV,no_action_needed,3,0
8779-YIQQA,treatment,0.01,below,3243.0,19.8,21,,,0.0,0.0,0.0,20.0,Manual payment method; Phone-only account,MANUAL_PAYMENT|NO_INTERNET,OFF-AUTOPAY:-59,OFF-AUTOPAY:R2_MARGIN_FLOOR,no_action_needed,3,0
2676-SSLTO,treatment,0.0518,below,6138.0,66.15,49,,,0.0,0.0,0.0,20.0,No online security add-on; No device protection,NO_ONLINE_SECURITY|NO_DEVICE_PROTECTION,OFF-SEC-12:-44,OFF-SEC-12:R3_POSITIVE_EV,no_action_needed,3,0
9070-BCKQP,treatment,0.0109,below,4498.0,110.15,72,,,0.0,0.0,0.0,20.0,Premium fiber plan,FIBER_PREMIUM,,,no_action_needed,3,0
6421-SZVEM,treatment,0.0193,below,5802.0,82.85,28,,,0.0,0.0,0.0,20.0,"No tech support add-on; No device protection; High bill, few add-ons; Premium fiber plan",NO_TECH_SUPPORT|NO_DEVICE_PROTECTION|HIGH_CHARGE_LOW_BUNDLE|FIBER_PREMIUM,OFF-TECHSUP-12:-51,OFF-TECHSUP-12:R3_POSITIVE_EV,no_action_needed,3,0
9633-DENPU,treatment,0.2563,below,2613.0,58.6,47,,,0.0,0.0,0.0,20.0,No tech support add-on; No online security add-on; No device protection; Rolling month-to-month contract,NO_TECH_SUPPORT|NO_ONLINE_SECURITY|NO_DEVICE_PROTECTION|MONTH_TO_MONTH,OFF-CONTRACT-2Y:15|OFF-CONTRACT-1Y:10|OFF-TECHSUP-12:-7|OFF-SEC-12:-27|OFF-BUNDLE-ALL:-27,OFF-CONTRACT-2Y:R3_POSITIVE_EV|OFF-CONTRACT-1Y:R3_POSITIVE_EV|OFF-TECHSUP-12:R3_POSITIVE_EV|OFF-SEC-12:R3_POSITIVE_EV|OFF-BUNDLE-ALL:R3_POSITIVE_EV,no_action_needed,3,0
8541-QVFKM,treatment,0.6524,above,5777.0,73.5,8,OFF-CONTRACT-2Y,2-year contract at 15% off,132.3,0.18,546.1,20.0,No tech support add-on; No online security add-on; No device protection; Rolling month-to-month contract; Manual payment method; Under 12 months tenure; Premium fiber plan,NO_TECH_SUPPORT|NO_ONLINE_SECURITY|NO_DEVICE_PROTECTION|MONTH_TO_MONTH|MANUAL_PAYMENT|NEW_CUSTOMER|FIBER_PREMIUM,OFF-CONTRACT-2Y:546|OFF-BUNDLE-ALL:407|OFF-CONTRACT-1Y:364|OFF-TECHSUP-12:241|OFF-SEC-12:128|OFF-AUTOPAY:91,,recommended,3,0
6374-AFWOX,treatment,0.0524,below,2680.0,65.65,46,,,0.0,0.0,0.0,20.0,Manual payment method,MANUAL_PAYMENT,OFF-AUTOPAY:-54,OFF-AUTOPAY:R3_POSITIVE_EV,no_action_needed,3,0
6034-YMTOB,treatment,0.4956,above,2296.0,75.65,5,OFF-CONTRACT-1Y,1-year contract at 10% off,90.78,0.12,45.77,20.0,No online security add-on; No device protection; Rolling month-to-month contract; Manual payment method; Under 12 months tenure; Premium fiber plan,NO_ONLINE_SECURITY|NO_DEVICE_PROTECTION|MONTH_TO_MONTH|MANUAL_PAYMENT|NEW_CUSTOMER|FIBER_PREMIUM,OFF-CONTRACT-1Y:46|OFF-SEC-12:-3|OFF-AUTOPAY:-14,,recommended,3,0
4353-HYOJD,treatment,0.0511,below,5580.0,49.85,27,,,0.0,0.0,0.0,20.0,No tech support add-on; No online security add-on; No device protection; Rolling month-to-month contract; Manual payment method,NO_TECH_SUPPORT|NO_ONLINE_SECURITY|NO_DEVICE_PROTECTION|MONTH_TO_MONTH|MANUAL_PAYMENT,OFF-CONTRACT-1Y:-26|OFF-TECHSUP-12:-38|OFF-CONTRACT-2Y:-38|OFF-SEC-12:-46|OFF-AUTOPAY:-49|OFF-BUNDLE-ALL:-81,OFF-CONTRACT-1Y:R3_POSITIVE_EV|OFF-TECHSUP-12:R3_POSITIVE_EV|OFF-CONTRACT-2Y:R3_POSITIVE_EV|OFF-SEC-12:R3_POSITIVE_EV|OFF-AUTOPAY:R3_POSITIVE_EV|OFF-BUNDLE-ALL:R2_MARGIN_FLOOR,no_action_needed,3,0
5204-HMGYF,treatment,0.01,below,4567.0,87.2,49,,,0.0,0.0,0.0,20.0,Manual payment method,MANUAL_PAYMENT,OFF-AUTOPAY:-58,OFF-AUTOPAY:R3_POSITIVE_EV,no_action_needed,3,0
3970-XGJDU,treatment,0.0164,below,4937.0,19.2,62,,,0.0,0.0,0.0,20.0,Phone-only account,NO_INTERNET,,,no_action_needed,3,0
7017-VFULY,control,0.2168,below,4158.0,20.1,2,OFF-CONTRACT-1Y,1-year contract at 10% off,24.12,0.12,84.05,20.0,Rolling month-to-month contract; Under 12 months tenure; Phone-only account,MONTH_TO_MONTH|NEW_CUSTOMER|NO_INTERNET,OFF-CONTRACT-1Y:84,,recommended,3,0
2252-JHJGE,control,0.3405,above,4344.0,104.0,61,OFF-TECHSUP-12,Tech Support bundled free for 12 months,60.35,0.08,57.98,20.0,No tech support add-on; Manual payment method; Premium fiber plan,NO_TECH_SUPPORT|MANUAL_PAYMENT|FIBER_PREMIUM,OFF-TECHSUP-12:58|OFF-AUTOPAY:-1,,recommended,3,0
2480-SQIOB,treatment,0.3112,above,2114.0,44.8,4,OFF-CONTRACT-1Y,1-year contract at 10% off,53.76,0.12,25.19,20.0,No tech support add-on; No online security add-on; No device protection; Rolling month-to-month contract; Manual payment method; Under 12 months tenure,NO_TECH_SUPPORT|NO_ONLINE_SECURITY|NO_DEVICE_PROTECTION|MONTH_TO_MONTH|MANUAL_PAYMENT|NEW_CUSTOMER,OFF-CONTRACT-1Y:25|OFF-TECHSUP-12:-8|OFF-SEC-12:-27|OFF-BUNDLE-ALL:-28|OFF-AUTOPAY:-34,,recommended,3,0
5727-MYATE,treatment,0.01,below,5028.0,90.8,72,,,0.0,0.0,0.0,20.0,,,,,no_action_needed,3,0
8591-TKMZH,control,0.01,below,4952.0,111.1,59,,,0.0,0.0,0.0,20.0,No device protection; Manual payment method; Premium fiber plan,NO_DEVICE_PROTECTION|MANUAL_PAYMENT|FIBER_PREMIUM,OFF-AUTOPAY:-58,OFF-AUTOPAY:R3_POSITIVE_EV,no_action_needed,3,0
0365-TRTPY,treatment,0.1477,below,5135.0,91.2,37,,,0.0,0.0,0.0,20.0,No tech support add-on; Rolling month-to-month contract; Premium fiber plan,NO_TECH_SUPPORT|MONTH_TO_MONTH|FIBER_PREMIUM,OFF-TECHSUP-12:0|OFF-CONTRACT-1Y:-18|OFF-CONTRACT-2Y:-28,OFF-TECHSUP-12:R3_POSITIVE_EV|OFF-CONTRACT-1Y:R3_POSITIVE_EV|OFF-CONTRACT-2Y:R3_POSITIVE_EV,no_action_needed,3,0
3511-BFTJW,treatment,0.01,below,4710.0,38.5,72,,,0.0,0.0,0.0,20.0,No tech support add-on,NO_TECH_SUPPORT,OFF-TECHSUP-12:-57,OFF-TECHSUP-12:R3_POSITIVE_EV,no_action_needed,3,0
2923-ARZLG,treatment,0.0629,below,4890.0,19.7,0,,,0.0,0.0,0.0,20.0,Manual payment method; Under 12 months tenure; Phone-only account,MANUAL_PAYMENT|NEW_CUSTOMER|NO_INTERNET,OFF-AUTOPAY:-48,OFF-AUTOPAY:R2_MARGIN_FLOOR,no_action_needed,3,0
3976-NLDEZ,treatment,0.364,above,5370.0,20.6,1,OFF-CONTRACT-1Y,1-year contract at 10% off,24.72,0.12,209.84,20.0,Rolling month-to-month contract; Manual payment method; Under 12 months tenure; Phone-only account,MONTH_TO_MONTH|MANUAL_PAYMENT|NEW_CUSTOMER|NO_INTERNET,OFF-CONTRACT-1Y:210|OFF-AUTOPAY:18,,recommended,3,0
6854-EXGSF,treatment,0.2093,below,3033.0,65.5,8,,,0.0,0.0,0.0,20.0,No tech support add-on; Rolling month-to-month contract; Under 12 months tenure,NO_TECH_SUPPORT|MONTH_TO_MONTH|NEW_CUSTOMER,OFF-CONTRACT-1Y:-2|OFF-CONTRACT-2Y:-4|OFF-TECHSUP-12:-10,OFF-CONTRACT-1Y:R3_POSITIVE_EV|OFF-CONTRACT-2Y:R3_POSITIVE_EV|OFF-TECHSUP-12:R3_POSITIVE_EV,no_action_needed,3,0
3858-XHYJO,treatment,0.372,above,4078.0,105.75,40,OFF-TECHSUP-12,Tech Support bundled free for 12 months,60.35,0.08,61.01,20.0,No tech support add-on; Premium fiber plan,NO_TECH_SUPPORT|FIBER_PREMIUM,OFF-TECHSUP-12:61,,recommended,3,0
3338-CVVEH,treatment,0.6304,above,5674.0,94.55,12,OFF-CONTRACT-2Y,2-year contract at 15% off,170.19,0.18,473.65,20.0,"No tech support add-on; No online security add-on; No device protection; Rolling month-to-month contract; Manual payment method; High bill, few add-ons; Premium fiber plan",NO_TECH_SUPPORT|NO_ONLINE_SECURITY|NO_DEVICE_PROTECTION|MONTH_TO_MONTH|MANUAL_PAYMENT|HIGH_CHARGE_LOW_BUNDLE|FIBER_PREMIUM,OFF-CONTRACT-2Y:474|OFF-BUNDLE-ALL:380|OFF-CONTRACT-1Y:316|OFF-TECHSUP-12:226|OFF-SEC-12:119|OFF-AUTOPAY:83,,recommended,3,0
4560-WQAQW,control,0.0405,below,4244.0,68.7,59,,,0.0,0.0,0.0,20.0,No device protection,NO_DEVICE_PROTECTION,,,no_action_needed,3,0
2885-HIJDH,treatment,0.01,below,4667.0,86.9,69,,,0.0,0.0,0.0,20.0,,,,,no_action_needed,3,0
0997-YTLNY,control,0.0918,below,3749.0,48.8,19,,,0.0,0.0,0.0,20.0,No online security add-on; No device protection; Rolling month-to-month contract; Manual payment method,NO_ONLINE_SECURITY|NO_DEVICE_PROTECTION|MONTH_TO_MONTH|MANUAL_PAYMENT,OFF-CONTRACT-1Y:-17|OFF-CONTRACT-2Y:-26|OFF-SEC-12:-43|OFF-AUTOPAY:-46,OFF-CONTRACT-1Y:R3_POSITIVE_EV|OFF-CONTRACT-2Y:R3_POSITIVE_EV|OFF-SEC-12:R3_POSITIVE_EV|OFF-AUTOPAY:R3_POSITIVE_EV,no_action_needed,3,0
9700-ISPUP,treatment,0.143,below,3137.0,65.5,10,,,0.0,0.0,0.0,20.0,No online security add-on; No device protection; Rolling month-to-month contract; Manual payment method; Under 12 months tenure,NO_ONLINE_SECURITY|NO_DEVICE_PROTECTION|MONTH_TO_MONTH|MANUAL_PAYMENT|NEW_CUSTOMER,OFF-CONTRACT-1Y:-25|OFF-CONTRACT-2Y:-37|OFF-SEC-12:-38|OFF-AUTOPAY:-42,OFF-CONTRACT-1Y:R3_POSITIVE_EV|OFF-CONTRACT-2Y:R3_POSITIVE_EV|OFF-SEC-12:R3_POSITIVE_EV|OFF-AUTOPAY:R3_POSITIVE_EV,no_action_needed,3,0
1470-PSXNM,treatment,0.0109,below,5542.0,93.65,49,,,0.0,0.0,0.0,20.0,No tech support add-on; No online security add-on; Manual payment method; Premium fiber plan,NO_TECH_SUPPORT|NO_ONLINE_SECURITY|MANUAL_PAYMENT|FIBER_PREMIUM,OFF-TECHSUP-12:-56|OFF-SEC-12:-57|OFF-AUTOPAY:-58|OFF-BUNDLE-ALL:-112,OFF-TECHSUP-12:R3_POSITIVE_EV|OFF-SEC-12:R3_POSITIVE_EV|OFF-AUTOPAY:R3_POSITIVE_EV|OFF-BUNDLE-ALL:R3_POSITIVE_EV,no_action_needed,3,0
9866-OCCKE,treatment,0.0102,below,6010.0,109.75,72,,,0.0,0.0,0.0,20.0,Manual payment method; Premium fiber plan,MANUAL_PAYMENT|FIBER_PREMIUM,OFF-AUTOPAY:-58,OFF-AUTOPAY:R3_POSITIVE_EV,no_action_needed,3,0
6283-GITPX,treatment,0.01,below,4633.0,76.9,71,,,0.0,0.0,0.0,20.0,,,,,no_action_needed,3,0
4724-WXVWF,treatment,0.3099,above,4334.0,95.4,48,OFF-CONTRACT-2Y,2-year contract at 15% off,171.72,0.18,70.04,20.0,No device protection; Rolling month-to-month contract; Manual payment method; Premium fiber plan,NO_DEVICE_PROTECTION|MONTH_TO_MONTH|MANUAL_PAYMENT|FIBER_PREMIUM,OFF-CONTRACT-2Y:70|OFF-CONTRACT-1Y:47|OFF-AUTOPAY:-6,,recommended,3,0
5701-GUXDC,treatment,0.1352,below,2519.0,35.4,26,,,0.0,0.0,0.0,20.0,No tech support add-on,NO_TECH_SUPPORT,OFF-TECHSUP-12:-33,OFF-TECHSUP-12:R3_POSITIVE_EV,no_action_needed,3,0
9860-LISIZ,treatment,0.0592,below,2864.0,20.35,34,,,0.0,0.0,0.0,20.0,Rolling month-to-month contract; Manual payment method; Phone-only account,MONTH_TO_MONTH|MANUAL_PAYMENT|NO_INTERNET,OFF-CONTRACT-1Y:-4|OFF-CONTRACT-2Y:-6|OFF-AUTOPAY:-53,OFF-CONTRACT-1Y:R3_POSITIVE_EV|OFF-CONTRACT-2Y:R3_POSITIVE_EV|OFF-AUTOPAY:R2_MARGIN_FLOOR,no_action_needed,3,0
6284-KMNUF,treatment,0.3706,above,4615.0,98.0,56,OFF-TECHSUP-12,Tech Support bundled free for 12 months,60.35,0.08,76.48,20.0,No tech support add-on; No device protection; Manual payment method; Premium fiber plan,NO_TECH_SUPPORT|NO_DEVICE_PROTECTION|MANUAL_PAYMENT|FIBER_PREMIUM,OFF-TECHSUP-12:76|OFF-AUTOPAY:8,,recommended,3,0
9701-CDXHR,treatment,0.2146,below,5187.0,69.15,51,OFF-CONTRACT-2Y,2-year contract at 15% off,124.47,0.18,75.89,20.0,No tech support add-on; No online security add-on; No device protection; Rolling month-to-month contract; Manual payment method; Premium fiber plan,NO_TECH_SUPPORT|NO_ONLINE_SECURITY|NO_DEVICE_PROTECTION|MONTH_TO_MONTH|MANUAL_PAYMENT|FIBER_PREMIUM,OFF-CONTRACT-2Y:76|OFF-CONTRACT-1Y:51|OFF-BUNDLE-ALL:35|OFF-TECHSUP-12:29|OFF-SEC-12:-4|OFF-AUTOPAY:-15,,recommended,3,0
4067-HLYQI,treatment,0.4435,above,4860.0,70.4,33,OFF-CONTRACT-2Y,2-year contract at 15% off,126.72,0.18,261.25,20.0,No tech support add-on; No online security add-on; No device protection; Rolling month-to-month contract; Premium fiber plan,NO_TECH_SUPPORT|NO_ONLINE_SECURITY|NO_DEVICE_PROTECTION|MONTH_TO_MONTH|FIBER_PREMIUM,OFF-CONTRACT-2Y:261|OFF-BUNDLE-ALL:181|OFF-CONTRACT-1Y:174|OFF-TECHSUP-12:112|OFF-SEC-12:48,,recommended,3,0
5057-RKGLH,treatment,0.01,below,5352.0,20.35,9,,,0.0,0.0,0.0,20.0,Manual payment method; Under 12 months tenure; Phone-only account,MANUAL_PAYMENT|NEW_CUSTOMER|NO_INTERNET,OFF-AUTOPAY:-58,OFF-AUTOPAY:R2_MARGIN_FLOOR,no_action_needed,3,0
9715-WZCLW,control,0.01,below,4603.0,97.2,71,,,0.0,0.0,0.0,20.0,No tech support add-on; No device protection; Manual payment method; Premium fiber plan,NO_TECH_SUPPORT|NO_DEVICE_PROTECTION|MANUAL_PAYMENT|FIBER_PREMIUM,OFF-TECHSUP-12:-57|OFF-AUTOPAY:-58,OFF-TECHSUP-12:R3_POSITIVE_EV|OFF-AUTOPAY:R3_POSITIVE_EV,no_action_needed,3,0
3733-UOCWF,treatment,0.1137,below,4845.0,85.55,61,,,0.0,0.0,0.0,20.0,"No online security add-on; No device protection; High bill, few add-ons; Premium fiber plan",NO_ONLINE_SECURITY|NO_DEVICE_PROTECTION|HIGH_CHARGE_LOW_BUNDLE|FIBER_PREMIUM,OFF-SEC-12:-33,OFF-SEC-12:R3_POSITIVE_EV,no_action_needed,3,0
1310-QRITU,treatment,0.4484,above,5877.0,50.3,18,OFF-CONTRACT-2Y,2-year contract at 15% off,90.54,0.18,383.8,20.0,No tech support add-on; No online security add-on; No device protection; Rolling month-to-month contract; Manual payment method,NO_TECH_SUPPORT|NO_ONLINE_SECURITY|NO_DEVICE_PROTECTION|MONTH_TO_MONTH|MANUAL_PAYMENT,OFF-CONTRACT-2Y:384|OFF-CONTRACT-1Y:256|OFF-BUNDLE-ALL:248|OFF-TECHSUP-12:150|OFF-SEC-12:72|OFF-AUTOPAY:45,,recommended,3,0
3563-SVYLG,treatment,0.01,below,5215.0,62.65,68,,,0.0,0.0,0.0,20.0,,,,,no_action_needed,3,0
7879-CGSFV,treatment,0.1849,below,5101.0,100.9,55,,,0.0,0.0,0.0,20.0,No tech support add-on; No device protection; Manual payment method; Premium fiber plan,NO_TECH_SUPPORT|NO_DEVICE_PROTECTION|MANUAL_PAYMENT|FIBER_PREMIUM,OFF-TECHSUP-12:15|OFF-AUTOPAY:-22,OFF-TECHSUP-12:R3_POSITIVE_EV|OFF-AUTOPAY:R3_POSITIVE_EV,no_action_needed,3,0
1833-TCXKK,treatment,0.4743,above,3301.0,107.75,45,OFF-BUNDLE-ALL,"Tech Support + Online Security bundle, 12 months",120.51,0.14,98.68,20.0,No tech support add-on; No online security add-on; Rolling month-to-month contract; Premium fiber plan,NO_TECH_SUPPORT|NO_ONLINE_SECURITY|MONTH_TO_MONTH|FIBER_PREMIUM,OFF-BUNDLE-ALL:99|OFF-CONTRACT-2Y:88|OFF-TECHSUP-12:65|OFF-CONTRACT-1Y:59|OFF-SEC-12:18,,recommended,3,0
5696-CEIQJ,treatment,0.01,below,4376.0,103.15,67,,,0.0,0.0,0.0,20.0,No online security add-on; Premium fiber plan,NO_ONLINE_SECURITY|FIBER_PREMIUM,OFF-SEC-12:-58,OFF-SEC-12:R3_POSITIVE_EV,no_action_needed,3,0
4012-YCFAI,treatment,0.0102,below,6174.0,61.35,60,,,0.0,0.0,0.0,20.0,No device protection; Manual payment method,NO_DEVICE_PROTECTION|MANUAL_PAYMENT,OFF-AUTOPAY:-57,OFF-AUTOPAY:R3_POSITIVE_EV,no_action_needed,3,0
9289-LBQVU,treatment,0.1228,below,5037.0,70.15,64,,,0.0,0.0,0.0,20.0,No online security add-on; No device protection; Manual payment method,NO_ONLINE_SECURITY|NO_DEVICE_PROTECTION|MANUAL_PAYMENT,OFF-SEC-12:-29|OFF-AUTOPAY:-35,OFF-SEC-12:R3_POSITIVE_EV|OFF-AUTOPAY:R3_POSITIVE_EV,no_action_needed,3,0
6933-FHBZC,treatment,0.0953,below,3079.0,56.05,26,,,0.0,0.0,0.0,20.0,No tech support add-on; No online security add-on; Manual payment method,NO_TECH_SUPPORT|NO_ONLINE_SECURITY|MANUAL_PAYMENT,OFF-TECHSUP-12:-37|OFF-SEC-12:-45|OFF-AUTOPAY:-48|OFF-BUNDLE-ALL:-79,OFF-TECHSUP-12:R3_POSITIVE_EV|OFF-SEC-12:R3_POSITIVE_EV|OFF-AUTOPAY:R3_POSITIVE_EV|OFF-BUNDLE-ALL:R3_POSITIVE_EV,no_action_needed,3,0
6726-NNFWD,treatment,0.0466,below,6004.0,89.45,71,,,0.0,0.0,0.0,20.0,No tech support add-on; No online security add-on; Premium fiber plan,NO_TECH_SUPPORT|NO_ONLINE_SECURITY|FIBER_PREMIUM,OFF-TECHSUP-12:-38|OFF-SEC-12:-46|OFF-BUNDLE-ALL:-81,OFF-TECHSUP-12:R3_POSITIVE_EV|OFF-SEC-12:R3_POSITIVE_EV|OFF-BUNDLE-ALL:R3_POSITIVE_EV,no_action_needed,3,0
4419-UJMUS,treatment,0.0102,below,4637.0,99.35,69,,,0.0,0.0,0.0,20.0,No online security add-on; No device protection; Manual payment method; Premium fiber plan,NO_ONLINE_SECURITY|NO_DEVICE_PROTECTION|MANUAL_PAYMENT|FIBER_PREMIUM,OFF-SEC-12:-58|OFF-AUTOPAY:-58,OFF-SEC-12:R3_POSITIVE_EV|OFF-AUTOPAY:R3_POSITIVE_EV,no_action_needed,3,0
5519-TEEUH,treatment,0.01,below,5759.0,20.15,33,,,0.0,0.0,0.0,20.0,Manual payment method; Phone-only account,MANUAL_PAYMENT|NO_INTERNET,OFF-AUTOPAY:-58,OFF-AUTOPAY:R2_MARGIN_FLOOR,no_action_needed,3,0
5753-QQWPW,treatment,0.0857,below,4131.0,59.9,28,,,0.0,0.0,0.0,20.0,No device protection; Manual payment method,NO_DEVICE_PROTECTION|MANUAL_PAYMENT,OFF-AUTOPAY:-46,OFF-AUTOPAY:R3_POSITIVE_EV,no_action_needed,3,0
3173-NVMPX,treatment,0.202,below,4291.0,55.3,9,OFF-CONTRACT-2Y,2-year contract at 15% off,99.54,0.18,56.48,20.0,No tech support add-on; No online security add-on; No device protection; Rolling month-to-month contract; Manual payment method; Under 12 months tenure,NO_TECH_SUPPORT|NO_ONLINE_SECURITY|NO_DEVICE_PROTECTION|MONTH_TO_MONTH|MANUAL_PAYMENT|NEW_CUSTOMER,OFF-CONTRACT-2Y:56|OFF-CONTRACT-1Y:38|OFF-TECHSUP-12:9|OFF-BUNDLE-ALL:1|OFF-SEC-12:-17|OFF-AUTOPAY:-25,,recommended,3,0
2892-GESUL,treatment,0.01,below,2269.0,19.35,18,,,0.0,0.0,0.0,20.0,Manual payment method; Phone-only account,MANUAL_PAYMENT|NO_INTERNET,OFF-AUTOPAY:-59,OFF-AUTOPAY:R2_MARGIN_FLOOR,no_action_needed,3,0
8034-RYTVV,treatment,0.0923,below,5735.0,84.25,55,,,0.0,0.0,0.0,20.0,"No tech support add-on; High bill, few add-ons; Premium fiber plan",NO_TECH_SUPPORT|HIGH_CHARGE_LOW_BUNDLE|FIBER_PREMIUM,OFF-TECHSUP-12:-18,OFF-TECHSUP-12:R3_POSITIVE_EV,no_action_needed,3,0
1716-LSAMB,treatment,0.01,below,5083.0,54.65,45,,,0.0,0.0,0.0,20.0,No device protection,NO_DEVICE_PROTECTION,,,no_action_needed,3,0
9279-CJEOJ,treatment,0.5647,above,5691.0,95.4,21,OFF-CONTRACT-2Y,2-year contract at 15% off,171.72,0.18,406.75,20.0,"No tech support add-on; No online security add-on; No device protection; Rolling month-to-month contract; High bill, few add-ons; Premium fiber plan",NO_TECH_SUPPORT|NO_ONLINE_SECURITY|NO_DEVICE_PROTECTION|MONTH_TO_MONTH|HIGH_CHARGE_LOW_BUNDLE|FIBER_PREMIUM,OFF-CONTRACT-2Y:407|OFF-BUNDLE-ALL:329|OFF-CONTRACT-1Y:271|OFF-TECHSUP-12:197|OFF-SEC-12:101,,recommended,3,0
8457-XIGKN,treatment,0.0872,below,5909.0,19.6,20,OFF-CONTRACT-2Y,2-year contract at 15% off,35.28,0.18,57.47,20.0,Rolling month-to-month contract; Phone-only account,MONTH_TO_MONTH|NO_INTERNET,OFF-CONTRACT-2Y:57|OFF-CONTRACT-1Y:38,,recommended,3,0
1346-PJWTK,treatment,0.1189,below,4806.0,94.15,61,,,0.0,0.0,0.0,20.0,No online security add-on; Rolling month-to-month contract; Premium fiber plan,NO_ONLINE_SECURITY|MONTH_TO_MONTH|FIBER_PREMIUM,OFF-SEC-12:-32|OFF-CONTRACT-1Y:-44|OFF-CONTRACT-2Y:-67,OFF-SEC-12:R3_POSITIVE_EV|OFF-CONTRACT-1Y:R3_POSITIVE_EV|OFF-CONTRACT-2Y:R3_POSITIVE_EV,no_action_needed,3,0
9107-UKCKY,treatment,0.2528,below,6432.0,79.8,61,OFF-BUNDLE-ALL,"Tech Support + Online Security bundle, 12 months",120.51,0.14,107.13,20.0,No tech support add-on; No online security add-on; Manual payment method,NO_TECH_SUPPORT|NO_ONLINE_SECURITY|MANUAL_PAYMENT,OFF-BUNDLE-ALL:107|OFF-TECHSUP-12:70|OFF-SEC-12:21|OFF-AUTOPAY:5,,recommended,3,0
4654-ULTTN,treatment,0.1583,below,6447.0,74.8,70,,,0.0,0.0,0.0,20.0,,,,,no_action_needed,3,0
1707-HABPF,treatment,0.115,below,3191.0,91.3,46,,,0.0,0.0,0.0,20.0,No tech support add-on; No online security add-on; Premium fiber plan,NO_TECH_SUPPORT|NO_ONLINE_SECURITY|FIBER_PREMIUM,OFF-TECHSUP-12:-31|OFF-SEC-12:-42|OFF-BUNDLE-ALL:-69,OFF-TECHSUP-12:R3_POSITIVE_EV|OFF-SEC-12:R3_POSITIVE_EV|OFF-BUNDLE-ALL:R3_POSITIVE_EV,no_action_needed,3,0
5063-IUOKK,treatment,0.027,below,2016.0,19.75,13,,,0.0,0.0,0.0,20.0,Manual payment method; Phone-only account,MANUAL_PAYMENT|NO_INTERNET,OFF-AUTOPAY:-58,OFF-AUTOPAY:R2_MARGIN_FLOOR,no_action_needed,3,0
2308-STERM,treatment,0.1955,below,5816.0,19.4,2,OFF-CONTRACT-1Y,1-year contract at 10% off,23.28,0.12,113.16,20.0,Rolling month-to-month contract; Manual payment method; Under 12 months tenure; Phone-only account,MONTH_TO_MONTH|MANUAL_PAYMENT|NEW_CUSTOMER|NO_INTERNET,OFF-CONTRACT-1Y:113|OFF-AUTOPAY:-15,,recommended,3,0
2877-VDUER,treatment,0.01,below,5691.0,40.9,35,,,0.0,0.0,0.0,20.0,No online security add-on; No device protection; Manual payment method,NO_ONLINE_SECURITY|NO_DEVICE_PROTECTION|MANUAL_PAYMENT,OFF-SEC-12:-57|OFF-AUTOPAY:-58,OFF-SEC-12:R3_POSITIVE_EV|OFF-AUTOPAY:R3_POSITIVE_EV,no_action_needed,3,0
3913-FCUUW,treatment,0.01,below,4463.0,70.45,72,,,0.0,0.0,0.0,20.0,,,,,no_action_needed,3,0
3301-VKTGC,treatment,0.01,below,4380.0,85.5,68,,,0.0,0.0,0.0,20.0,"No tech support add-on; No device protection; High bill, few add-ons; Premium fiber plan",NO_TECH_SUPPORT|NO_DEVICE_PROTECTION|HIGH_CHARGE_LOW_BUNDLE|FIBER_PREMIUM,OFF-TECHSUP-12:-57,OFF-TECHSUP-12:R3_POSITIVE_EV,no_action_needed,3,0
0816-TSPHQ,treatment,0.1167,below,3976.0,20.75,2,OFF-CONTRACT-1Y,1-year contract at 10% off,24.9,0.12,30.78,20.0,Rolling month-to-month contract; Manual payment method; Under 12 months tenure; Phone-only account,MONTH_TO_MONTH|MANUAL_PAYMENT|NEW_CUSTOMER|NO_INTERNET,OFF-CONTRACT-1Y:31|OFF-AUTOPAY:-41,,recommended,3,0
4619-EVPHY,treatment,0.3037,above,3748.0,91.0,20,OFF-BUNDLE-ALL,"Tech Support + Online Security bundle, 12 months",120.51,0.14,38.85,20.0,"No tech support add-on; No online security add-on; No device protection; High bill, few add-ons; Premium fiber plan",NO_TECH_SUPPORT|NO_ONLINE_SECURITY|NO_DEVICE_PROTECTION|HIGH_CHARGE_LOW_BUNDLE|FIBER_PREMIUM,OFF-BUNDLE-ALL:39|OFF-TECHSUP-12:31|OFF-SEC-12:-3,,recommended,3,0
9115-YQHGA,treatment,0.2058,below,3355.0,51.1,40,OFF-CONTRACT-2Y,2-year contract at 15% off,91.98,0.18,32.3,20.0,No online security add-on; No device protection; Rolling month-to-month contract; Manual payment method,NO_ONLINE_SECURITY|NO_DEVICE_PROTECTION|MONTH_TO_MONTH|MANUAL_PAYMENT,OFF-CONTRACT-2Y:32|OFF-CONTRACT-1Y:22|OFF-SEC-12:-26|OFF-AUTOPAY:-32,,recommended,3,0
9334-GWGOW,control,0.7826,above,2259.0,74.85,7,OFF-CONTRACT-2Y,2-year contract at 15% off,134.73,0.18,183.49,20.0,No tech support add-on; No online security add-on; No device protection; Rolling month-to-month contract; Manual payment method; Under 12 months tenure; Premium fiber plan,NO_TECH_SUPPORT|NO_ONLINE_SECURITY|NO_DEVICE_PROTECTION|MONTH_TO_MONTH|MANUAL_PAYMENT|NEW_CUSTOMER|FIBER_PREMIUM,OFF-CONTRACT-2Y:183|OFF-BUNDLE-ALL:127|OFF-CONTRACT-1Y:122|OFF-TECHSUP-12:81|OFF-SEC-12:28|OFF-AUTOPAY:11,,recommended,3,0
6542-LWGXJ,treatment,0.5526,above,2730.0,25.0,3,OFF-CONTRACT-1Y,1-year contract at 10% off,30.0,0.12,151.03,20.0,No tech support add-on; No online security add-on; No device protection; Rolling month-to-month contract; Manual payment method; Under 12 months tenure,NO_TECH_SUPPORT|NO_ONLINE_SECURITY|NO_DEVICE_PROTECTION|MONTH_TO_MONTH|MANUAL_PAYMENT|NEW_CUSTOMER,OFF-CONTRACT-1Y:151|OFF-BUNDLE-ALL:91|OFF-TECHSUP-12:60|OFF-SEC-12:15|OFF-AUTOPAY:0,,recommended,3,0
2087-QAREY,treatment,0.3726,above,5722.0,54.7,22,OFF-CONTRACT-2Y,2-year contract at 15% off,98.46,0.18,285.3,20.0,No tech support add-on; No online security add-on; Rolling month-to-month contract; Manual payment method,NO_TECH_SUPPORT|NO_ONLINE_SECURITY|MONTH_TO_MONTH|MANUAL_PAYMENT,OFF-CONTRACT-2Y:285|OFF-CONTRACT-1Y:190|OFF-BUNDLE-ALL:178|OFF-TECHSUP-12:110|OFF-SEC-12:46|OFF-AUTOPAY:25,,recommended,3,0
2320-TZRRH,control,0.0295,below,4700.0,19.5,20,,,0.0,0.0,0.0,20.0,Manual payment method; Phone-only account,MANUAL_PAYMENT|NO_INTERNET,OFF-AUTOPAY:-54,OFF-AUTOPAY:R2_MARGIN_FLOOR,no_action_needed,3,0
9752-ZNQUT,treatment,0.5528,above,3704.0,48.6,1,OFF-CONTRACT-1Y,1-year contract at 10% off,58.32,0.12,187.39,20.0,No tech support add-on; No online security add-on; No device protection; Rolling month-to-month contract; Manual payment method; Under 12 months tenure,NO_TECH_SUPPORT|NO_ONLINE_SECURITY|NO_DEVICE_PROTECTION|MONTH_TO_MONTH|MANUAL_PAYMENT|NEW_CUSTOMER,OFF-CONTRACT-1Y:187|OFF-BUNDLE-ALL:166|OFF-TECHSUP-12:103|OFF-SEC-12:42|OFF-AUTOPAY:22,,recommended,3,0
5666-MBJPT,control,0.01,below,5449.0,25.1,65,,,0.0,0.0,0.0,20.0,Phone-only account,NO_INTERNET,,,no_action_needed,3,0
4396-KLSEH,treatment,0.2252,below,5918.0,19.85,4,OFF-CONTRACT-1Y,1-year contract at 10% off,23.82,0.12,136.11,20.0,Rolling month-to-month contract; Manual payment method; Under 12 months tenure; Phone-only account,MONTH_TO_MONTH|MANUAL_PAYMENT|NEW_CUSTOMER|NO_INTERNET,OFF-CONTRACT-1Y:136|OFF-AUTOPAY:-7,,recommended,3,0
1217-VASWC,treatment,0.371,above,4499.0,100.55,43,OFF-BUNDLE-ALL,"Tech Support + Online Security bundle, 12 months",120.51,0.14,113.17,20.0,No tech support add-on; No online security add-on; Premium fiber plan,NO_TECH_SUPPORT|NO_ONLINE_SECURITY|FIBER_PREMIUM,OFF-BUNDLE-ALL:113|OFF-TECHSUP-12:73|OFF-SEC-12:23,,recommended,3,0
6370-ZVHDV,control,0.0179,below,4501.0,25.3,61,,,0.0,0.0,0.0,20.0,Phone-only account,NO_INTERNET,,,no_action_needed,3,0
4983-CCWMC,treatment,0.4543,above,5487.0,69.6,3,OFF-BUNDLE-ALL,"Tech Support + Online Security bundle, 12 months",120.51,0.14,228.47,20.0,No tech support add-on; No online security add-on; No device protection; Rolling month-to-month contract; Manual payment method; Under 12 months tenure; Premium fiber plan,NO_TECH_SUPPORT|NO_ONLINE_SECURITY|NO_DEVICE_PROTECTION|MONTH_TO_MONTH|MANUAL_PAYMENT|NEW_CUSTOMER|FIBER_PREMIUM,OFF-BUNDLE-ALL:228|OFF-CONTRACT-1Y:216|OFF-TECHSUP-12:139|OFF-SEC-12:64|OFF-AUTOPAY:40,,recommended,3,0
2522-WLNSF,treatment,0.0827,below,2225.0,64.2,34,,,0.0,0.0,0.0,20.0,No online security add-on,NO_ONLINE_SECURITY,OFF-SEC-12:-51,OFF-SEC-12:R3_POSITIVE_EV,no_action_needed,3,0
5619-XZZKR,treatment,0.0586,below,2195.0,19.95,4,,,0.0,0.0,0.0,20.0,Manual payment method; Under 12 months tenure; Phone-only account,MANUAL_PAYMENT|NEW_CUSTOMER|NO_INTERNET,OFF-AUTOPAY:-55,OFF-AUTOPAY:R2_MARGIN_FLOOR,no_action_needed,3,0
3948-FVVRP,control,0.0943,below,2848.0,54.8,9,,,0.0,0.0,0.0,20.0,No online security add-on; No device protection; Rolling month-to-month contract; Manual payment method; Under 12 months tenure,NO_ONLINE_SECURITY|NO_DEVICE_PROTECTION|MONTH_TO_MONTH|MANUAL_PAYMENT|NEW_CUSTOMER,OFF-CONTRACT-1Y:-34|OFF-SEC-12:-47|OFF-AUTOPAY:-49|OFF-CONTRACT-2Y:-50,OFF-CONTRACT-1Y:R3_POSITIVE_EV|OFF-SEC-12:R3_POSITIVE_EV|OFF-AUTOPAY:R3_POSITIVE_EV|OFF-CONTRACT-2Y:R3_POSITIVE_EV,no_action_needed,3,0
0983-TATYJ,treatment,0.0642,below,4935.0,51.45,33,,,0.0,0.0,0.0,20.0,No online security add-on; No device protection; Manual payment method,NO_ONLINE_SECURITY|NO_DEVICE_PROTECTION|MANUAL_PAYMENT,OFF-SEC-12:-44|OFF-AUTOPAY:-47,OFF-SEC-12:R3_POSITIVE_EV|OFF-AUTOPAY:R3_POSITIVE_EV,no_action_needed,3,0
3312-ZWLGF,treatment,0.5187,above,3172.0,79.3,29,OFF-CONTRACT-2Y,2-year contract at 15% off,142.74,0.18,153.42,20.0,No online security add-on; No device protection; Rolling month-to-month contract; Manual payment method; Premium fiber plan,NO_ONLINE_SECURITY|NO_DEVICE_PROTECTION|MONTH_TO_MONTH|MANUAL_PAYMENT|FIBER_PREMIUM,OFF-CONTRACT-2Y:153|OFF-CONTRACT-1Y:102|OFF-SEC-12:22|OFF-AUTOPAY:6,,recommended,3,0
6297-NOOPG,treatment,0.2941,above,5979.0,110.5,70,OFF-SEC-12,Online Security bundled free for 12 months,60.16,0.05,27.76,20.0,No online security add-on; Manual payment method; Premium fiber plan,NO_ONLINE_SECURITY|MANUAL_PAYMENT|FIBER_PREMIUM,OFF-SEC-12:28|OFF-AUTOPAY:10,,recommended,3,0
8903-XEBGX,treatment,0.5197,above,4594.0,55.3,2,OFF-CONTRACT-1Y,1-year contract at 10% off,66.36,0.12,220.14,20.0,No tech support add-on; No online security add-on; No device protection; Rolling month-to-month contract; Manual payment method; Under 12 months tenure,NO_TECH_SUPPORT|NO_ONLINE_SECURITY|NO_DEVICE_PROTECTION|MONTH_TO_MONTH|MANUAL_PAYMENT|NEW_CUSTOMER,OFF-CONTRACT-1Y:220|OFF-BUNDLE-ALL:214|OFF-TECHSUP-12:131|OFF-SEC-12:59|OFF-AUTOPAY:36,,recommended,3,0
6064-ZATLR,treatment,0.0263,below,2842.0,52.85,27,,,0.0,0.0,0.0,20.0,No tech support add-on; No device protection,NO_TECH_SUPPORT|NO_DEVICE_PROTECTION,OFF-TECHSUP-12:-54,OFF-TECHSUP-12:R3_POSITIVE_EV,no_action_needed,3,0
9648-BCHKM,treatment,0.0109,below,5231.0,24.65,18,,,0.0,0.0,0.0,20.0,Phone-only account,NO_INTERNET,,,no_action_needed,3,0
7167-PCEYD,treatment,0.01,below,4260.0,19.8,67,,,0.0,0.0,0.0,20.0,Manual payment method; Phone-only account,MANUAL_PAYMENT|NO_INTERNET,OFF-AUTOPAY:-58,OFF-AUTOPAY:R2_MARGIN_FLOOR,no_action_needed,3,0
8749-CLJXC,treatment,0.473,above,2067.0,20.05,1,OFF-CONTRACT-1Y,1-year contract at 10% off,24.06,0.12,93.26,20.0,Rolling month-to-month contract; Manual payment method; Under 12 months tenure; Phone-only account,MONTH_TO_MONTH|MANUAL_PAYMENT|NEW_CUSTOMER|NO_INTERNET,OFF-CONTRACT-1Y:93|OFF-AUTOPAY:-21,,recommended,3,0
3580-GICBM,treatment,0.01,below,6201.0,24.2,61,,,0.0,0.0,0.0,20.0,Manual payment method; Phone-only account,MANUAL_PAYMENT|NO_INTERNET,OFF-AUTOPAY:-58,OFF-AUTOPAY:R2_MARGIN_FLOOR,no_action_needed,3,0
4686-UXDML,treatment,0.6236,above,2113.0,99.85,21,OFF-BUNDLE-ALL,"Tech Support + Online Security bundle, 12 months",120.51,0.14,63.96,20.0,No tech support add-on; No online security add-on; No device protection; Rolling month-to-month contract; Premium fiber plan,NO_TECH_SUPPORT|NO_ONLINE_SECURITY|NO_DEVICE_PROTECTION|MONTH_TO_MONTH|FIBER_PREMIUM,OFF-BUNDLE-ALL:64|OFF-CONTRACT-2Y:57|OFF-TECHSUP-12:45|OFF-CONTRACT-1Y:38|OFF-SEC-12:6,,recommended,3,0
6349-JDHQP,treatment,0.0889,below,6338.0,19.85,53,,,0.0,0.0,0.0,20.0,Phone-only account,NO_INTERNET,,,no_action_needed,3,0
0289-IVARM,treatment,0.1491,below,3463.0,60.55,35,,,0.0,0.0,0.0,20.0,No tech support add-on; Rolling month-to-month contract; Manual payment method,NO_TECH_SUPPORT|MONTH_TO_MONTH|MANUAL_PAYMENT,OFF-CONTRACT-1Y:-11|OFF-CONTRACT-2Y:-16|OFF-TECHSUP-12:-19|OFF-AUTOPAY:-39,OFF-CONTRACT-1Y:R3_POSITIVE_EV|OFF-CONTRACT-2Y:R3_POSITIVE_EV|OFF-TECHSUP-12:R3_POSITIVE_EV|OFF-AUTOPAY:R3_POSITIVE_EV,no_action_needed,3,0
3090-QFUVD,treatment,0.2216,below,2507.0,20.3,1,OFF-CONTRACT-1Y,1-year contract at 10% off,24.36,0.12,42.31,20.0,Rolling month-to-month contract; Under 12 months tenure; Phone-only account,MONTH_TO_MONTH|NEW_CUSTOMER|NO_INTERNET,OFF-CONTRACT-1Y:42,,recommended,3,0
2805-AUFQN,treatment,0.018,below,3875.0,19.8,25,,,0.0,0.0,0.0,20.0,Phone-only account,NO_INTERNET,,,no_action_needed,3,0
1169-WCVAK,treatment,0.3003,above,4600.0,88.8,19,OFF-CONTRACT-2Y,2-year contract at 15% off,159.84,0.18,88.81,20.0,No device protection; Rolling month-to-month contract; Premium fiber plan,NO_DEVICE_PROTECTION|MONTH_TO_MONTH|FIBER_PREMIUM,OFF-CONTRACT-2Y:89|OFF-CONTRACT-1Y:59,,recommended,3,0
1555-HAPSU,treatment,0.01,below,5471.0,23.9,71,,,0.0,0.0,0.0,20.0,Phone-only account,NO_INTERNET,,,no_action_needed,3,0
8132-YPVBX,control,0.582,above,3291.0,85.95,6,OFF-CONTRACT-2Y,2-year contract at 15% off,154.71,0.18,190.06,20.0,"No tech support add-on; No online security add-on; No device protection; Rolling month-to-month contract; Manual payment method; High bill, few add-ons; Under 12 months tenure; Premium fiber plan",NO_TECH_SUPPORT|NO_ONLINE_SECURITY|NO_DEVICE_PROTECTION|MONTH_TO_MONTH|MANUAL_PAYMENT|HIGH_CHARGE_LOW_BUNDLE|NEW_CUSTOMER|FIBER_PREMIUM,OFF-CONTRACT-2Y:190|OFF-BUNDLE-ALL:148|OFF-CONTRACT-1Y:127|OFF-TECHSUP-12:93|OFF-SEC-12:36|OFF-AUTOPAY:17,,recommended,3,0
3396-DKDEL,treatment,0.01,below,4388.0,115.15,70,,,0.0,0.0,0.0,20.0,Premium fiber plan,FIBER_PREMIUM,,,no_action_needed,3,0
9112-WSNPU,treatment,0.4314,above,5873.0,70.55,35,OFF-CONTRACT-2Y,2-year contract at 15% off,126.99,0.18,329.06,20.0,No tech support add-on; No online security add-on; No device protection; Rolling month-to-month contract; Manual payment method; Premium fiber plan,NO_TECH_SUPPORT|NO_ONLINE_SECURITY|NO_DEVICE_PROTECTION|MONTH_TO_MONTH|MANUAL_PAYMENT|FIBER_PREMIUM,OFF-CONTRACT-2Y:329|OFF-BUNDLE-ALL:234|OFF-CONTRACT-1Y:219|OFF-TECHSUP-12:142|OFF-SEC-12:67|OFF-AUTOPAY:41,,recommended,3,0
0402-OAMEN,treatment,0.01,below,5335.0,24.45,72,,,0.0,0.0,0.0,20.0,Phone-only account,NO_INTERNET,,,no_action_needed,3,0
9822-BIIGN,treatment,0.0495,below,4903.0,71.85,53,,,0.0,0.0,0.0,20.0,No device protection; Rolling month-to-month contract; Manual payment method,NO_DEVICE_PROTECTION|MONTH_TO_MONTH|MANUAL_PAYMENT,OFF-AUTOPAY:-50|OFF-CONTRACT-1Y:-57|OFF-CONTRACT-2Y:-86,OFF-AUTOPAY:R3_POSITIVE_EV|OFF-CONTRACT-1Y:R3_POSITIVE_EV|OFF-CONTRACT-2Y:R3_POSITIVE_EV,no_action_needed,3,0
2077-MPJQO,treatment,0.6739,above,3533.0,75.4,7,OFF-CONTRACT-2Y,2-year contract at 15% off,135.72,0.18,292.84,20.0,No tech support add-on; No online security add-on; No device protection; Rolling month-to-month contract; Manual payment method; Under 12 months tenure; Premium fiber plan,NO_TECH_SUPPORT|NO_ONLINE_SECURITY|NO_DEVICE_PROTECTION|MONTH_TO_MONTH|MANUAL_PAYMENT|NEW_CUSTOMER|FIBER_PREMIUM,OFF-CONTRACT-2Y:293|OFF-BUNDLE-ALL:213|OFF-CONTRACT-1Y:195|OFF-TECHSUP-12:130|OFF-SEC-12:59|OFF-AUTOPAY:35,,recommended,3,0
2971-SGAFL,treatment,0.3699,above,5631.0,78.75,13,OFF-CONTRACT-2Y,2-year contract at 15% off,141.75,0.18,233.17,20.0,No tech support add-on; Rolling month-to-month contract; Manual payment method,NO_TECH_SUPPORT|MONTH_TO_MONTH|MANUAL_PAYMENT,OFF-CONTRACT-2Y:233|OFF-CONTRACT-1Y:155|OFF-TECHSUP-12:106|OFF-AUTOPAY:23,,recommended,3,0
7876-BEUTG,treatment,0.394,above,2577.0,48.8,15,OFF-CONTRACT-2Y,2-year contract at 15% off,87.84,0.18,94.92,20.0,No tech support add-on; No online security add-on; No device protection; Rolling month-to-month contract; Manual payment method,NO_TECH_SUPPORT|NO_ONLINE_SECURITY|NO_DEVICE_PROTECTION|MONTH_TO_MONTH|MANUAL_PAYMENT,OFF-CONTRACT-2Y:95|OFF-CONTRACT-1Y:63|OFF-BUNDLE-ALL:22|OFF-TECHSUP-12:21|OFF-SEC-12:-9|OFF-AUTOPAY:-19,,recommended,3,0
8241-JUIQO,treatment,0.0481,below,4559.0,19.45,61,,,0.0,0.0,0.0,20.0,Phone-only account,NO_INTERNET,,,no_action_needed,3,0
8909-BOLNL,treatment,0.0702,below,2088.0,21.2,3,,,0.0,0.0,0.0,20.0,Manual payment method; Under 12 months tenure; Phone-only account,MANUAL_PAYMENT|NEW_CUSTOMER|NO_INTERNET,OFF-AUTOPAY:-54,OFF-AUTOPAY:R2_MARGIN_FLOOR,no_action_needed,3,0
3229-USWAR,treatment,0.1286,below,3570.0,79.95,34,,,0.0,0.0,0.0,20.0,,,,,no_action_needed,3,0
1709-EJDOX,treatment,0.01,below,3843.0,19.75,47,,,0.0,0.0,0.0,20.0,Manual payment method; Phone-only account,MANUAL_PAYMENT|NO_INTERNET,OFF-AUTOPAY:-58,OFF-AUTOPAY:R2_MARGIN_FLOOR,no_action_needed,3,0
7054-ENNGU,treatment,0.2777,above,4623.0,50.85,9,OFF-CONTRACT-2Y,2-year contract at 15% off,91.53,0.18,139.56,20.0,No tech support add-on; No online security add-on; No device protection; Rolling month-to-month contract; Manual payment method; Under 12 months tenure,NO_TECH_SUPPORT|NO_ONLINE_SECURITY|NO_DEVICE_PROTECTION|MONTH_TO_MONTH|MANUAL_PAYMENT|NEW_CUSTOMER,OFF-CONTRACT-2Y:140|OFF-CONTRACT-1Y:93|OFF-BUNDLE-ALL:59|OFF-TECHSUP-12:42|OFF-SEC-12:4|OFF-AUTOPAY:-9,,recommended,3,0
1628-BIZYP,treatment,0.904,above,5754.0,85.0,1,OFF-BUNDLE-ALL,"Tech Support + Online Security bundle, 12 months",120.51,0.14,607.72,20.0,"No tech support add-on; No online security add-on; No device protection; Rolling month-to-month contract; Manual payment method; High bill, few add-ons; Under 12 months tenure; Premium fiber plan",NO_TECH_SUPPORT|NO_ONLINE_SECURITY|NO_DEVICE_PROTECTION|MONTH_TO_MONTH|MANUAL_PAYMENT|HIGH_CHARGE_LOW_BUNDLE|NEW_CUSTOMER|FIBER_PREMIUM,OFF-BUNDLE-ALL:608|OFF-CONTRACT-1Y:522|OFF-TECHSUP-12:356|OFF-SEC-12:200|OFF-AUTOPAY:148,,recommended,3,0
2236-HILPA,treatment,0.01,below,6403.0,20.65,62,,,0.0,0.0,0.0,20.0,Phone-only account,NO_INTERNET,,,no_action_needed,3,0
6080-LNESI,treatment,0.0313,below,5080.0,24.75,51,,,0.0,0.0,0.0,20.0,Manual payment method; Phone-only account,MANUAL_PAYMENT|NO_INTERNET,OFF-AUTOPAY:-54,OFF-AUTOPAY:R2_MARGIN_FLOOR,no_action_needed,3,0
1830-IPXVJ,treatment,0.01,below,6108.0,19.75,61,,,0.0,0.0,0.0,20.0,Phone-only account,NO_INTERNET,,,no_action_needed,3,0
7395-XWZOY,control,0.3056,above,4481.0,55.0,20,OFF-CONTRACT-2Y,2-year contract at 15% off,99.0,0.18,147.49,20.0,Rolling month-to-month contract,MONTH_TO_MONTH,OFF-CONTRACT-2Y:147|OFF-CONTRACT-1Y:98,,recommended,3,0
5975-BAICR,treatment,0.01,below,2504.0,63.7,36,,,0.0,0.0,0.0,20.0,No tech support add-on,NO_TECH_SUPPORT,OFF-TECHSUP-12:-58,OFF-TECHSUP-12:R3_POSITIVE_EV,no_action_needed,3,0
6733-LRIZX,treatment,0.1955,below,5903.0,108.95,35,,,0.0,0.0,0.0,20.0,Manual payment method; Premium fiber plan,MANUAL_PAYMENT|FIBER_PREMIUM,OFF-AUTOPAY:-14,OFF-AUTOPAY:R3_POSITIVE_EV,no_action_needed,3,0
2325-NBPZG,treatment,0.4711,above,5125.0,74.55,3,OFF-CONTRACT-1Y,1-year contract at 10% off,89.46,0.12,200.27,20.0,No tech support add-on; No device protection; Rolling month-to-month contract; Manual payment method; Under 12 months tenure; Premium fiber plan,NO_TECH_SUPPORT|NO_DEVICE_PROTECTION|MONTH_TO_MONTH|MANUAL_PAYMENT|NEW_CUSTOMER|FIBER_PREMIUM,OFF-CONTRACT-1Y:200|OFF-TECHSUP-12:133|OFF-AUTOPAY:37,,recommended,3,0
5025-GOOKI,treatment,0.053,below,4277.0,18.9,20,,,0.0,0.0,0.0,20.0,Rolling month-to-month contract; Phone-only account,MONTH_TO_MONTH|NO_INTERNET,OFF-CONTRACT-2Y:7|OFF-CONTRACT-1Y:5,OFF-CONTRACT-2Y:R3_POSITIVE_EV|OFF-CONTRACT-1Y:R3_POSITIVE_EV,no_action_needed,3,0
4698-KVLLG,treatment,0.0102,below,4224.0,19.6,51,,,0.0,0.0,0.0,20.0,Phone-only account,NO_INTERNET,,,no_action_needed,3,0
0057-QBUQH,treatment,0.0109,below,4797.0,25.1,43,,,0.0,0.0,0.0,20.0,Manual payment method; Phone-only account,MANUAL_PAYMENT|NO_INTERNET,OFF-AUTOPAY:-58,OFF-AUTOPAY:R2_MARGIN_FLOOR,no_action_needed,3,0
4003-FUSHP,control,0.2562,below,5831.0,61.55,19,OFF-CONTRACT-2Y,2-year contract at 15% off,110.79,0.18,158.11,20.0,No online security add-on; No device protection; Rolling month-to-month contract,NO_ONLINE_SECURITY|NO_DEVICE_PROTECTION|MONTH_TO_MONTH,OFF-CONTRACT-2Y:158|OFF-CONTRACT-1Y:105|OFF-SEC-12:15,,recommended,3,0
6013-BHCAW,treatment,0.01,below,4151.0,81.0,61,,,0.0,0.0,0.0,20.0,No online security add-on,NO_ONLINE_SECURITY,OFF-SEC-12:-58,OFF-SEC-12:R3_POSITIVE_EV,no_action_needed,3,0
6096-EGVTU,treatment,0.01,below,5038.0,24.9,64,,,0.0,0.0,0.0,20.0,Manual payment method; Phone-only account,MANUAL_PAYMENT|NO_INTERNET,OFF-AUTOPAY:-58,OFF-AUTOPAY:R2_MARGIN_FLOOR,no_action_needed,3,0
5081-NWSUP,treatment,0.1301,below,4883.0,64.9,10,,,0.0,0.0,0.0,20.0,No online security add-on; No device protection; Manual payment method; Under 12 months tenure,NO_ONLINE_SECURITY|NO_DEVICE_PROTECTION|MANUAL_PAYMENT|NEW_CUSTOMER,OFF-SEC-12:-28|OFF-AUTOPAY:-35,OFF-SEC-12:R3_POSITIVE_EV|OFF-AUTOPAY:R3_POSITIVE_EV,no_action_needed,3,0
8757-TFHHJ,treatment,0.3489,above,2978.0,49.8,1,OFF-CONTRACT-1Y,1-year contract at 10% off,59.76,0.12,64.92,20.0,No tech support add-on; No device protection; Rolling month-to-month contract; Under 12 months tenure,NO_TECH_SUPPORT|NO_DEVICE_PROTECTION|MONTH_TO_MONTH|NEW_CUSTOMER,OFF-CONTRACT-1Y:65|OFF-TECHSUP-12:23,,recommended,3,0
9114-DPSIA,treatment,0.01,below,4237.0,81.0,72,,,0.0,0.0,0.0,20.0,,,,,no_action_needed,3,0
4700-UBQMV,treatment,0.0109,below,3503.0,75.9,21,,,0.0,0.0,0.0,20.0,No tech support add-on; No device protection,NO_TECH_SUPPORT|NO_DEVICE_PROTECTION,OFF-TECHSUP-12:-57,OFF-TECHSUP-12:R3_POSITIVE_EV,no_action_needed,3,0
4627-MIHJH,treatment,0.176,below,4948.0,110.25,69,,,0.0,0.0,0.0,20.0,Premium fiber plan,FIBER_PREMIUM,,,no_action_needed,3,0
7356-AYNJP,control,0.1458,below,5685.0,23.9,4,,,0.0,0.0,0.0,20.0,Manual payment method; Under 12 months tenure; Phone-only account,MANUAL_PAYMENT|NEW_CUSTOMER|NO_INTERNET,OFF-AUTOPAY:-27,OFF-AUTOPAY:R2_MARGIN_FLOOR,no_action_needed,3,0
6286-SUUWT,treatment,0.473,above,5916.0,19.95,1,OFF-CONTRACT-1Y,1-year contract at 10% off,23.94,0.12,311.85,20.0,Rolling month-to-month contract; Manual payment method; Under 12 months tenure; Phone-only account,MONTH_TO_MONTH|MANUAL_PAYMENT|NEW_CUSTOMER|NO_INTERNET,OFF-CONTRACT-1Y:312|OFF-AUTOPAY:52,,recommended,3,0
4819-HJPIW,treatment,0.2093,below,2675.0,25.15,18,OFF-CONTRACT-2Y,2-year contract at 15% off,45.27,0.18,55.51,20.0,No tech support add-on; No online security add-on; No device protection; Rolling month-to-month contract; Manual payment method,NO_TECH_SUPPORT|NO_ONLINE_SECURITY|NO_DEVICE_PROTECTION|MONTH_TO_MONTH|MANUAL_PAYMENT,OFF-CONTRACT-2Y:56|OFF-CONTRACT-1Y:37|OFF-TECHSUP-12:-16|OFF-SEC-12:-32|OFF-AUTOPAY:-38|OFF-BUNDLE-ALL:-42,,recommended,3,0
5438-QMDDL,treatment,0.3346,above,3652.0,59.8,19,OFF-CONTRACT-2Y,2-year contract at 15% off,107.64,0.18,112.31,20.0,No tech support add-on; No online security add-on; No device protection; Rolling month-to-month contract; Manual payment method,NO_TECH_SUPPORT|NO_ONLINE_SECURITY|NO_DEVICE_PROTECTION|MONTH_TO_MONTH|MANUAL_PAYMENT,OFF-CONTRACT-2Y:112|OFF-CONTRACT-1Y:75|OFF-BUNDLE-ALL:51|OFF-TECHSUP-12:37|OFF-SEC-12:1|OFF-AUTOPAY:-11,,recommended,3,0
9812-GHVRI,treatment,0.3321,above,4294.0,83.85,40,OFF-CONTRACT-2Y,2-year contract at 15% off,150.93,0.18,105.76,20.0,"No tech support add-on; No online security add-on; No device protection; Rolling month-to-month contract; High bill, few add-ons; Premium fiber plan",NO_TECH_SUPPORT|NO_ONLINE_SECURITY|NO_DEVICE_PROTECTION|MONTH_TO_MONTH|HIGH_CHARGE_LOW_BUNDLE|FIBER_PREMIUM,OFF-CONTRACT-2Y:106|OFF-BUNDLE-ALL:79|OFF-CONTRACT-1Y:70|OFF-TECHSUP-12:54|OFF-SEC-12:11,,recommended,3,0
4226-KKDON,control,0.2352,below,3804.0,66.65,8,OFF-CONTRACT-2Y,2-year contract at 15% off,119.97,0.18,41.08,20.0,No online security add-on; No device protection; Rolling month-to-month contract; Manual payment method; Under 12 months tenure,NO_ONLINE_SECURITY|NO_DEVICE_PROTECTION|MONTH_TO_MONTH|MANUAL_PAYMENT|NEW_CUSTOMER,OFF-CONTRACT-2Y:41|OFF-CONTRACT-1Y:27|OFF-SEC-12:-15|OFF-AUTOPAY:-24,,recommended,3,0
3831-YCPUO,treatment,0.01,below,6419.0,109.5,72,,,0.0,0.0,0.0,20.0,Premium fiber plan,FIBER_PREMIUM,,,no_action_needed,3,0
7337-CINUD,treatment,0.01,below,5206.0,19.5,8,,,0.0,0.0,0.0,20.0,Under 12 months tenure; Phone-only account,NEW_CUSTOMER|NO_INTERNET,,,no_action_needed,3,0
6198-PNNSZ,treatment,0.3017,above,5648.0,109.8,56,OFF-TECHSUP-12,Tech Support bundled free for 12 months,60.35,0.08,75.97,20.0,No tech support add-on; Premium fiber plan,NO_TECH_SUPPORT|FIBER_PREMIUM,OFF-TECHSUP-12:76,,recommended,3,0
3896-RCYYE,treatment,0.1074,below,5990.0,53.4,67,,,0.0,0.0,0.0,20.0,No online security add-on; Rolling month-to-month contract,NO_ONLINE_SECURITY|MONTH_TO_MONTH,OFF-CONTRACT-2Y:20|OFF-CONTRACT-1Y:13|OFF-SEC-12:-28,OFF-CONTRACT-2Y:R3_POSITIVE_EV|OFF-CONTRACT-1Y:R3_POSITIVE_EV|OFF-SEC-12:R3_POSITIVE_EV,no_action_needed,3,0
9638-JIQYA,treatment,0.5022,above,4033.0,24.9,2,OFF-CONTRACT-1Y,1-year contract at 10% off,29.88,0.12,213.16,20.0,No tech support add-on; No online security add-on; No device protection; Rolling month-to-month contract; Under 12 months tenure,NO_TECH_SUPPORT|NO_ONLINE_SECURITY|NO_DEVICE_PROTECTION|MONTH_TO_MONTH|NEW_CUSTOMER,OFF-CONTRACT-1Y:213|OFF-BUNDLE-ALL:163|OFF-TECHSUP-12:102|OFF-SEC-12:41,,recommended,3,0
0178-CIIKR,treatment,0.2017,below,5949.0,19.95,3,OFF-CONTRACT-1Y,1-year contract at 10% off,23.94,0.12,120.05,20.0,Rolling month-to-month contract; Manual payment method; Under 12 months tenure; Phone-only account,MONTH_TO_MONTH|MANUAL_PAYMENT|NEW_CUSTOMER|NO_INTERNET,OFF-CONTRACT-1Y:120|OFF-AUTOPAY:-12,,recommended,3,0
5774-QPLTF,treatment,0.01,below,6391.0,20.35,50,,,0.0,0.0,0.0,20.0,Manual payment method; Phone-only account,MANUAL_PAYMENT|NO_INTERNET,OFF-AUTOPAY:-57,OFF-AUTOPAY:R2_MARGIN_FLOOR,no_action_needed,3,0
6383-ZTSIW,treatment,0.2631,below,4599.0,99.1,39,OFF-TECHSUP-12,Tech Support bundled free for 12 months,60.35,0.08,36.45,20.0,No tech support add-on; No device protection; Manual payment method; Premium fiber plan,NO_TECH_SUPPORT|NO_DEVICE_PROTECTION|MANUAL_PAYMENT|FIBER_PREMIUM,OFF-TECHSUP-12:36|OFF-AUTOPAY:-12,,recommended,3,0
3069-SSVSN,treatment,0.2072,below,4467.0,25.85,1,,,0.0,0.0,0.0,20.0,No tech support add-on; No online security add-on; No device protection; Manual payment method; Under 12 months tenure,NO_TECH_SUPPORT|NO_ONLINE_SECURITY|NO_DEVICE_PROTECTION|MANUAL_PAYMENT|NEW_CUSTOMER,OFF-TECHSUP-12:14|OFF-BUNDLE-ALL:9|OFF-SEC-12:-14|OFF-AUTOPAY:-23,OFF-TECHSUP-12:R2_MARGIN_FLOOR|OFF-BUNDLE-ALL:R2_MARGIN_FLOOR|OFF-SEC-12:R2_MARGIN_FLOOR|OFF-AUTOPAY:R2_MARGIN_FLOOR,no_action_needed,3,0
5857-XRECV,control,0.01,below,4486.0,20.5,2,,,0.0,0.0,0.0,20.0,Under 12 months tenure; Phone-only account,NEW_CUSTOMER|NO_INTERNET,,,no_action_needed,3,0
0725-CXOTM,control,0.0702,below,4844.0,89.65,36,,,0.0,0.0,0.0,20.0,,,,,no_action_needed,3,0
4377-VDHYI,treatment,0.0102,below,2722.0,90.8,32,,,0.0,0.0,0.0,20.0,No tech support add-on; No device protection; Manual payment method; Premium fiber plan,NO_TECH_SUPPORT|NO_DEVICE_PROTECTION|MANUAL_PAYMENT|FIBER_PREMIUM,OFF-TECHSUP-12:-58|OFF-AUTOPAY:-59,OFF-TECHSUP-12:R3_POSITIVE_EV|OFF-AUTOPAY:R3_POSITIVE_EV,no_action_needed,3,0
4937-QPZPO,treatment,0.0109,below,5641.0,99.9,61,,,0.0,0.0,0.0,20.0,No tech support add-on; No online security add-on; Manual payment method; Premium fiber plan,NO_TECH_SUPPORT|NO_ONLINE_SECURITY|MANUAL_PAYMENT|FIBER_PREMIUM,OFF-TECHSUP-12:-55|OFF-SEC-12:-57|OFF-AUTOPAY:-58|OFF-BUNDLE-ALL:-112,OFF-TECHSUP-12:R3_POSITIVE_EV|OFF-SEC-12:R3_POSITIVE_EV|OFF-AUTOPAY:R3_POSITIVE_EV|OFF-BUNDLE-ALL:R3_POSITIVE_EV,no_action_needed,3,0
2925-VDZHY,treatment,0.01,below,4641.0,88.7,72,,,0.0,0.0,0.0,20.0,,,,,no_action_needed,3,0
3413-CSSTH,treatment,0.2058,below,5590.0,55.7,41,OFF-CONTRACT-2Y,2-year contract at 15% off,100.26,0.18,106.82,20.0,No tech support add-on; No online security add-on; Rolling month-to-month contract,NO_TECH_SUPPORT|NO_ONLINE_SECURITY|MONTH_TO_MONTH,OFF-CONTRACT-2Y:107|OFF-CONTRACT-1Y:71|OFF-BUNDLE-ALL:41|OFF-TECHSUP-12:32|OFF-SEC-12:-3,,recommended,3,0
8033-VCZGH,treatment,0.5363,above,4363.0,103.95,50,OFF-TECHSUP-12,Tech Support bundled free for 12 months,60.35,0.08,126.84,20.0,No tech support add-on; Manual payment method; Premium fiber plan,NO_TECH_SUPPORT|MANUAL_PAYMENT|FIBER_PREMIUM,OFF-TECHSUP-12:127|OFF-AUTOPAY:34,,recommended,3,0
8495-PRWFH,treatment,0.3072,above,5831.0,55.65,42,OFF-CONTRACT-2Y,2-year contract at 15% off,100.17,0.18,222.26,20.0,No tech support add-on; No online security add-on; Rolling month-to-month contract; Manual payment method,NO_TECH_SUPPORT|NO_ONLINE_SECURITY|MONTH_TO_MONTH|MANUAL_PAYMENT,OFF-CONTRACT-2Y:222|OFF-CONTRACT-1Y:148|OFF-BUNDLE-ALL:130|OFF-TECHSUP-12:83|OFF-SEC-12:29|OFF-AUTOPAY:12,,recommended,3,0
2279-AXJJK,treatment,0.35,above,4465.0,95.65,52,OFF-CONTRACT-2Y,2-year contract at 15% off,172.17,0.18,109.13,20.0,No online security add-on; No device protection; Rolling month-to-month contract; Premium fiber plan,NO_ONLINE_SECURITY|NO_DEVICE_PROTECTION|MONTH_TO_MONTH|FIBER_PREMIUM,OFF-CONTRACT-2Y:109|OFF-CONTRACT-1Y:73|OFF-SEC-12:18,,recommended,3,0
0909-SELIE,treatment,0.0279,below,4302.0,80.8,61,,,0.0,0.0,0.0,20.0,,,,,no_action_needed,3,0
6434-TTGJP,control,0.01,below,5671.0,53.7,10,,,0.0,0.0,0.0,20.0,Under 12 months tenure,NEW_CUSTOMER,,,no_action_needed,3,0
9962-BFPDU,treatment,0.4606,above,5811.0,20.05,1,OFF-CONTRACT-1Y,1-year contract at 10% off,24.06,0.12,297.13,20.0,Rolling month-to-month contract; Manual payment method; Under 12 months tenure; Phone-only account,MONTH_TO_MONTH|MANUAL_PAYMENT|NEW_CUSTOMER|NO_INTERNET,OFF-CONTRACT-1Y:297|OFF-AUTOPAY:47,,recommended,3,0
0665-XHDJU,treatment,0.1582,below,6022.0,99.4,72,,,0.0,0.0,0.0,20.0,No tech support add-on; No online security add-on; No device protection; Manual payment method; Premium fiber plan,NO_TECH_SUPPORT|NO_ONLINE_SECURITY|NO_DEVICE_PROTECTION|MANUAL_PAYMENT|FIBER_PREMIUM,OFF-TECHSUP-12:16|OFF-BUNDLE-ALL:13|OFF-SEC-12:-13|OFF-AUTOPAY:-22,OFF-TECHSUP-12:R3_POSITIVE_EV|OFF-BUNDLE-ALL:R3_POSITIVE_EV|OFF-SEC-12:R3_POSITIVE_EV|OFF-AUTOPAY:R3_POSITIVE_EV,no_action_needed,3,0
5331-RGMTT,treatment,0.6236,above,4011.0,99.05,54,OFF-CONTRACT-2Y,2-year contract at 15% off,178.29,0.18,271.94,20.0,No tech support add-on; No online security add-on; Rolling month-to-month contract; Premium fiber plan,NO_TECH_SUPPORT|NO_ONLINE_SECURITY|MONTH_TO_MONTH|FIBER_PREMIUM,OFF-CONTRACT-2Y:272|OFF-BUNDLE-ALL:230|OFF-CONTRACT-1Y:181|OFF-TECHSUP-12:140|OFF-SEC-12:65,,recommended,3,0
4759-PXTAN,treatment,0.2115,below,4093.0,80.1,59,,,0.0,0.0,0.0,20.0,No online security add-on; No device protection; Manual payment method,NO_ONLINE_SECURITY|NO_DEVICE_PROTECTION|MANUAL_PAYMENT,OFF-SEC-12:-17|OFF-AUTOPAY:-25,OFF-SEC-12:R3_POSITIVE_EV|OFF-AUTOPAY:R3_POSITIVE_EV,no_action_needed,3,0
9374-YOLBJ,treatment,0.2635,below,2053.0,19.25,1,OFF-CONTRACT-1Y,1-year contract at 10% off,23.1,0.12,41.82,20.0,Rolling month-to-month contract; Manual payment method; Under 12 months tenure; Phone-only account,MONTH_TO_MONTH|MANUAL_PAYMENT|NEW_CUSTOMER|NO_INTERNET,OFF-CONTRACT-1Y:42|OFF-AUTOPAY:-38,,recommended,3,0
8409-WQJUX,treatment,0.1918,below,4458.0,54.2,25,,,0.0,0.0,0.0,20.0,No online security add-on; Manual payment method,NO_ONLINE_SECURITY|MANUAL_PAYMENT,OFF-SEC-12:-17|OFF-AUTOPAY:-26,OFF-SEC-12:R3_POSITIVE_EV|OFF-AUTOPAY:R3_POSITIVE_EV,no_action_needed,3,0
9746-UGFAC,treatment,0.0809,below,3171.0,20.85,22,,,0.0,0.0,0.0,20.0,Phone-only account,NO_INTERNET,,,no_action_needed,3,0
0625-AFOHS,treatment,0.01,below,2784.0,20.2,29,,,0.0,0.0,0.0,20.0,Manual payment method; Phone-only account,MANUAL_PAYMENT|NO_INTERNET,OFF-AUTOPAY:-59,OFF-AUTOPAY:R2_MARGIN_FLOOR,no_action_needed,3,0
2985-FMWYF,treatment,0.582,above,4861.0,93.5,23,OFF-CONTRACT-2Y,2-year contract at 15% off,168.3,0.18,340.94,20.0,"No tech support add-on; No online security add-on; No device protection; Rolling month-to-month contract; Manual payment method; High bill, few add-ons; Premium fiber plan",NO_TECH_SUPPORT|NO_ONLINE_SECURITY|NO_DEVICE_PROTECTION|MONTH_TO_MONTH|MANUAL_PAYMENT|HIGH_CHARGE_LOW_BUNDLE|FIBER_PREMIUM,OFF-CONTRACT-2Y:341|OFF-BUNDLE-ALL:276|OFF-CONTRACT-1Y:227|OFF-TECHSUP-12:166|OFF-SEC-12:81|OFF-AUTOPAY:53,,recommended,3,0
0327-WFZSY,treatment,0.0109,below,5434.0,100.0,39,,,0.0,0.0,0.0,20.0,No tech support add-on; No online security add-on; Manual payment method; Premium fiber plan,NO_TECH_SUPPORT|NO_ONLINE_SECURITY|MANUAL_PAYMENT|FIBER_PREMIUM,OFF-TECHSUP-12:-56|OFF-SEC-12:-57|OFF-AUTOPAY:-58|OFF-BUNDLE-ALL:-112,OFF-TECHSUP-12:R3_POSITIVE_EV|OFF-SEC-12:R3_POSITIVE_EV|OFF-AUTOPAY:R3_POSITIVE_EV|OFF-BUNDLE-ALL:R3_POSITIVE_EV,no_action_needed,3,0
3967-VQOGC,control,0.01,below,5847.0,24.9,67,,,0.0,0.0,0.0,20.0,Manual payment method; Phone-only account,MANUAL_PAYMENT|NO_INTERNET,OFF-AUTOPAY:-58,OFF-AUTOPAY:R2_MARGIN_FLOOR,no_action_needed,3,0
5442-BHQNG,treatment,0.5435,above,3430.0,70.35,2,OFF-BUNDLE-ALL,"Tech Support + Online Security bundle, 12 months",120.51,0.14,140.48,20.0,No tech support add-on; No online security add-on; No device protection; Rolling month-to-month contract; Manual payment method; Under 12 months tenure; Premium fiber plan,NO_TECH_SUPPORT|NO_ONLINE_SECURITY|NO_DEVICE_PROTECTION|MONTH_TO_MONTH|MANUAL_PAYMENT|NEW_CUSTOMER|FIBER_PREMIUM,OFF-BUNDLE-ALL:140|OFF-CONTRACT-1Y:139|OFF-TECHSUP-12:89|OFF-SEC-12:33|OFF-AUTOPAY:15,,recommended,3,0
2169-RRLFW,treatment,0.01,below,5063.0,25.6,71,,,0.0,0.0,0.0,20.0,Phone-only account,NO_INTERNET,,,no_action_needed,3,0
8873-GLDMH,treatment,0.6236,above,4220.0,73.85,6,OFF-CONTRACT-2Y,2-year contract at 15% off,132.93,0.18,340.76,20.0,No tech support add-on; No online security add-on; No device protection; Rolling month-to-month contract; Manual payment method; Under 12 months tenure; Premium fiber plan,NO_TECH_SUPPORT|NO_ONLINE_SECURITY|NO_DEVICE_PROTECTION|MONTH_TO_MONTH|MANUAL_PAYMENT|NEW_CUSTOMER|FIBER_PREMIUM,OFF-CONTRACT-2Y:341|OFF-BUNDLE-ALL:248|OFF-CONTRACT-1Y:227|OFF-TECHSUP-12:150|OFF-SEC-12:71|OFF-AUTOPAY:45,,recommended,3,0
5696-JVVQY,treatment,0.0102,below,5476.0,70.1,48,,,0.0,0.0,0.0,20.0,No tech support add-on,NO_TECH_SUPPORT,OFF-TECHSUP-12:-56,OFF-TECHSUP-12:R3_POSITIVE_EV,no_action_needed,3,0
5022-JNQEQ,control,0.2017,below,4843.0,75.85,9,OFF-CONTRACT-2Y,2-year contract at 15% off,136.53,0.18,39.3,20.0,No online security add-on; No device protection; Rolling month-to-month contract; Manual payment method; Under 12 months tenure; Premium fiber plan,NO_ONLINE_SECURITY|NO_DEVICE_PROTECTION|MONTH_TO_MONTH|MANUAL_PAYMENT|NEW_CUSTOMER|FIBER_PREMIUM,OFF-CONTRACT-2Y:39|OFF-CONTRACT-1Y:26|OFF-SEC-12:-11|OFF-AUTOPAY:-21,,recommended,3,0
1929-ZCBHE,treatment,0.0102,below,5040.0,40.3,47,,,0.0,0.0,0.0,20.0,Manual payment method,MANUAL_PAYMENT,OFF-AUTOPAY:-58,OFF-AUTOPAY:R3_POSITIVE_EV,no_action_needed,3,0
4378-MYPGO,control,0.01,below,5795.0,105.25,68,,,0.0,0.0,0.0,20.0,No tech support add-on; Premium fiber plan,NO_TECH_SUPPORT|FIBER_PREMIUM,OFF-TECHSUP-12:-56,OFF-TECHSUP-12:R3_POSITIVE_EV,no_action_needed,3,0
6048-QBXKL,treatment,0.6236,above,2069.0,56.55,2,OFF-CONTRACT-1Y,1-year contract at 10% off,67.86,0.12,86.97,20.0,No tech support add-on; No online security add-on; No device protection; Rolling month-to-month contract; Under 12 months tenure,NO_TECH_SUPPORT|NO_ONLINE_SECURITY|NO_DEVICE_PROTECTION|MONTH_TO_MONTH|NEW_CUSTOMER,OFF-CONTRACT-1Y:87|OFF-BUNDLE-ALL:60|OFF-TECHSUP-12:43|OFF-SEC-12:4,,recommended,3,0
1936-UAFEH,treatment,0.1849,below,5502.0,110.25,68,,,0.0,0.0,0.0,20.0,No device protection; Premium fiber plan,NO_DEVICE_PROTECTION|FIBER_PREMIUM,,,no_action_needed,3,0
3587-PMCOY,treatment,0.5478,above,4614.0,98.9,10,OFF-TECHSUP-12,Tech Support bundled free for 12 months,60.35,0.08,141.85,20.0,No tech support add-on; Manual payment method; Under 12 months tenure; Premium fiber plan,NO_TECH_SUPPORT|MANUAL_PAYMENT|NEW_CUSTOMER|FIBER_PREMIUM,OFF-TECHSUP-12:142|OFF-AUTOPAY:41,,recommended,3,0
6856-RAURS,treatment,0.6834,above,2044.0,74.9,2,OFF-CONTRACT-1Y,1-year contract at 10% off,89.88,0.12,77.74,20.0,No tech support add-on; No online security add-on; No device protection; Rolling month-to-month contract; Manual payment method; Under 12 months tenure; Premium fiber plan,NO_TECH_SUPPORT|NO_ONLINE_SECURITY|NO_DEVICE_PROTECTION|MONTH_TO_MONTH|MANUAL_PAYMENT|NEW_CUSTOMER|FIBER_PREMIUM,OFF-CONTRACT-1Y:78|OFF-BUNDLE-ALL:75|OFF-TECHSUP-12:51|OFF-SEC-12:10|OFF-AUTOPAY:-4,,recommended,3,0
8778-LMWTJ,treatment,0.471,above,5770.0,74.85,9,OFF-CONTRACT-2Y,2-year contract at 15% off,134.73,0.18,354.45,20.0,No tech support add-on; No device protection; Rolling month-to-month contract; Manual payment method; Under 12 months tenure; Premium fiber plan,NO_TECH_SUPPORT|NO_DEVICE_PROTECTION|MONTH_TO_MONTH|MANUAL_PAYMENT|NEW_CUSTOMER|FIBER_PREMIUM,OFF-CONTRACT-2Y:354|OFF-CONTRACT-1Y:236|OFF-TECHSUP-12:157|OFF-AUTOPAY:49,,recommended,3,0
6734-FQAJX,treatment,0.1333,below,4143.0,105.05,67,,,0.0,0.0,0.0,20.0,No device protection; Manual payment method; Premium fiber plan,NO_DEVICE_PROTECTION|MANUAL_PAYMENT|FIBER_PREMIUM,OFF-AUTOPAY:-38,OFF-AUTOPAY:R3_POSITIVE_EV,no_action_needed,3,0
2335-GSODA,treatment,0.0109,below,2327.0,40.1,23,,,0.0,0.0,0.0,20.0,Manual payment method,MANUAL_PAYMENT,OFF-AUTOPAY:-59,OFF-AUTOPAY:R3_POSITIVE_EV,no_action_needed,3,0
1952-DVVSW,treatment,0.1091,below,3509.0,20.1,10,,,0.0,0.0,0.0,20.0,Manual payment method; Under 12 months tenure; Phone-only account,MANUAL_PAYMENT|NEW_CUSTOMER|NO_INTERNET,OFF-AUTOPAY:-45,OFF-AUTOPAY:R2_MARGIN_FLOOR,no_action_needed,3,0
3466-RITXD,treatment,0.3904,above,5461.0,92.4,26,OFF-CONTRACT-2Y,2-year contract at 15% off,166.32,0.18,217.44,20.0,No tech support add-on; No device protection; Rolling month-to-month contract; Premium fiber plan,NO_TECH_SUPPORT|NO_DEVICE_PROTECTION|MONTH_TO_MONTH|FIBER_PREMIUM,OFF-CONTRACT-2Y:217|OFF-CONTRACT-1Y:145|OFF-TECHSUP-12:110,,recommended,3,0
2101-RANCD,treatment,0.3806,above,5832.0,73.1,55,OFF-CONTRACT-2Y,2-year contract at 15% off,131.58,0.18,267.96,20.0,No tech support add-on; No online security add-on; No device protection; Rolling month-to-month contract; Manual payment method; Premium fiber plan,NO_TECH_SUPPORT|NO_ONLINE_SECURITY|NO_DEVICE_PROTECTION|MONTH_TO_MONTH|MANUAL_PAYMENT|FIBER_PREMIUM,OFF-CONTRACT-2Y:268|OFF-BUNDLE-ALL:190|OFF-CONTRACT-1Y:179|OFF-TECHSUP-12:117|OFF-SEC-12:51|OFF-AUTOPAY:29,,recommended,3,0
6519-ZHPXP,treatment,0.01,below,4183.0,108.3,72,,,0.0,0.0,0.0,20.0,Premium fiber plan,FIBER_PREMIUM,,,no_action_needed,3,0
9610-WCESF,treatment,0.0777,below,6344.0,43.9,67,,,0.0,0.0,0.0,20.0,No device protection; Manual payment method,NO_DEVICE_PROTECTION|MANUAL_PAYMENT,OFF-AUTOPAY:-40,OFF-AUTOPAY:R3_POSITIVE_EV,no_action_needed,3,0
3865-ZYKAD,treatment,0.2252,below,4503.0,84.9,69,OFF-CONTRACT-2Y,2-year contract at 15% off,152.82,0.18,29.71,20.0,"No tech support add-on; No device protection; Rolling month-to-month contract; High bill, few add-ons; Premium fiber plan",NO_TECH_SUPPORT|NO_DEVICE_PROTECTION|MONTH_TO_MONTH|HIGH_CHARGE_LOW_BUNDLE|FIBER_PREMIUM,OFF-CONTRACT-2Y:30|OFF-TECHSUP-12:21|OFF-CONTRACT-1Y:20,,recommended,3,0
0480-KYJVA,treatment,0.01,below,5897.0,24.25,72,,,0.0,0.0,0.0,20.0,Phone-only account,NO_INTERNET,,,no_action_needed,3,0
3926-YZVVX,control,0.0556,below,2157.0,50.05,41,,,0.0,0.0,0.0,20.0,No online security add-on; No device protection,NO_ONLINE_SECURITY|NO_DEVICE_PROTECTION,OFF-SEC-12:-54,OFF-SEC-12:R3_POSITIVE_EV,no_action_needed,3,0
6332-FBZRI,treatment,0.01,below,5589.0,69.35,67,,,0.0,0.0,0.0,20.0,,,,,no_action_needed,3,0
2346-LOCWC,treatment,0.01,below,6186.0,20.5,58,,,0.0,0.0,0.0,20.0,Phone-only account,NO_INTERNET,,,no_action_needed,3,0
0298-XACET,treatment,0.01,below,5396.0,50.2,52,,,0.0,0.0,0.0,20.0,No online security add-on; Manual payment method,NO_ONLINE_SECURITY|MANUAL_PAYMENT,OFF-SEC-12:-57|OFF-AUTOPAY:-58,OFF-SEC-12:R3_POSITIVE_EV|OFF-AUTOPAY:R3_POSITIVE_EV,no_action_needed,3,0
7560-QJAVJ,treatment,0.0376,below,5474.0,79.6,70,,,0.0,0.0,0.0,20.0,,,,,no_action_needed,3,0
5339-PXDVH,treatment,0.5226,above,3559.0,90.65,4,OFF-CONTRACT-1Y,1-year contract at 10% off,108.78,0.12,114.41,20.0,"No tech support add-on; No device protection; Rolling month-to-month contract; Manual payment method; High bill, few add-ons; Under 12 months tenure; Premium fiber plan",NO_TECH_SUPPORT|NO_DEVICE_PROTECTION|MONTH_TO_MONTH|MANUAL_PAYMENT|HIGH_CHARGE_LOW_BUNDLE|NEW_CUSTOMER|FIBER_PREMIUM,OFF-CONTRACT-1Y:114|OFF-TECHSUP-12:88|OFF-AUTOPAY:14,,recommended,3,0
8782-NUUOL,treatment,0.0509,below,4807.0,79.0,60,,,0.0,0.0,0.0,20.0,Manual payment method,MANUAL_PAYMENT,OFF-AUTOPAY:-50,OFF-AUTOPAY:R3_POSITIVE_EV,no_action_needed,3,0
2669-QVCRG,treatment,0.3417,above,2299.0,81.3,41,,,0.0,0.0,0.0,20.0,"No tech support add-on; No device protection; Rolling month-to-month contract; High bill, few add-ons; Premium fiber plan",NO_TECH_SUPPORT|NO_DEVICE_PROTECTION|MONTH_TO_MONTH|HIGH_CHARGE_LOW_BUNDLE|FIBER_PREMIUM,OFF-TECHSUP-12:2|OFF-CONTRACT-1Y:-3|OFF-CONTRACT-2Y:-5,OFF-TECHSUP-12:R3_POSITIVE_EV|OFF-CONTRACT-1Y:R3_POSITIVE_EV|OFF-CONTRACT-2Y:R3_POSITIVE_EV,review_no_profitable_offer,3,0
2478-EEWWM,treatment,0.4743,above,5905.0,44.3,59,OFF-CONTRACT-2Y,2-year contract at 15% off,79.74,0.18,424.39,20.0,No tech support add-on; No online security add-on; No device protection; Rolling month-to-month contract; Manual payment method,NO_TECH_SUPPORT|NO_ONLINE_SECURITY|NO_DEVICE_PROTECTION|MONTH_TO_MONTH|MANUAL_PAYMENT,OFF-CONTRACT-2Y:424|OFF-CONTRACT-1Y:283|OFF-BUNDLE-ALL:272|OFF-TECHSUP-12:164|OFF-SEC-12:80|OFF-AUTOPAY:52,,recommended,3,0
2233-TXSIU,treatment,0.0193,below,3522.0,44.45,17,,,0.0,0.0,0.0,20.0,No tech support add-on,NO_TECH_SUPPORT,OFF-TECHSUP-12:-55,OFF-TECHSUP-12:R3_POSITIVE_EV,no_action_needed,3,0
3094-JOJAI,treatment,0.2872,above,2643.0,74.15,18,,,0.0,0.0,0.0,20.0,No tech support add-on; No online security add-on; No device protection; Rolling month-to-month contract; Manual payment method; Premium fiber plan,NO_TECH_SUPPORT|NO_ONLINE_SECURITY|NO_DEVICE_PROTECTION|MONTH_TO_MONTH|MANUAL_PAYMENT|FIBER_PREMIUM,OFF-CONTRACT-2Y:3|OFF-CONTRACT-1Y:2|OFF-TECHSUP-12:0|OFF-BUNDLE-ALL:-14|OFF-SEC-12:-22|OFF-AUTOPAY:-30,OFF-CONTRACT-2Y:R3_POSITIVE_EV|OFF-CONTRACT-1Y:R3_POSITIVE_EV|OFF-TECHSUP-12:R3_POSITIVE_EV|OFF-BUNDLE-ALL:R3_POSITIVE_EV|OFF-SEC-12:R3_POSITIVE_EV|OFF-AUTOPAY:R3_POSITIVE_EV,review_no_profitable_offer,3,0
9330-VOFSZ,treatment,0.1102,below,5942.0,110.8,60,,,0.0,0.0,0.0,20.0,No online security add-on; Premium fiber plan,NO_ONLINE_SECURITY|FIBER_PREMIUM,OFF-SEC-12:-27,OFF-SEC-12:R3_POSITIVE_EV,no_action_needed,3,0
9389-ACWBI,treatment,0.2627,below,3850.0,69.95,5,OFF-CONTRACT-1Y,1-year contract at 10% off,83.94,0.12,37.43,20.0,No tech support add-on; No online security add-on; No device protection; Rolling month-to-month contract; Under 12 months tenure; Premium fiber plan,NO_TECH_SUPPORT|NO_ONLINE_SECURITY|NO_DEVICE_PROTECTION|MONTH_TO_MONTH|NEW_CUSTOMER|FIBER_PREMIUM,OFF-CONTRACT-1Y:37|OFF-BUNDLE-ALL:21|OFF-TECHSUP-12:21|OFF-SEC-12:-10,,recommended,3,0
5921-NGYRH,treatment,0.1751,below,5018.0,73.55,64,OFF-CONTRACT-2Y,2-year contract at 15% off,132.39,0.18,25.77,20.0,No tech support add-on; No device protection; Rolling month-to-month contract; Manual payment method; Premium fiber plan,NO_TECH_SUPPORT|NO_DEVICE_PROTECTION|MONTH_TO_MONTH|MANUAL_PAYMENT|FIBER_PREMIUM,OFF-CONTRACT-2Y:26|OFF-CONTRACT-1Y:17|OFF-TECHSUP-12:10|OFF-AUTOPAY:-25,,recommended,3,0
3985-HOYPM,treatment,0.0364,below,4602.0,19.4,26,,,0.0,0.0,0.0,20.0,Manual payment method; Phone-only account,MANUAL_PAYMENT|NO_INTERNET,OFF-AUTOPAY:-53,OFF-AUTOPAY:R2_MARGIN_FLOOR,no_action_needed,3,0
9548-LERKT,treatment,0.0223,below,3455.0,19.75,24,,,0.0,0.0,0.0,20.0,Manual payment method; Phone-only account,MANUAL_PAYMENT|NO_INTERNET,OFF-AUTOPAY:-57,OFF-AUTOPAY:R2_MARGIN_FLOOR,no_action_needed,3,0
4753-PADAS,control,0.3238,above,5027.0,105.7,67,OFF-BUNDLE-ALL,"Tech Support + Online Security bundle, 12 months",120.51,0.14,107.37,20.0,No tech support add-on; No online security add-on; Premium fiber plan,NO_TECH_SUPPORT|NO_ONLINE_SECURITY|FIBER_PREMIUM,OFF-BUNDLE-ALL:107|OFF-TECHSUP-12:70|OFF-SEC-12:21,,recommended,3,0
4184-VODJZ,treatment,0.01,below,4512.0,91.35,63,,,0.0,0.0,0.0,20.0,"No tech support add-on; No online security add-on; No device protection; Manual payment method; High bill, few add-ons; Premium fiber plan",NO_TECH_SUPPORT|NO_ONLINE_SECURITY|NO_DEVICE_PROTECTION|MANUAL_PAYMENT|HIGH_CHARGE_LOW_BUNDLE|FIBER_PREMIUM,OFF-TECHSUP-12:-57|OFF-SEC-12:-58|OFF-AUTOPAY:-58|OFF-BUNDLE-ALL:-114,OFF-TECHSUP-12:R3_POSITIVE_EV|OFF-SEC-12:R3_POSITIVE_EV|OFF-AUTOPAY:R3_POSITIVE_EV|OFF-BUNDLE-ALL:R3_POSITIVE_EV,no_action_needed,3,0
7233-IOQNP,treatment,0.2265,below,5409.0,34.0,43,OFF-CONTRACT-2Y,2-year contract at 15% off,61.2,0.18,159.32,20.0,No device protection; Rolling month-to-month contract,NO_DEVICE_PROTECTION|MONTH_TO_MONTH,OFF-CONTRACT-2Y:159|OFF-CONTRACT-1Y:106,,recommended,3,0
2834-JKOOW,treatment,0.0994,below,3572.0,45.9,15,,,0.0,0.0,0.0,20.0,Manual payment method,MANUAL_PAYMENT,OFF-AUTOPAY:-46,OFF-AUTOPAY:R3_POSITIVE_EV,no_action_needed,3,0
0230-UBYPQ,treatment,0.0526,below,5089.0,36.1,63,,,0.0,0.0,0.0,20.0,No device protection,NO_DEVICE_PROTECTION,,,no_action_needed,3,0
5949-HGVJL,treatment,0.2627,below,2753.0,73.05,26,,,0.0,0.0,0.0,20.0,No online security add-on; No device protection; Rolling month-to-month contract; Manual payment method,NO_ONLINE_SECURITY|NO_DEVICE_PROTECTION|MONTH_TO_MONTH|MANUAL_PAYMENT,OFF-CONTRACT-1Y:-1|OFF-CONTRACT-2Y:-1|OFF-SEC-12:-24|OFF-AUTOPAY:-31,OFF-CONTRACT-1Y:R3_POSITIVE_EV|OFF-CONTRACT-2Y:R3_POSITIVE_EV|OFF-SEC-12:R3_POSITIVE_EV|OFF-AUTOPAY:R3_POSITIVE_EV,no_action_needed,3,0
8709-KRDVL,treatment,0.547,above,4643.0,100.0,33,OFF-CONTRACT-2Y,2-year contract at 15% off,180.0,0.18,277.15,20.0,No tech support add-on; No online security add-on; No device protection; Rolling month-to-month contract; Manual payment method; Premium fiber plan,NO_TECH_SUPPORT|NO_ONLINE_SECURITY|NO_DEVICE_PROTECTION|MONTH_TO_MONTH|MANUAL_PAYMENT|FIBER_PREMIUM,OFF-CONTRACT-2Y:277|OFF-BUNDLE-ALL:235|OFF-CONTRACT-1Y:185|OFF-TECHSUP-12:143|OFF-SEC-12:67|OFF-AUTOPAY:42,,recommended,3,0
2159-TURXX,treatment,0.1129,below,2483.0,20.05,5,,,0.0,0.0,0.0,20.0,Rolling month-to-month contract; Under 12 months tenure; Phone-only account,MONTH_TO_MONTH|NEW_CUSTOMER|NO_INTERNET,OFF-CONTRACT-1Y:10,OFF-CONTRACT-1Y:R3_POSITIVE_EV,no_action_needed,3,0
2188-SXWVT,control,0.0642,below,4027.0,55.0,34,,,0.0,0.0,0.0,20.0,No tech support add-on; No device protection; Manual payment method,NO_TECH_SUPPORT|NO_DEVICE_PROTECTION|MANUAL_PAYMENT,OFF-TECHSUP-12:-40|OFF-AUTOPAY:-50,OFF-TECHSUP-12:R3_POSITIVE_EV|OFF-AUTOPAY:R3_POSITIVE_EV,no_action_needed,3,0
6969-MVBAI,treatment,0.7549,above,2893.0,90.1,9,OFF-CONTRACT-2Y,2-year contract at 15% off,162.18,0.18,230.93,20.0,"No tech support add-on; No online security add-on; Rolling month-to-month contract; Manual payment method; High bill, few add-ons; Under 12 months tenure; Premium fiber plan",NO_TECH_SUPPORT|NO_ONLINE_SECURITY|MONTH_TO_MONTH|MANUAL_PAYMENT|HIGH_CHARGE_LOW_BUNDLE|NEW_CUSTOMER|FIBER_PREMIUM,OFF-CONTRACT-2Y:231|OFF-BUNDLE-ALL:185|OFF-CONTRACT-1Y:154|OFF-TECHSUP-12:114|OFF-SEC-12:49|OFF-AUTOPAY:27,,recommended,3,0
6953-PBDIN,treatment,0.0767,below,6466.0,72.95,70,,,0.0,0.0,0.0,20.0,No online security add-on,NO_ONLINE_SECURITY,OFF-SEC-12:-35,OFF-SEC-12:R3_POSITIVE_EV,no_action_needed,3,0
6340-DACFT,treatment,0.01,below,4878.0,20.55,50,,,0.0,0.0,0.0,20.0,Phone-only account,NO_INTERNET,,,no_action_needed,3,0
4955-VCWBI,treatment,0.01,below,4882.0,20.0,43,,,0.0,0.0,0.0,20.0,Manual payment method; Phone-only account,MANUAL_PAYMENT|NO_INTERNET,OFF-AUTOPAY:-58,OFF-AUTOPAY:R2_MARGIN_FLOOR,no_action_needed,3,0
5702-KVQRD,treatment,0.0179,below,4668.0,82.55,71,,,0.0,0.0,0.0,20.0,Manual payment method,MANUAL_PAYMENT,OFF-AUTOPAY:-57,OFF-AUTOPAY:R3_POSITIVE_EV,no_action_needed,3,0
2257-BOVXD,treatment,0.2743,above,3516.0,66.6,14,OFF-CONTRACT-2Y,2-year contract at 15% off,119.88,0.18,53.72,20.0,No online security add-on; No device protection; Rolling month-to-month contract,NO_ONLINE_SECURITY|NO_DEVICE_PROTECTION|MONTH_TO_MONTH,OFF-CONTRACT-2Y:54|OFF-CONTRACT-1Y:36|OFF-SEC-12:-12,,recommended,3,0
8690-UPCZI,treatment,0.01,below,4459.0,69.05,29,,,0.0,0.0,0.0,20.0,No device protection,NO_DEVICE_PROTECTION,,,no_action_needed,3,0
4086-WITJG,treatment,0.01,below,4808.0,19.7,71,,,0.0,0.0,0.0,20.0,Phone-only account,NO_INTERNET,,,no_action_needed,3,0
9979-RGMZT,control,0.4849,above,5545.0,94.05,7,OFF-BUNDLE-ALL,"Tech Support + Online Security bundle, 12 months",120.51,0.14,255.92,20.0,No tech support add-on; No online security add-on; No device protection; Manual payment method; Under 12 months tenure; Premium fiber plan,NO_TECH_SUPPORT|NO_ONLINE_SECURITY|NO_DEVICE_PROTECTION|MANUAL_PAYMENT|NEW_CUSTOMER|FIBER_PREMIUM,OFF-BUNDLE-ALL:256|OFF-TECHSUP-12:155|OFF-SEC-12:74|OFF-AUTOPAY:48,,recommended,3,0
1122-YJBCS,treatment,0.0687,below,6092.0,53.65,69,,,0.0,0.0,0.0,20.0,No tech support add-on; No device protection,NO_TECH_SUPPORT|NO_DEVICE_PROTECTION,OFF-TECHSUP-12:-27,OFF-TECHSUP-12:R3_POSITIVE_EV,no_action_needed,3,0
5850-BDWCY,treatment,0.1566,below,5029.0,20.2,6,OFF-CONTRACT-2Y,2-year contract at 15% off,36.36,0.18,105.4,20.0,Rolling month-to-month contract; Manual payment method; Under 12 months tenure; Phone-only account,MONTH_TO_MONTH|MANUAL_PAYMENT|NEW_CUSTOMER|NO_INTERNET,OFF-CONTRACT-2Y:105|OFF-CONTRACT-1Y:70|OFF-AUTOPAY:-28,,recommended,3,0
1705-GUHPV,treatment,0.01,below,4948.0,24.2,63,,,0.0,0.0,0.0,20.0,Manual payment method; Phone-only account,MANUAL_PAYMENT|NO_INTERNET,OFF-AUTOPAY:-58,OFF-AUTOPAY:R2_MARGIN_FLOOR,no_action_needed,3,0
4779-ZGICK,treatment,0.01,below,5019.0,23.55,48,,,0.0,0.0,0.0,20.0,Manual payment method; Phone-only account,MANUAL_PAYMENT|NO_INTERNET,OFF-AUTOPAY:-58,OFF-AUTOPAY:R2_MARGIN_FLOOR,no_action_needed,3,0
0048-PIHNL,treatment,0.0279,below,6061.0,20.45,49,,,0.0,0.0,0.0,20.0,Phone-only account,NO_INTERNET,,,no_action_needed,3,0
3967-KXAPS,treatment,0.01,below,5136.0,92.3,72,,,0.0,0.0,0.0,20.0,,,,,no_action_needed,3,0
1395-OFUWC,treatment,0.1433,below,4741.0,29.3,43,OFF-CONTRACT-2Y,2-year contract at 15% off,52.74,0.18,69.55,20.0,No tech support add-on; No online security add-on; No device protection; Rolling month-to-month contract,NO_TECH_SUPPORT|NO_ONLINE_SECURITY|NO_DEVICE_PROTECTION|MONTH_TO_MONTH,OFF-CONTRACT-2Y:70|OFF-CONTRACT-1Y:46|OFF-TECHSUP-12:-6|OFF-BUNDLE-ALL:-25|OFF-SEC-12:-26,,recommended,3,0
6258-NGCNG,treatment,0.2331,below,5508.0,23.5,7,OFF-CONTRACT-2Y,2-year contract at 15% off,42.3,0.18,188.8,20.0,Rolling month-to-month contract; Manual payment method; Under 12 months tenure; Phone-only account,MONTH_TO_MONTH|MANUAL_PAYMENT|NEW_CUSTOMER|NO_INTERNET,OFF-CONTRACT-2Y:189|OFF-CONTRACT-1Y:126|OFF-AUTOPAY:-9,,recommended,3,0
3978-YNKDD,treatment,0.01,below,2654.0,20.85,19,,,0.0,0.0,0.0,20.0,Phone-only account,NO_INTERNET,,,no_action_needed,3,0
4940-KHCWD,treatment,0.0379,below,5148.0,37.7,60,,,0.0,0.0,0.0,20.0,No device protection,NO_DEVICE_PROTECTION,,,no_action_needed,3,0
5161-XEUVX,treatment,0.0879,below,2615.0,94.3,37,,,0.0,0.0,0.0,20.0,No online security add-on; Manual payment method; Premium fiber plan,NO_ONLINE_SECURITY|MANUAL_PAYMENT|FIBER_PREMIUM,OFF-SEC-12:-49|OFF-AUTOPAY:-51,OFF-SEC-12:R3_POSITIVE_EV|OFF-AUTOPAY:R3_POSITIVE_EV,no_action_needed,3,0
0516-OOHAR,treatment,0.0109,below,3411.0,100.35,28,,,0.0,0.0,0.0,20.0,No tech support add-on; No online security add-on; Premium fiber plan,NO_TECH_SUPPORT|NO_ONLINE_SECURITY|FIBER_PREMIUM,OFF-TECHSUP-12:-57|OFF-SEC-12:-58|OFF-BUNDLE-ALL:-115,OFF-TECHSUP-12:R3_POSITIVE_EV|OFF-SEC-12:R3_POSITIVE_EV|OFF-BUNDLE-ALL:R3_POSITIVE_EV,no_action_needed,3,0
9530-GRMJG,treatment,0.01,below,5568.0,84.1,70,,,0.0,0.0,0.0,20.0,No online security add-on; Manual payment method,NO_ONLINE_SECURITY|MANUAL_PAYMENT,OFF-SEC-12:-57|OFF-AUTOPAY:-58,OFF-SEC-12:R3_POSITIVE_EV|OFF-AUTOPAY:R3_POSITIVE_EV,no_action_needed,3,0
2061-VVFST,treatment,0.1848,below,3924.0,19.5,37,OFF-CONTRACT-2Y,2-year contract at 15% off,35.1,0.18,95.43,20.0,Rolling month-to-month contract; Phone-only account,MONTH_TO_MONTH|NO_INTERNET,OFF-CONTRACT-2Y:95|OFF-CONTRACT-1Y:64,,recommended,3,0
0749-IRGQE,treatment,0.5633,above,4118.0,45.3,13,OFF-CONTRACT-2Y,2-year contract at 15% off,81.54,0.18,336.0,20.0,No tech support add-on; No online security add-on; No device protection; Rolling month-to-month contract; Manual payment method,NO_TECH_SUPPORT|NO_ONLINE_SECURITY|NO_DEVICE_PROTECTION|MONTH_TO_MONTH|MANUAL_PAYMENT,OFF-CONTRACT-2Y:336|OFF-CONTRACT-1Y:224|OFF-BUNDLE-ALL:204|OFF-TECHSUP-12:125|OFF-SEC-12:56|OFF-AUTOPAY:33,,recommended,3,0
0164-XAIRP,treatment,0.0173,below,2511.0,19.55,24,,,0.0,0.0,0.0,20.0,Phone-only account,NO_INTERNET,,,no_action_needed,3,0
6365-HITVU,treatment,0.01,below,4135.0,87.25,71,,,0.0,0.0,0.0,20.0,,,,,no_action_needed,3,0
5245-VDBUR,treatment,0.0688,below,5509.0,35.45,52,,,0.0,0.0,0.0,20.0,No tech support add-on; Manual payment method,NO_TECH_SUPPORT|MANUAL_PAYMENT,OFF-TECHSUP-12:-30|OFF-AUTOPAY:-45,OFF-TECHSUP-12:R3_POSITIVE_EV|OFF-AUTOPAY:R3_POSITIVE_EV,no_action_needed,3,0
2369-FEVNO,treatment,0.569,above,4590.0,19.9,1,OFF-CONTRACT-1Y,1-year contract at 10% off,23.88,0.12,289.53,20.0,Rolling month-to-month contract; Manual payment method; Under 12 months tenure; Phone-only account,MONTH_TO_MONTH|MANUAL_PAYMENT|NEW_CUSTOMER|NO_INTERNET,OFF-CONTRACT-1Y:290|OFF-AUTOPAY:44,,recommended,3,0
7471-MQPOS,treatment,0.01,below,6404.0,72.9,71,,,0.0,0.0,0.0,20.0,No online security add-on,NO_ONLINE_SECURITY,OFF-SEC-12:-57,OFF-SEC-12:R3_POSITIVE_EV,no_action_needed,3,0
9572-WUKSB,treatment,0.5228,above,4416.0,29.9,3,OFF-CONTRACT-1Y,1-year contract at 10% off,35.88,0.12,241.16,20.0,No online security add-on; No device protection; Rolling month-to-month contract; Manual payment method; Under 12 months tenure,NO_ONLINE_SECURITY|NO_DEVICE_PROTECTION|MONTH_TO_MONTH|MANUAL_PAYMENT|NEW_CUSTOMER,OFF-CONTRACT-1Y:241|OFF-SEC-12:55|OFF-AUTOPAY:32,,recommended,3,0
0076-LVEPS,treatment,0.0675,below,3290.0,45.0,29,,,0.0,0.0,0.0,20.0,Rolling month-to-month contract; Manual payment method,MONTH_TO_MONTH|MANUAL_PAYMENT,OFF-CONTRACT-1Y:-27|OFF-CONTRACT-2Y:-41|OFF-AUTOPAY:-51,OFF-CONTRACT-1Y:R3_POSITIVE_EV|OFF-CONTRACT-2Y:R3_POSITIVE_EV|OFF-AUTOPAY:R3_POSITIVE_EV,no_action_needed,3,0
9867-XOBQA,treatment,0.01,below,3461.0,53.15,21,,,0.0,0.0,0.0,20.0,Manual payment method,MANUAL_PAYMENT,OFF-AUTOPAY:-59,OFF-AUTOPAY:R3_POSITIVE_EV,no_action_needed,3,0
1047-RNXZV,control,0.01,below,4871.0,19.55,43,,,0.0,0.0,0.0,20.0,Manual payment method; Phone-only account,MANUAL_PAYMENT|NO_INTERNET,OFF-AUTOPAY:-58,OFF-AUTOPAY:R2_MARGIN_FLOOR,no_action_needed,3,0
8212-DJRCH,treatment,0.2597,below,4014.0,90.35,5,OFF-TECHSUP-12,Tech Support bundled free for 12 months,60.35,0.08,23.04,20.0,No tech support add-on; Rolling month-to-month contract; Manual payment method; Under 12 months tenure; Premium fiber plan,NO_TECH_SUPPORT|MONTH_TO_MONTH|MANUAL_PAYMENT|NEW_CUSTOMER|FIBER_PREMIUM,OFF-TECHSUP-12:23|OFF-CONTRACT-1Y:17|OFF-AUTOPAY:-18,,recommended,3,0
1036-GUDCL,treatment,0.0274,below,5275.0,79.05,60,,,0.0,0.0,0.0,20.0,No device protection; Rolling month-to-month contract,NO_DEVICE_PROTECTION|MONTH_TO_MONTH,OFF-CONTRACT-1Y:-78|OFF-CONTRACT-2Y:-116,OFF-CONTRACT-1Y:R3_POSITIVE_EV|OFF-CONTRACT-2Y:R3_POSITIVE_EV,no_action_needed,3,0
8930-XOTDP,treatment,0.1393,below,2035.0,55.95,18,,,0.0,0.0,0.0,20.0,No tech support add-on; No online security add-on; No device protection; Rolling month-to-month contract; Manual payment method,NO_TECH_SUPPORT|NO_ONLINE_SECURITY|NO_DEVICE_PROTECTION|MONTH_TO_MONTH|MANUAL_PAYMENT,OFF-CONTRACT-1Y:-33|OFF-TECHSUP-12:-38|OFF-SEC-12:-46|OFF-AUTOPAY:-49|OFF-CONTRACT-2Y:-50|OFF-BUNDLE-ALL:-81,OFF-CONTRACT-1Y:R3_POSITIVE_EV|OFF-TECHSUP-12:R3_POSITIVE_EV|OFF-SEC-12:R3_POSITIVE_EV|OFF-AUTOPAY:R3_POSITIVE_EV|OFF-CONTRACT-2Y:R3_POSITIVE_EV|OFF-BUNDLE-ALL:R3_POSITIVE_EV,no_action_needed,3,0
2408-PSJVE,treatment,0.0406,below,4388.0,61.9,44,,,0.0,0.0,0.0,20.0,No online security add-on; Rolling month-to-month contract; Manual payment method,NO_ONLINE_SECURITY|MONTH_TO_MONTH|MANUAL_PAYMENT,OFF-SEC-12:-51|OFF-AUTOPAY:-53|OFF-CONTRACT-1Y:-53|OFF-CONTRACT-2Y:-79,OFF-SEC-12:R3_POSITIVE_EV|OFF-AUTOPAY:R3_POSITIVE_EV|OFF-CONTRACT-1Y:R3_POSITIVE_EV|OFF-CONTRACT-2Y:R3_POSITIVE_EV,no_action_needed,3,0
5297-MDOIR,control,0.054,below,5294.0,81.15,63,,,0.0,0.0,0.0,20.0,"No tech support add-on; High bill, few add-ons; Premium fiber plan",NO_TECH_SUPPORT|HIGH_CHARGE_LOW_BUNDLE|FIBER_PREMIUM,OFF-TECHSUP-12:-37,OFF-TECHSUP-12:R3_POSITIVE_EV,no_action_needed,3,0
6848-HJTXY,treatment,0.0363,below,5628.0,19.45,64,,,0.0,0.0,0.0,20.0,Phone-only account,NO_INTERNET,,,no_action_needed,3,0
0682-USIXD,treatment,0.4876,above,2937.0,86.05,21,OFF-CONTRACT-2Y,2-year contract at 15% off,154.89,0.18,102.88,20.0,"No online security add-on; No device protection; Rolling month-to-month contract; Manual payment method; High bill, few add-ons; Premium fiber plan",NO_ONLINE_SECURITY|NO_DEVICE_PROTECTION|MONTH_TO_MONTH|MANUAL_PAYMENT|HIGH_CHARGE_LOW_BUNDLE|FIBER_PREMIUM,OFF-CONTRACT-2Y:103|OFF-CONTRACT-1Y:69|OFF-SEC-12:11|OFF-AUTOPAY:-3,,recommended,3,0
7952-OBOYL,treatment,0.582,above,4096.0,89.85,3,OFF-CONTRACT-1Y,1-year contract at 10% off,107.82,0.12,178.24,20.0,No online security add-on; Rolling month-to-month contract; Manual payment method; Under 12 months tenure; Premium fiber plan,NO_ONLINE_SECURITY|MONTH_TO_MONTH|MANUAL_PAYMENT|NEW_CUSTOMER|FIBER_PREMIUM,OFF-CONTRACT-1Y:178|OFF-SEC-12:59|OFF-AUTOPAY:35,,recommended,3,0
1956-YIFGE,treatment,0.0261,below,3274.0,100.05,22,,,0.0,0.0,0.0,20.0,No tech support add-on; No online security add-on; Manual payment method; Premium fiber plan,NO_TECH_SUPPORT|NO_ONLINE_SECURITY|MANUAL_PAYMENT|FIBER_PREMIUM,OFF-TECHSUP-12:-54|OFF-SEC-12:-56|OFF-AUTOPAY:-57|OFF-BUNDLE-ALL:-109,OFF-TECHSUP-12:R3_POSITIVE_EV|OFF-SEC-12:R3_POSITIVE_EV|OFF-AUTOPAY:R3_POSITIVE_EV|OFF-BUNDLE-ALL:R3_POSITIVE_EV,no_action_needed,3,0
5820-PTRYM,treatment,0.0551,below,4368.0,68.45,56,,,0.0,0.0,0.0,20.0,,,,,no_action_needed,3,0
9945-PSVIP,treatment,0.01,below,2289.0,18.7,25,,,0.0,0.0,0.0,20.0,Manual payment method; Phone-only account,MANUAL_PAYMENT|NO_INTERNET,OFF-AUTOPAY:-59,OFF-AUTOPAY:R2_MARGIN_FLOOR,no_action_needed,3,0
5136-GFPMB,treatment,0.268,above,5871.0,89.4,54,OFF-CONTRACT-2Y,2-year contract at 15% off,160.92,0.18,122.3,20.0,"No tech support add-on; No online security add-on; Rolling month-to-month contract; High bill, few add-ons; Premium fiber plan",NO_TECH_SUPPORT|NO_ONLINE_SECURITY|MONTH_TO_MONTH|HIGH_CHARGE_LOW_BUNDLE|FIBER_PREMIUM,OFF-CONTRACT-2Y:122|OFF-BUNDLE-ALL:100|OFF-CONTRACT-1Y:82|OFF-TECHSUP-12:66|OFF-SEC-12:19,,recommended,3,0
2758-RNWXS,control,0.1126,below,4446.0,89.2,35,,,0.0,0.0,0.0,20.0,No device protection; Manual payment method; Premium fiber plan,NO_DEVICE_PROTECTION|MANUAL_PAYMENT|FIBER_PREMIUM,OFF-AUTOPAY:-40,OFF-AUTOPAY:R3_POSITIVE_EV,no_action_needed,3,0
3454-JFUBC,control,0.01,below,6136.0,20.0,68,,,0.0,0.0,0.0,20.0,Phone-only account,NO_INTERNET,,,no_action_needed,3,0
9013-AQORL,treatment,0.108,below,4106.0,45.55,48,,,0.0,0.0,0.0,20.0,No tech support add-on; No online security add-on; Rolling month-to-month contract,NO_TECH_SUPPORT|NO_ONLINE_SECURITY|MONTH_TO_MONTH,OFF-CONTRACT-1Y:-1|OFF-CONTRACT-2Y:-2|OFF-TECHSUP-12:-25|OFF-SEC-12:-38|OFF-BUNDLE-ALL:-58,OFF-CONTRACT-1Y:R3_POSITIVE_EV|OFF-CONTRACT-2Y:R3_POSITIVE_EV|OFF-TECHSUP-12:R3_POSITIVE_EV|OFF-SEC-12:R3_POSITIVE_EV|OFF-BUNDLE-ALL:R2_MARGIN_FLOOR,no_action_needed,3,0
2750-BJLSB,treatment,0.2425,below,4543.0,103.7,47,,,0.0,0.0,0.0,20.0,Manual payment method; Premium fiber plan,MANUAL_PAYMENT|FIBER_PREMIUM,OFF-AUTOPAY:-16,OFF-AUTOPAY:R3_POSITIVE_EV,no_action_needed,3,0
9588-YRFHY,treatment,0.01,below,5240.0,19.9,49,,,0.0,0.0,0.0,20.0,Phone-only account,NO_INTERNET,,,no_action_needed,3,0
9364-YKUVW,treatment,0.2392,below,2681.0,19.8,15,OFF-CONTRACT-2Y,2-year contract at 15% off,35.64,0.18,79.79,20.0,Rolling month-to-month contract; Manual payment method; Phone-only account,MONTH_TO_MONTH|MANUAL_PAYMENT|NO_INTERNET,OFF-CONTRACT-2Y:80|OFF-CONTRACT-1Y:53|OFF-AUTOPAY:-34,,recommended,3,0
1264-FUHCX,treatment,0.2338,below,5913.0,56.3,49,,,0.0,0.0,0.0,20.0,No online security add-on; No device protection,NO_ONLINE_SECURITY|NO_DEVICE_PROTECTION,OFF-SEC-12:9,OFF-SEC-12:R3_POSITIVE_EV,no_action_needed,3,0
7789-CRUVC,control,0.0857,below,5274.0,94.2,61,,,0.0,0.0,0.0,20.0,Rolling month-to-month contract; Premium fiber plan,MONTH_TO_MONTH|FIBER_PREMIUM,OFF-CONTRACT-1Y:-59|OFF-CONTRACT-2Y:-88,OFF-CONTRACT-1Y:R3_POSITIVE_EV|OFF-CONTRACT-2Y:R3_POSITIVE_EV,no_action_needed,3,0
9972-VAFJJ,treatment,0.22,below,6355.0,94.0,53,,,0.0,0.0,0.0,20.0,No online security add-on; Manual payment method; Premium fiber plan,NO_ONLINE_SECURITY|MANUAL_PAYMENT|FIBER_PREMIUM,OFF-SEC-12:10|OFF-AUTOPAY:-4,OFF-SEC-12:R3_POSITIVE_EV|OFF-AUTOPAY:R3_POSITIVE_EV,no_action_needed,3,0
0422-UXFAP,treatment,0.3799,above,6034.0,98.85,51,OFF-BUNDLE-ALL,"Tech Support + Online Security bundle, 12 months",120.51,0.14,200.41,20.0,No tech support add-on; No online security add-on; Manual payment method; Premium fiber plan,NO_TECH_SUPPORT|NO_ONLINE_SECURITY|MANUAL_PAYMENT|FIBER_PREMIUM,OFF-BUNDLE-ALL:200|OFF-TECHSUP-12:123|OFF-SEC-12:54|OFF-AUTOPAY:32,,recommended,3,0
2843-CQMEG,treatment,0.1945,below,2911.0,49.7,24,,,0.0,0.0,0.0,20.0,No tech support add-on; No online security add-on; No device protection; Rolling month-to-month contract; Manual payment method,NO_TECH_SUPPORT|NO_ONLINE_SECURITY|NO_DEVICE_PROTECTION|MONTH_TO_MONTH|MANUAL_PAYMENT,OFF-CONTRACT-2Y:12|OFF-CONTRACT-1Y:8|OFF-TECHSUP-12:-15|OFF-SEC-12:-32|OFF-AUTOPAY:-37|OFF-BUNDLE-ALL:-41,OFF-CONTRACT-2Y:R3_POSITIVE_EV|OFF-CONTRACT-1Y:R3_POSITIVE_EV|OFF-TECHSUP-12:R3_POSITIVE_EV|OFF-SEC-12:R3_POSITIVE_EV|OFF-AUTOPAY:R3_POSITIVE_EV|OFF-BUNDLE-ALL:R2_MARGIN_FLOOR,no_action_needed,3,0
5351-QESIO,treatment,0.3336,above,4276.0,24.2,1,OFF-CONTRACT-1Y,1-year contract at 10% off,29.04,0.12,142.14,20.0,No tech support add-on; No online security add-on; No device protection; Rolling month-to-month contract; Manual payment method; Under 12 months tenure,NO_TECH_SUPPORT|NO_ONLINE_SECURITY|NO_DEVICE_PROTECTION|MONTH_TO_MONTH|MANUAL_PAYMENT|NEW_CUSTOMER,OFF-CONTRACT-1Y:142|OFF-BUNDLE-ALL:79|OFF-TECHSUP-12:54|OFF-SEC-12:11|OFF-AUTOPAY:-3,,recommended,3,0
6967-PEJLL,treatment,0.0109,below,2308.0,40.2,37,,,0.0,0.0,0.0,20.0,Manual payment method,MANUAL_PAYMENT,OFF-AUTOPAY:-59,OFF-AUTOPAY:R3_POSITIVE_EV,no_action_needed,3,0
0052-YNYOT,treatment,0.0209,below,5462.0,20.55,67,,,0.0,0.0,0.0,20.0,Manual payment method; Phone-only account,MANUAL_PAYMENT|NO_INTERNET,OFF-AUTOPAY:-55,OFF-AUTOPAY:R2_MARGIN_FLOOR,no_action_needed,3,0
9586-JGQKH,control,0.0888,below,4512.0,105.4,64,,,0.0,0.0,0.0,20.0,No online security add-on; No device protection; Premium fiber plan,NO_ONLINE_SECURITY|NO_DEVICE_PROTECTION|FIBER_PREMIUM,OFF-SEC-12:-40,OFF-SEC-12:R3_POSITIVE_EV,no_action_needed,3,0
1471-GIQKQ,treatment,0.3553,above,5230.0,49.95,1,OFF-CONTRACT-1Y,1-year contract at 10% off,59.94,0.12,163.05,20.0,No tech support add-on; No online security add-on; No device protection; Rolling month-to-month contract; Manual payment method; Under 12 months tenure,NO_TECH_SUPPORT|NO_ONLINE_SECURITY|NO_DEVICE_PROTECTION|MONTH_TO_MONTH|MANUAL_PAYMENT|NEW_CUSTOMER,OFF-CONTRACT-1Y:163|OFF-BUNDLE-ALL:140|OFF-TECHSUP-12:88|OFF-SEC-12:33|OFF-AUTOPAY:14,,recommended,3,0
1035-IPQPU,treatment,0.3098,above,5187.0,103.5,63,OFF-BUNDLE-ALL,"Tech Support + Online Security bundle, 12 months",120.51,0.14,104.46,20.0,No tech support add-on; No online security add-on; Rolling month-to-month contract; Manual payment method; Premium fiber plan,NO_TECH_SUPPORT|NO_ONLINE_SECURITY|MONTH_TO_MONTH|MANUAL_PAYMENT|FIBER_PREMIUM,OFF-BUNDLE-ALL:104|OFF-CONTRACT-2Y:103|OFF-CONTRACT-1Y:69|OFF-TECHSUP-12:68|OFF-SEC-12:20|OFF-AUTOPAY:4,,recommended,3,0
7398-LXGYX,treatment,0.3121,above,2770.0,84.8,44,,,0.0,0.0,0.0,20.0,"No tech support add-on; Rolling month-to-month contract; High bill, few add-ons; Premium fiber plan",NO_TECH_SUPPORT|MONTH_TO_MONTH|HIGH_CHARGE_LOW_BUNDLE|FIBER_PREMIUM,OFF-TECHSUP-12:9|OFF-CONTRACT-2Y:3|OFF-CONTRACT-1Y:2,OFF-TECHSUP-12:R3_POSITIVE_EV|OFF-CONTRACT-2Y:R3_POSITIVE_EV|OFF-CONTRACT-1Y:R3_POSITIVE_EV,review_no_profitable_offer,3,0
9767-FFLEM,treatment,0.4021,above,4591.0,69.5,38,OFF-CONTRACT-2Y,2-year contract at 15% off,125.1,0.18,207.19,20.0,No tech support add-on; No online security add-on; No device protection; Rolling month-to-month contract; Premium fiber plan,NO_TECH_SUPPORT|NO_ONLINE_SECURITY|NO_DEVICE_PROTECTION|MONTH_TO_MONTH|FIBER_PREMIUM,OFF-CONTRACT-2Y:207|OFF-CONTRACT-1Y:138|OFF-BUNDLE-ALL:138|OFF-TECHSUP-12:87|OFF-SEC-12:32,,recommended,3,0
7750-EYXWZ,treatment,0.1751,below,3740.0,60.65,12,,,0.0,0.0,0.0,20.0,No online security add-on; Manual payment method,NO_ONLINE_SECURITY|MANUAL_PAYMENT,OFF-SEC-12:-27|OFF-AUTOPAY:-34,OFF-SEC-12:R3_POSITIVE_EV|OFF-AUTOPAY:R3_POSITIVE_EV,no_action_needed,3,0
